date,asset,asset_type,decision,confidence,price
2026-01-19 18:58,AAPL,Stock,BUY,12,255.53
2026-01-19 18:58,MSFT,Stock,SELL,19,459.86
2026-01-19 18:58,NVDA,Stock,BUY,10,186.23
2026-01-19 18:58,AMZN,Stock,BUY,23,239.12
2026-01-19 18:58,GOOGL,Stock,BUY,33,330.0
2026-01-19 18:58,GOOG,Stock,BUY,33,330.34
2026-01-19 18:58,TSLA,Stock,BUY,14,437.5
2026-01-19 18:58,META,Stock,SELL,31,620.25
2026-01-19 18:58,ADBE,Stock,SELL,23,296.12
2026-01-19 18:58,AMD,Stock,BUY,26,231.83
2026-01-19 18:58,INTC,Stock,BUY,25,46.96
2026-01-19 18:58,CSCO,Stock,SELL,10,75.19
2026-01-19 18:59,QCOM,Stock,HOLD,0,159.42
2026-01-19 18:59,CRM,Stock,SELL,14,227.11
2026-01-19 18:59,AVGO,Stock,BUY,10,351.71
2026-01-19 18:59,ORCL,Stock,SELL,11,191.09
2026-01-19 18:59,IBM,Stock,BUY,16,305.67
2026-01-19 18:59,TXN,Stock,BUY,25,191.58
2026-01-19 18:59,AMGN,Stock,SELL,11,330.41
2026-01-19 18:59,HON,Stock,BUY,50,219.39
2026-01-19 18:59,PEP,Stock,SELL,10,146.32
2026-01-19 18:59,KO,Stock,BUY,23,70.44
2026-01-19 18:59,MCD,Stock,BUY,24,307.43
2026-01-19 18:59,WMT,Stock,BUY,28,119.7
2026-01-19 18:59,CAT,Stock,BUY,25,646.89
2026-01-19 18:59,JNJ,Stock,BUY,33,218.66
2026-01-19 18:59,V,Stock,SELL,12,328.3
2026-01-19 18:59,HD,Stock,BUY,36,380.17
2026-01-19 18:59,BAC,Stock,BUY,14,52.97
2026-01-19 18:59,JPM,Stock,BUY,14,312.47
2026-01-19 18:59,UNH,Stock,BUY,13,331.02
2026-01-19 18:59,CVX,Stock,BUY,22,166.26
2026-01-19 18:59,XOM,Stock,BUY,22,129.89
2026-01-19 18:59,NFLX,Stock,SELL,13,88.0
2026-01-19 18:59,LMT,Stock,BUY,43,582.43
2026-01-19 18:59,BLK,Stock,BUY,30,1163.17
2026-01-19 18:59,SPGI,Stock,BUY,33,546.35
2026-01-19 18:59,MS,Stock,BUY,29,189.09
2026-01-19 18:59,RTX,Stock,BUY,26,201.92
2026-01-19 18:59,SPY,ETF,BUY,26,691.66
2026-01-19 18:59,VOO,ETF,BUY,13,636.09
2026-01-19 18:59,IVV,ETF,BUY,26,694.66
2026-01-19 18:59,VTI,ETF,BUY,28,341.85
2026-01-19 18:59,QQQ,ETF,BUY,13,621.26
2026-01-19 18:59,VUG,ETF,BUY,13,485.09
2026-01-19 18:59,VEA,ETF,BUY,25,65.14
2026-01-19 18:59,VTV,ETF,BUY,28,198.37
2026-01-19 18:59,IEFA,ETF,BUY,22,92.75
2026-01-19 18:59,AGG,ETF,SELL,11,100.05
2026-01-19 18:59,IEMG,ETF,BUY,22,70.92
2026-01-19 18:59,IJH,ETF,BUY,22,70.06
2026-01-19 18:59,IJR,ETF,BUY,30,128.62
2026-01-19 18:59,VIG,ETF,BUY,25,225.64
2026-01-19 18:59,VYM,ETF,BUY,25,148.87
2026-01-19 18:59,SCHD,ETF,BUY,21,28.9
2026-01-19 18:59,XLK,ETF,BUY,12,145.62
2026-01-19 18:59,VT,ETF,BUY,28,144.93
2026-01-19 18:59,ACWI,ETF,BUY,27,145.0
2026-01-19 19:14,AAPL,Stock,BUY,12,255.53
2026-01-19 19:14,MSFT,Stock,SELL,19,459.86
2026-01-19 19:14,NVDA,Stock,BUY,10,186.23
2026-01-19 19:14,AMZN,Stock,BUY,23,239.12
2026-01-19 19:14,GOOGL,Stock,BUY,33,330.0
2026-01-19 19:14,GOOG,Stock,BUY,33,330.34
2026-01-19 19:14,TSLA,Stock,BUY,14,437.5
2026-01-19 19:14,META,Stock,SELL,31,620.25
2026-01-19 19:14,ADBE,Stock,SELL,23,296.12
2026-01-19 19:14,AMD,Stock,BUY,26,231.83
2026-01-19 19:14,INTC,Stock,BUY,25,46.96
2026-01-19 19:14,CSCO,Stock,SELL,10,75.19
2026-01-19 19:14,QCOM,Stock,HOLD,0,159.42
2026-01-19 19:14,CRM,Stock,SELL,14,227.11
2026-01-19 19:14,AVGO,Stock,BUY,10,351.71
2026-01-19 19:14,ORCL,Stock,SELL,11,191.09
2026-01-19 19:14,IBM,Stock,BUY,16,305.67
2026-01-19 19:14,TXN,Stock,BUY,25,191.58
2026-01-19 19:14,AMGN,Stock,SELL,11,330.41
2026-01-19 19:14,HON,Stock,BUY,50,219.39
2026-01-19 19:14,PEP,Stock,SELL,10,146.32
2026-01-19 19:14,KO,Stock,BUY,23,70.44
2026-01-19 19:14,MCD,Stock,BUY,24,307.43
2026-01-19 19:14,WMT,Stock,BUY,28,119.7
2026-01-19 19:14,CAT,Stock,BUY,25,646.89
2026-01-19 19:14,JNJ,Stock,BUY,33,218.66
2026-01-19 19:14,V,Stock,SELL,12,328.3
2026-01-19 19:14,HD,Stock,BUY,36,380.17
2026-01-19 19:14,BAC,Stock,BUY,14,52.97
2026-01-19 19:14,JPM,Stock,BUY,14,312.47
2026-01-19 19:14,UNH,Stock,BUY,13,331.02
2026-01-19 19:14,CVX,Stock,BUY,22,166.26
2026-01-19 19:14,XOM,Stock,BUY,22,129.89
2026-01-19 19:14,NFLX,Stock,SELL,13,88.0
2026-01-19 19:14,LMT,Stock,BUY,43,582.43
2026-01-19 19:14,BLK,Stock,BUY,30,1163.17
2026-01-19 19:14,SPGI,Stock,BUY,33,546.35
2026-01-19 19:14,MS,Stock,BUY,29,189.09
2026-01-19 19:14,RTX,Stock,BUY,26,201.92
2026-01-19 19:14,SPY,ETF,BUY,26,691.66
2026-01-19 19:14,VOO,ETF,BUY,13,636.09
2026-01-19 19:14,IVV,ETF,BUY,26,694.66
2026-01-19 19:14,VTI,ETF,BUY,28,341.85
2026-01-19 19:14,QQQ,ETF,BUY,13,621.26
2026-01-19 19:14,VUG,ETF,BUY,13,485.09
2026-01-19 19:14,VEA,ETF,BUY,25,65.14
2026-01-19 19:14,VTV,ETF,BUY,28,198.37
2026-01-19 19:14,IEFA,ETF,BUY,22,92.75
2026-01-19 19:14,AGG,ETF,SELL,11,100.05
2026-01-19 19:14,IEMG,ETF,BUY,22,70.92
2026-01-19 19:14,IJH,ETF,BUY,22,70.06
2026-01-19 19:14,IJR,ETF,BUY,30,128.62
2026-01-19 19:14,VIG,ETF,BUY,25,225.64
2026-01-19 19:14,VYM,ETF,BUY,25,148.87
2026-01-19 19:14,SCHD,ETF,BUY,21,28.9
2026-01-19 19:14,XLK,ETF,BUY,12,145.62
2026-01-19 19:14,VT,ETF,BUY,28,144.93
2026-01-19 19:14,ACWI,ETF,BUY,27,145.0
2026-01-19 19:15,AAPL,Stock,BUY,12,255.53
2026-01-19 19:15,MSFT,Stock,SELL,19,459.86
2026-01-19 19:15,NVDA,Stock,BUY,10,186.23
2026-01-19 19:15,AMZN,Stock,BUY,23,239.12
2026-01-19 19:15,GOOGL,Stock,BUY,33,330.0
2026-01-19 19:15,GOOG,Stock,BUY,33,330.34
2026-01-19 19:15,TSLA,Stock,BUY,14,437.5
2026-01-19 19:15,META,Stock,SELL,31,620.25
2026-01-19 19:15,ADBE,Stock,SELL,23,296.12
2026-01-19 19:15,AMD,Stock,BUY,26,231.83
2026-01-19 19:15,INTC,Stock,BUY,25,46.96
2026-01-19 19:15,CSCO,Stock,SELL,10,75.19
2026-01-19 19:15,QCOM,Stock,HOLD,0,159.42
2026-01-19 19:15,CRM,Stock,SELL,14,227.11
2026-01-19 19:15,AVGO,Stock,BUY,10,351.71
2026-01-19 19:16,ORCL,Stock,SELL,11,191.09
2026-01-19 19:16,IBM,Stock,BUY,16,305.67
2026-01-19 19:16,TXN,Stock,BUY,25,191.58
2026-01-19 19:16,AMGN,Stock,SELL,11,330.41
2026-01-19 19:16,HON,Stock,BUY,50,219.39
2026-01-19 19:16,PEP,Stock,SELL,10,146.32
2026-01-19 19:16,KO,Stock,BUY,23,70.44
2026-01-19 19:16,MCD,Stock,BUY,24,307.43
2026-01-19 19:16,WMT,Stock,BUY,28,119.7
2026-01-19 19:16,CAT,Stock,BUY,25,646.89
2026-01-19 19:16,JNJ,Stock,BUY,33,218.66
2026-01-19 19:16,V,Stock,SELL,12,328.3
2026-01-19 19:16,HD,Stock,BUY,36,380.17
2026-01-19 19:16,BAC,Stock,BUY,14,52.97
2026-01-19 19:16,JPM,Stock,BUY,14,312.47
2026-01-19 19:16,UNH,Stock,BUY,13,331.02
2026-01-19 19:16,CVX,Stock,BUY,22,166.26
2026-01-19 19:16,XOM,Stock,BUY,22,129.89
2026-01-19 19:16,NFLX,Stock,SELL,13,88.0
2026-01-19 19:16,LMT,Stock,BUY,43,582.43
2026-01-19 19:16,BLK,Stock,BUY,30,1163.17
2026-01-19 19:16,SPGI,Stock,BUY,33,546.35
2026-01-19 19:16,MS,Stock,BUY,29,189.09
2026-01-19 19:16,RTX,Stock,BUY,26,201.92
2026-01-19 19:16,SPY,ETF,BUY,26,691.66
2026-01-19 19:16,VOO,ETF,BUY,13,636.09
2026-01-19 19:16,IVV,ETF,BUY,26,694.66
2026-01-19 19:16,VTI,ETF,BUY,28,341.85
2026-01-19 19:16,QQQ,ETF,BUY,13,621.26
2026-01-19 19:16,VUG,ETF,BUY,13,485.09
2026-01-19 19:16,VEA,ETF,BUY,25,65.14
2026-01-19 19:16,VTV,ETF,BUY,28,198.37
2026-01-19 19:16,IEFA,ETF,BUY,22,92.75
2026-01-19 19:16,AGG,ETF,SELL,11,100.05
2026-01-19 19:16,IEMG,ETF,BUY,22,70.92
2026-01-19 19:16,IJH,ETF,BUY,22,70.06
2026-01-19 19:16,IJR,ETF,BUY,30,128.62
2026-01-19 19:16,VIG,ETF,BUY,25,225.64
2026-01-19 19:16,VYM,ETF,BUY,25,148.87
2026-01-19 19:16,SCHD,ETF,BUY,21,28.9
2026-01-19 19:16,XLK,ETF,BUY,12,145.62
2026-01-19 19:16,VT,ETF,BUY,28,144.93
2026-01-19 19:16,ACWI,ETF,BUY,27,145.0
2026-01-19 20:17,AAPL,Stock,BUY,12,255.53
2026-01-19 20:17,MSFT,Stock,SELL,19,459.86
2026-01-19 20:17,NVDA,Stock,BUY,10,186.23
2026-01-19 20:17,AMZN,Stock,BUY,23,239.12
2026-01-19 20:17,GOOGL,Stock,BUY,33,330.0
2026-01-19 20:17,GOOG,Stock,BUY,33,330.34
2026-01-19 20:17,TSLA,Stock,BUY,14,437.5
2026-01-19 20:17,META,Stock,SELL,31,620.25
2026-01-19 20:17,ADBE,Stock,SELL,23,296.12
2026-01-19 20:17,AMD,Stock,BUY,26,231.83
2026-01-19 20:17,INTC,Stock,BUY,25,46.96
2026-01-19 20:17,CSCO,Stock,SELL,10,75.19
2026-01-19 20:17,QCOM,Stock,HOLD,0,159.42
2026-01-19 20:17,CRM,Stock,SELL,14,227.11
2026-01-19 20:17,AVGO,Stock,BUY,10,351.71
2026-01-19 20:17,ORCL,Stock,SELL,11,191.09
2026-01-19 20:17,IBM,Stock,BUY,16,305.67
2026-01-19 20:17,TXN,Stock,BUY,25,191.58
2026-01-19 20:17,AMGN,Stock,SELL,11,330.41
2026-01-19 20:17,HON,Stock,BUY,50,219.39
2026-01-19 20:17,PEP,Stock,SELL,10,146.32
2026-01-19 20:17,KO,Stock,BUY,23,70.44
2026-01-19 20:17,MCD,Stock,BUY,24,307.43
2026-01-19 20:17,WMT,Stock,BUY,28,119.7
2026-01-19 20:17,CAT,Stock,BUY,25,646.89
2026-01-19 20:17,JNJ,Stock,BUY,33,218.66
2026-01-19 20:17,V,Stock,SELL,12,328.3
2026-01-19 20:17,HD,Stock,BUY,36,380.17
2026-01-19 20:17,BAC,Stock,BUY,14,52.97
2026-01-19 20:17,JPM,Stock,BUY,14,312.47
2026-01-19 20:17,UNH,Stock,BUY,13,331.02
2026-01-19 20:17,CVX,Stock,BUY,22,166.26
2026-01-19 20:17,XOM,Stock,BUY,22,129.89
2026-01-19 20:17,NFLX,Stock,SELL,13,88.0
2026-01-19 20:17,LMT,Stock,BUY,43,582.43
2026-01-19 20:17,BLK,Stock,BUY,30,1163.17
2026-01-19 20:17,SPGI,Stock,BUY,33,546.35
2026-01-19 20:17,MS,Stock,BUY,29,189.09
2026-01-19 20:17,RTX,Stock,BUY,26,201.92
2026-01-19 20:17,SPY,ETF,BUY,26,691.66
2026-01-19 20:17,VOO,ETF,BUY,13,636.09
2026-01-19 20:17,IVV,ETF,BUY,26,694.66
2026-01-19 20:17,VTI,ETF,BUY,28,341.85
2026-01-19 20:17,QQQ,ETF,BUY,13,621.26
2026-01-19 20:17,VUG,ETF,BUY,13,485.09
2026-01-19 20:17,VEA,ETF,BUY,25,65.14
2026-01-19 20:17,VTV,ETF,BUY,28,198.37
2026-01-19 20:17,IEFA,ETF,BUY,22,92.75
2026-01-19 20:17,AGG,ETF,SELL,11,100.05
2026-01-19 20:17,IEMG,ETF,BUY,22,70.92
2026-01-19 20:17,IJH,ETF,BUY,22,70.06
2026-01-19 20:17,IJR,ETF,BUY,30,128.62
2026-01-19 20:17,VIG,ETF,BUY,25,225.64
2026-01-19 20:17,VYM,ETF,BUY,25,148.87
2026-01-19 20:17,SCHD,ETF,BUY,21,28.9
2026-01-19 20:17,XLK,ETF,BUY,12,145.62
2026-01-19 20:17,VT,ETF,BUY,28,144.93
2026-01-19 20:17,ACWI,ETF,BUY,27,145.0
2026-01-19 21:14,AAPL,Stock,BUY,12,255.53
2026-01-19 21:14,MSFT,Stock,SELL,19,459.86
2026-01-19 21:14,NVDA,Stock,BUY,10,186.23
2026-01-19 21:14,AMZN,Stock,BUY,23,239.12
2026-01-19 21:14,GOOGL,Stock,BUY,33,330.0
2026-01-19 21:14,GOOG,Stock,BUY,33,330.34
2026-01-19 21:14,TSLA,Stock,BUY,14,437.5
2026-01-19 21:14,META,Stock,SELL,31,620.25
2026-01-19 21:14,ADBE,Stock,SELL,23,296.12
2026-01-19 21:14,AMD,Stock,BUY,26,231.83
2026-01-19 21:14,INTC,Stock,BUY,25,46.96
2026-01-19 21:14,CSCO,Stock,SELL,10,75.19
2026-01-19 21:14,QCOM,Stock,HOLD,0,159.42
2026-01-19 21:14,CRM,Stock,SELL,14,227.11
2026-01-19 21:14,AVGO,Stock,BUY,10,351.71
2026-01-19 21:14,ORCL,Stock,SELL,11,191.09
2026-01-19 21:14,IBM,Stock,BUY,16,305.67
2026-01-19 21:14,TXN,Stock,BUY,25,191.58
2026-01-19 21:14,AMGN,Stock,SELL,11,330.41
2026-01-19 21:14,HON,Stock,BUY,50,219.39
2026-01-19 21:14,PEP,Stock,SELL,10,146.32
2026-01-19 21:14,KO,Stock,BUY,23,70.44
2026-01-19 21:14,MCD,Stock,BUY,24,307.43
2026-01-19 21:14,WMT,Stock,BUY,28,119.7
2026-01-19 21:14,CAT,Stock,BUY,25,646.89
2026-01-19 21:14,JNJ,Stock,BUY,33,218.66
2026-01-19 21:14,V,Stock,SELL,12,328.3
2026-01-19 21:14,HD,Stock,BUY,36,380.17
2026-01-19 21:14,BAC,Stock,BUY,14,52.97
2026-01-19 21:14,JPM,Stock,BUY,14,312.47
2026-01-19 21:14,UNH,Stock,BUY,13,331.02
2026-01-19 21:14,CVX,Stock,BUY,22,166.26
2026-01-19 21:14,XOM,Stock,BUY,22,129.89
2026-01-19 21:14,NFLX,Stock,SELL,13,88.0
2026-01-19 21:14,LMT,Stock,BUY,43,582.43
2026-01-19 21:14,BLK,Stock,BUY,30,1163.17
2026-01-19 21:14,SPGI,Stock,BUY,33,546.35
2026-01-19 21:14,MS,Stock,BUY,29,189.09
2026-01-19 21:14,RTX,Stock,BUY,26,201.92
2026-01-19 21:14,SPY,ETF,BUY,26,691.66
2026-01-19 21:14,VOO,ETF,BUY,13,636.09
2026-01-19 21:14,IVV,ETF,BUY,26,694.66
2026-01-19 21:14,VTI,ETF,BUY,28,341.85
2026-01-19 21:14,QQQ,ETF,BUY,13,621.26
2026-01-19 21:14,VUG,ETF,BUY,13,485.09
2026-01-19 21:14,VEA,ETF,BUY,25,65.14
2026-01-19 21:14,VTV,ETF,BUY,28,198.37
2026-01-19 21:14,IEFA,ETF,BUY,22,92.75
2026-01-19 21:14,AGG,ETF,SELL,11,100.05
2026-01-19 21:14,IEMG,ETF,BUY,22,70.92
2026-01-19 21:14,IJH,ETF,BUY,22,70.06
2026-01-19 21:14,IJR,ETF,BUY,30,128.62
2026-01-19 21:14,VIG,ETF,BUY,25,225.64
2026-01-19 21:14,VYM,ETF,BUY,25,148.87
2026-01-19 21:14,SCHD,ETF,BUY,21,28.9
2026-01-19 21:14,XLK,ETF,BUY,12,145.62
2026-01-19 21:14,VT,ETF,BUY,28,144.93
2026-01-19 21:14,ACWI,ETF,BUY,27,145.0
2026-01-19 22:15,AAPL,Stock,BUY,12,255.53
2026-01-19 22:15,MSFT,Stock,SELL,19,459.86
2026-01-19 22:15,NVDA,Stock,BUY,10,186.23
2026-01-19 22:15,AMZN,Stock,BUY,23,239.12
2026-01-19 22:15,GOOGL,Stock,BUY,33,330.0
2026-01-19 22:15,GOOG,Stock,BUY,33,330.34
2026-01-19 22:15,TSLA,Stock,BUY,14,437.5
2026-01-19 22:15,META,Stock,SELL,31,620.25
2026-01-19 22:15,ADBE,Stock,SELL,23,296.12
2026-01-19 22:15,AMD,Stock,BUY,26,231.83
2026-01-19 22:15,INTC,Stock,BUY,25,46.96
2026-01-19 22:15,CSCO,Stock,SELL,10,75.19
2026-01-19 22:15,QCOM,Stock,HOLD,0,159.42
2026-01-19 22:15,CRM,Stock,SELL,14,227.11
2026-01-19 22:15,AVGO,Stock,BUY,10,351.71
2026-01-19 22:15,ORCL,Stock,SELL,11,191.09
2026-01-19 22:15,IBM,Stock,BUY,16,305.67
2026-01-19 22:15,TXN,Stock,BUY,25,191.58
2026-01-19 22:15,AMGN,Stock,SELL,11,330.41
2026-01-19 22:15,HON,Stock,BUY,50,219.39
2026-01-19 22:15,PEP,Stock,SELL,10,146.32
2026-01-19 22:15,KO,Stock,BUY,23,70.44
2026-01-19 22:15,MCD,Stock,BUY,24,307.43
2026-01-19 22:15,WMT,Stock,BUY,28,119.7
2026-01-19 22:15,CAT,Stock,BUY,25,646.89
2026-01-19 22:15,JNJ,Stock,BUY,33,218.66
2026-01-19 22:15,V,Stock,SELL,12,328.3
2026-01-19 22:15,HD,Stock,BUY,36,380.17
2026-01-19 22:15,BAC,Stock,BUY,14,52.97
2026-01-19 22:15,JPM,Stock,BUY,14,312.47
2026-01-19 22:15,UNH,Stock,BUY,13,331.02
2026-01-19 22:15,CVX,Stock,BUY,22,166.26
2026-01-19 22:15,XOM,Stock,BUY,22,129.89
2026-01-19 22:15,NFLX,Stock,SELL,13,88.0
2026-01-19 22:15,LMT,Stock,BUY,43,582.43
2026-01-19 22:15,BLK,Stock,BUY,30,1163.17
2026-01-19 22:15,SPGI,Stock,BUY,33,546.35
2026-01-19 22:15,MS,Stock,BUY,29,189.09
2026-01-19 22:15,RTX,Stock,BUY,26,201.92
2026-01-19 22:15,SPY,ETF,BUY,26,691.66
2026-01-19 22:15,VOO,ETF,BUY,13,636.09
2026-01-19 22:15,IVV,ETF,BUY,26,694.66
2026-01-19 22:15,VTI,ETF,BUY,28,341.85
2026-01-19 22:15,QQQ,ETF,BUY,13,621.26
2026-01-19 22:15,VUG,ETF,BUY,13,485.09
2026-01-19 22:15,VEA,ETF,BUY,25,65.14
2026-01-19 22:15,VTV,ETF,BUY,28,198.37
2026-01-19 22:15,IEFA,ETF,BUY,22,92.75
2026-01-19 22:15,AGG,ETF,SELL,11,100.05
2026-01-19 22:15,IEMG,ETF,BUY,22,70.92
2026-01-19 22:15,IJH,ETF,BUY,22,70.06
2026-01-19 22:15,IJR,ETF,BUY,30,128.62
2026-01-19 22:15,VIG,ETF,BUY,25,225.64
2026-01-19 22:15,VYM,ETF,BUY,25,148.87
2026-01-19 22:15,SCHD,ETF,BUY,21,28.9
2026-01-19 22:15,XLK,ETF,BUY,12,145.62
2026-01-19 22:15,VT,ETF,BUY,28,144.93
2026-01-19 22:15,ACWI,ETF,BUY,27,145.0
2026-01-19 23:15,AAPL,Stock,BUY,12,255.53
2026-01-19 23:15,MSFT,Stock,SELL,19,459.86
2026-01-19 23:15,NVDA,Stock,BUY,10,186.23
2026-01-19 23:15,AMZN,Stock,BUY,23,239.12
2026-01-19 23:15,GOOGL,Stock,BUY,33,330.0
2026-01-19 23:15,GOOG,Stock,BUY,33,330.34
2026-01-19 23:15,TSLA,Stock,BUY,14,437.5
2026-01-19 23:15,META,Stock,SELL,31,620.25
2026-01-19 23:15,ADBE,Stock,SELL,23,296.12
2026-01-19 23:15,AMD,Stock,BUY,26,231.83
2026-01-19 23:15,INTC,Stock,BUY,25,46.96
2026-01-19 23:15,CSCO,Stock,SELL,10,75.19
2026-01-19 23:15,QCOM,Stock,HOLD,0,159.42
2026-01-19 23:15,CRM,Stock,SELL,14,227.11
2026-01-19 23:15,AVGO,Stock,BUY,10,351.71
2026-01-19 23:15,ORCL,Stock,SELL,11,191.09
2026-01-19 23:15,IBM,Stock,BUY,16,305.67
2026-01-19 23:15,TXN,Stock,BUY,25,191.58
2026-01-19 23:15,AMGN,Stock,SELL,11,330.41
2026-01-19 23:15,HON,Stock,BUY,50,219.39
2026-01-19 23:15,PEP,Stock,SELL,10,146.32
2026-01-19 23:15,KO,Stock,BUY,23,70.44
2026-01-19 23:15,MCD,Stock,BUY,24,307.43
2026-01-19 23:15,WMT,Stock,BUY,28,119.7
2026-01-19 23:15,CAT,Stock,BUY,25,646.89
2026-01-19 23:15,JNJ,Stock,BUY,33,218.66
2026-01-19 23:15,V,Stock,SELL,12,328.3
2026-01-19 23:15,HD,Stock,BUY,36,380.17
2026-01-19 23:15,BAC,Stock,BUY,14,52.97
2026-01-19 23:15,JPM,Stock,BUY,14,312.47
2026-01-19 23:15,UNH,Stock,BUY,13,331.02
2026-01-19 23:15,CVX,Stock,BUY,22,166.26
2026-01-19 23:15,XOM,Stock,BUY,22,129.89
2026-01-19 23:15,NFLX,Stock,SELL,13,88.0
2026-01-19 23:15,LMT,Stock,BUY,43,582.43
2026-01-19 23:15,BLK,Stock,BUY,30,1163.17
2026-01-19 23:15,SPGI,Stock,BUY,33,546.35
2026-01-19 23:15,MS,Stock,BUY,29,189.09
2026-01-19 23:15,RTX,Stock,BUY,26,201.92
2026-01-19 23:15,SPY,ETF,BUY,26,691.66
2026-01-19 23:15,VOO,ETF,BUY,13,636.09
2026-01-19 23:15,IVV,ETF,BUY,26,694.66
2026-01-19 23:15,VTI,ETF,BUY,28,341.85
2026-01-19 23:15,QQQ,ETF,BUY,13,621.26
2026-01-19 23:15,VUG,ETF,BUY,13,485.09
2026-01-19 23:15,VEA,ETF,BUY,25,65.14
2026-01-19 23:15,VTV,ETF,BUY,28,198.37
2026-01-19 23:15,IEFA,ETF,BUY,22,92.75
2026-01-19 23:15,AGG,ETF,SELL,11,100.05
2026-01-19 23:15,IEMG,ETF,BUY,22,70.92
2026-01-19 23:15,IJH,ETF,BUY,22,70.06
2026-01-19 23:15,IJR,ETF,BUY,30,128.62
2026-01-19 23:15,VIG,ETF,BUY,25,225.64
2026-01-19 23:15,VYM,ETF,BUY,25,148.87
2026-01-19 23:15,SCHD,ETF,BUY,21,28.9
2026-01-19 23:15,XLK,ETF,BUY,12,145.62
2026-01-19 23:15,VT,ETF,BUY,28,144.93
2026-01-19 23:15,ACWI,ETF,BUY,27,145.0
2026-01-20 01:11,AAPL,Stock,BUY,12,255.53
2026-01-20 01:11,MSFT,Stock,SELL,19,459.86
2026-01-20 01:11,NVDA,Stock,BUY,10,186.23
2026-01-20 01:11,AMZN,Stock,BUY,23,239.12
2026-01-20 01:11,GOOGL,Stock,BUY,33,330.0
2026-01-20 01:11,GOOG,Stock,BUY,33,330.34
2026-01-20 01:11,TSLA,Stock,BUY,14,437.5
2026-01-20 01:11,META,Stock,SELL,31,620.25
2026-01-20 01:11,ADBE,Stock,SELL,23,296.12
2026-01-20 01:11,AMD,Stock,BUY,26,231.83
2026-01-20 01:11,INTC,Stock,BUY,25,46.96
2026-01-20 01:11,CSCO,Stock,SELL,10,75.19
2026-01-20 01:11,QCOM,Stock,HOLD,0,159.42
2026-01-20 01:11,CRM,Stock,SELL,14,227.11
2026-01-20 01:11,AVGO,Stock,BUY,10,351.71
2026-01-20 01:11,ORCL,Stock,SELL,11,191.09
2026-01-20 01:11,IBM,Stock,BUY,16,305.67
2026-01-20 01:11,TXN,Stock,BUY,25,191.58
2026-01-20 01:11,AMGN,Stock,SELL,11,330.41
2026-01-20 01:11,HON,Stock,BUY,50,219.39
2026-01-20 01:11,PEP,Stock,SELL,10,146.32
2026-01-20 01:11,KO,Stock,BUY,23,70.44
2026-01-20 01:11,MCD,Stock,BUY,24,307.43
2026-01-20 01:11,WMT,Stock,BUY,28,119.7
2026-01-20 01:11,CAT,Stock,BUY,25,646.89
2026-01-20 01:11,JNJ,Stock,BUY,33,218.66
2026-01-20 01:11,V,Stock,SELL,12,328.3
2026-01-20 01:11,HD,Stock,BUY,36,380.17
2026-01-20 01:11,BAC,Stock,BUY,14,52.97
2026-01-20 01:11,JPM,Stock,BUY,14,312.47
2026-01-20 01:11,UNH,Stock,BUY,13,331.02
2026-01-20 01:11,CVX,Stock,BUY,22,166.26
2026-01-20 01:11,XOM,Stock,BUY,22,129.89
2026-01-20 01:11,NFLX,Stock,SELL,13,88.0
2026-01-20 01:11,LMT,Stock,BUY,43,582.43
2026-01-20 01:11,BLK,Stock,BUY,30,1163.17
2026-01-20 01:11,SPGI,Stock,BUY,33,546.35
2026-01-20 01:11,MS,Stock,BUY,29,189.09
2026-01-20 01:11,RTX,Stock,BUY,26,201.92
2026-01-20 01:11,SPY,ETF,BUY,26,691.66
2026-01-20 01:11,VOO,ETF,BUY,13,636.09
2026-01-20 01:11,IVV,ETF,BUY,26,694.66
2026-01-20 01:11,VTI,ETF,BUY,28,341.85
2026-01-20 01:11,QQQ,ETF,BUY,13,621.26
2026-01-20 01:11,VUG,ETF,BUY,13,485.09
2026-01-20 01:11,VEA,ETF,BUY,25,65.14
2026-01-20 01:11,VTV,ETF,BUY,28,198.37
2026-01-20 01:11,IEFA,ETF,BUY,22,92.75
2026-01-20 01:11,AGG,ETF,SELL,11,100.05
2026-01-20 01:11,IEMG,ETF,BUY,22,70.92
2026-01-20 01:11,IJH,ETF,BUY,22,70.06
2026-01-20 01:11,IJR,ETF,BUY,30,128.62
2026-01-20 01:11,VIG,ETF,BUY,25,225.64
2026-01-20 01:11,VYM,ETF,BUY,25,148.87
2026-01-20 01:11,SCHD,ETF,BUY,21,28.9
2026-01-20 01:11,XLK,ETF,BUY,12,145.62
2026-01-20 01:11,VT,ETF,BUY,28,144.93
2026-01-20 01:11,ACWI,ETF,BUY,27,145.0
2026-01-20 03:28,AAPL,Stock,BUY,12,255.53
2026-01-20 03:28,MSFT,Stock,SELL,19,459.86
2026-01-20 03:28,NVDA,Stock,BUY,10,186.23
2026-01-20 03:28,AMZN,Stock,BUY,23,239.12
2026-01-20 03:28,GOOGL,Stock,BUY,33,330.0
2026-01-20 03:28,GOOG,Stock,BUY,33,330.34
2026-01-20 03:28,TSLA,Stock,BUY,14,437.5
2026-01-20 03:28,META,Stock,SELL,31,620.25
2026-01-20 03:28,ADBE,Stock,SELL,23,296.12
2026-01-20 03:28,AMD,Stock,BUY,26,231.83
2026-01-20 03:28,INTC,Stock,BUY,25,46.96
2026-01-20 03:28,CSCO,Stock,SELL,10,75.19
2026-01-20 03:28,QCOM,Stock,HOLD,0,159.42
2026-01-20 03:28,CRM,Stock,SELL,14,227.11
2026-01-20 03:28,AVGO,Stock,BUY,10,351.71
2026-01-20 03:28,ORCL,Stock,SELL,11,191.09
2026-01-20 03:28,IBM,Stock,BUY,16,305.67
2026-01-20 03:28,TXN,Stock,BUY,25,191.58
2026-01-20 03:28,AMGN,Stock,SELL,11,330.41
2026-01-20 03:28,HON,Stock,BUY,50,219.39
2026-01-20 03:28,PEP,Stock,SELL,10,146.32
2026-01-20 03:28,KO,Stock,BUY,23,70.44
2026-01-20 03:28,MCD,Stock,BUY,24,307.43
2026-01-20 03:28,WMT,Stock,BUY,28,119.7
2026-01-20 03:28,CAT,Stock,BUY,25,646.89
2026-01-20 03:28,JNJ,Stock,BUY,33,218.66
2026-01-20 03:28,V,Stock,SELL,12,328.3
2026-01-20 03:28,HD,Stock,BUY,36,380.17
2026-01-20 03:28,BAC,Stock,BUY,14,52.97
2026-01-20 03:28,JPM,Stock,BUY,14,312.47
2026-01-20 03:28,UNH,Stock,BUY,13,331.02
2026-01-20 03:28,CVX,Stock,BUY,22,166.26
2026-01-20 03:28,XOM,Stock,BUY,22,129.89
2026-01-20 03:28,NFLX,Stock,SELL,13,88.0
2026-01-20 03:28,LMT,Stock,BUY,43,582.43
2026-01-20 03:28,BLK,Stock,BUY,30,1163.17
2026-01-20 03:28,SPGI,Stock,BUY,33,546.35
2026-01-20 03:28,MS,Stock,BUY,29,189.09
2026-01-20 03:28,RTX,Stock,BUY,26,201.92
2026-01-20 03:28,SPY,ETF,BUY,26,691.66
2026-01-20 03:28,VOO,ETF,BUY,13,636.09
2026-01-20 03:28,IVV,ETF,BUY,26,694.66
2026-01-20 03:28,VTI,ETF,BUY,28,341.85
2026-01-20 03:28,QQQ,ETF,BUY,13,621.26
2026-01-20 03:28,VUG,ETF,BUY,13,485.09
2026-01-20 03:28,VEA,ETF,BUY,25,65.14
2026-01-20 03:28,VTV,ETF,BUY,28,198.37
2026-01-20 03:28,IEFA,ETF,BUY,22,92.75
2026-01-20 03:28,AGG,ETF,SELL,11,100.05
2026-01-20 03:28,IEMG,ETF,BUY,22,70.92
2026-01-20 03:28,IJH,ETF,BUY,22,70.06
2026-01-20 03:28,IJR,ETF,BUY,30,128.62
2026-01-20 03:28,VIG,ETF,BUY,25,225.64
2026-01-20 03:28,VYM,ETF,BUY,25,148.87
2026-01-20 03:28,SCHD,ETF,BUY,21,28.9
2026-01-20 03:28,XLK,ETF,BUY,12,145.62
2026-01-20 03:28,VT,ETF,BUY,28,144.93
2026-01-20 03:28,ACWI,ETF,BUY,27,145.0
2026-01-20 04:39,AAPL,Stock,BUY,12,255.53
2026-01-20 04:39,MSFT,Stock,SELL,19,459.86
2026-01-20 04:39,NVDA,Stock,BUY,10,186.23
2026-01-20 04:39,AMZN,Stock,BUY,23,239.12
2026-01-20 04:39,GOOGL,Stock,BUY,33,330.0
2026-01-20 04:39,GOOG,Stock,BUY,33,330.34
2026-01-20 04:39,TSLA,Stock,BUY,14,437.5
2026-01-20 04:39,META,Stock,SELL,31,620.25
2026-01-20 04:39,ADBE,Stock,SELL,23,296.12
2026-01-20 04:39,AMD,Stock,BUY,26,231.83
2026-01-20 04:39,INTC,Stock,BUY,25,46.96
2026-01-20 04:39,CSCO,Stock,SELL,10,75.19
2026-01-20 04:39,QCOM,Stock,HOLD,0,159.42
2026-01-20 04:39,CRM,Stock,SELL,14,227.11
2026-01-20 04:39,AVGO,Stock,BUY,10,351.71
2026-01-20 04:39,ORCL,Stock,SELL,11,191.09
2026-01-20 04:39,IBM,Stock,BUY,16,305.67
2026-01-20 04:39,TXN,Stock,BUY,25,191.58
2026-01-20 04:39,AMGN,Stock,SELL,11,330.41
2026-01-20 04:39,HON,Stock,BUY,50,219.39
2026-01-20 04:39,PEP,Stock,SELL,10,146.32
2026-01-20 04:39,KO,Stock,BUY,23,70.44
2026-01-20 04:39,MCD,Stock,BUY,24,307.43
2026-01-20 04:39,WMT,Stock,BUY,28,119.7
2026-01-20 04:39,CAT,Stock,BUY,25,646.89
2026-01-20 04:39,JNJ,Stock,BUY,33,218.66
2026-01-20 04:39,V,Stock,SELL,12,328.3
2026-01-20 04:39,HD,Stock,BUY,36,380.17
2026-01-20 04:39,BAC,Stock,BUY,14,52.97
2026-01-20 04:39,JPM,Stock,BUY,14,312.47
2026-01-20 04:39,UNH,Stock,BUY,13,331.02
2026-01-20 04:39,CVX,Stock,BUY,22,166.26
2026-01-20 04:39,XOM,Stock,BUY,22,129.89
2026-01-20 04:39,NFLX,Stock,SELL,13,88.0
2026-01-20 04:39,LMT,Stock,BUY,43,582.43
2026-01-20 04:39,BLK,Stock,BUY,30,1163.17
2026-01-20 04:39,SPGI,Stock,BUY,33,546.35
2026-01-20 04:39,MS,Stock,BUY,29,189.09
2026-01-20 04:39,RTX,Stock,BUY,26,201.92
2026-01-20 04:39,SPY,ETF,BUY,26,691.66
2026-01-20 04:39,VOO,ETF,BUY,13,636.09
2026-01-20 04:39,IVV,ETF,BUY,26,694.66
2026-01-20 04:39,VTI,ETF,BUY,28,341.85
2026-01-20 04:39,QQQ,ETF,BUY,13,621.26
2026-01-20 04:39,VUG,ETF,BUY,13,485.09
2026-01-20 04:39,VEA,ETF,BUY,25,65.14
2026-01-20 04:39,VTV,ETF,BUY,28,198.37
2026-01-20 04:39,IEFA,ETF,BUY,22,92.75
2026-01-20 04:39,AGG,ETF,SELL,11,100.05
2026-01-20 04:39,IEMG,ETF,BUY,22,70.92
2026-01-20 04:39,IJH,ETF,BUY,22,70.06
2026-01-20 04:39,IJR,ETF,BUY,30,128.62
2026-01-20 04:39,VIG,ETF,BUY,25,225.64
2026-01-20 04:39,VYM,ETF,BUY,25,148.87
2026-01-20 04:39,SCHD,ETF,BUY,21,28.9
2026-01-20 04:39,XLK,ETF,BUY,12,145.62
2026-01-20 04:39,VT,ETF,BUY,28,144.93
2026-01-20 04:39,ACWI,ETF,BUY,27,145.0
2026-01-20 05:24,AAPL,Stock,BUY,12,255.53
2026-01-20 05:24,MSFT,Stock,SELL,19,459.86
2026-01-20 05:24,NVDA,Stock,BUY,10,186.23
2026-01-20 05:24,AMZN,Stock,BUY,23,239.12
2026-01-20 05:24,GOOGL,Stock,BUY,33,330.0
2026-01-20 05:24,GOOG,Stock,BUY,33,330.34
2026-01-20 05:24,TSLA,Stock,BUY,14,437.5
2026-01-20 05:24,META,Stock,SELL,31,620.25
2026-01-20 05:24,ADBE,Stock,SELL,23,296.12
2026-01-20 05:24,AMD,Stock,BUY,26,231.83
2026-01-20 05:24,INTC,Stock,BUY,25,46.96
2026-01-20 05:24,CSCO,Stock,SELL,10,75.19
2026-01-20 05:24,QCOM,Stock,HOLD,0,159.42
2026-01-20 05:24,CRM,Stock,SELL,14,227.11
2026-01-20 05:24,AVGO,Stock,BUY,10,351.71
2026-01-20 05:24,ORCL,Stock,SELL,11,191.09
2026-01-20 05:24,IBM,Stock,BUY,16,305.67
2026-01-20 05:24,TXN,Stock,BUY,25,191.58
2026-01-20 05:24,AMGN,Stock,SELL,11,330.41
2026-01-20 05:24,HON,Stock,BUY,50,219.39
2026-01-20 05:24,PEP,Stock,SELL,10,146.32
2026-01-20 05:24,KO,Stock,BUY,23,70.44
2026-01-20 05:24,MCD,Stock,BUY,24,307.43
2026-01-20 05:24,WMT,Stock,BUY,28,119.7
2026-01-20 05:24,CAT,Stock,BUY,25,646.89
2026-01-20 05:24,JNJ,Stock,BUY,33,218.66
2026-01-20 05:24,V,Stock,SELL,12,328.3
2026-01-20 05:24,HD,Stock,BUY,36,380.17
2026-01-20 05:24,BAC,Stock,BUY,14,52.97
2026-01-20 05:24,JPM,Stock,BUY,14,312.47
2026-01-20 05:24,UNH,Stock,BUY,13,331.02
2026-01-20 05:24,CVX,Stock,BUY,22,166.26
2026-01-20 05:24,XOM,Stock,BUY,22,129.89
2026-01-20 05:24,NFLX,Stock,SELL,13,88.0
2026-01-20 05:24,LMT,Stock,BUY,43,582.43
2026-01-20 05:24,BLK,Stock,BUY,30,1163.17
2026-01-20 05:24,SPGI,Stock,BUY,33,546.35
2026-01-20 05:24,MS,Stock,BUY,29,189.09
2026-01-20 05:24,RTX,Stock,BUY,26,201.92
2026-01-20 05:24,SPY,ETF,BUY,26,691.66
2026-01-20 05:24,VOO,ETF,BUY,13,636.09
2026-01-20 05:24,IVV,ETF,BUY,26,694.66
2026-01-20 05:24,VTI,ETF,BUY,28,341.85
2026-01-20 05:24,QQQ,ETF,BUY,13,621.26
2026-01-20 05:24,VUG,ETF,BUY,13,485.09
2026-01-20 05:24,VEA,ETF,BUY,25,65.14
2026-01-20 05:24,VTV,ETF,BUY,28,198.37
2026-01-20 05:24,IEFA,ETF,BUY,22,92.75
2026-01-20 05:24,AGG,ETF,SELL,11,100.05
2026-01-20 05:24,IEMG,ETF,BUY,22,70.92
2026-01-20 05:24,IJH,ETF,BUY,22,70.06
2026-01-20 05:24,IJR,ETF,BUY,30,128.62
2026-01-20 05:24,VIG,ETF,BUY,25,225.64
2026-01-20 05:24,VYM,ETF,BUY,25,148.87
2026-01-20 05:24,SCHD,ETF,BUY,21,28.9
2026-01-20 05:24,XLK,ETF,BUY,12,145.62
2026-01-20 05:24,VT,ETF,BUY,28,144.93
2026-01-20 05:24,ACWI,ETF,BUY,27,145.0
2026-01-20 06:27,AAPL,Stock,BUY,12,255.53
2026-01-20 06:27,MSFT,Stock,SELL,19,459.86
2026-01-20 06:27,NVDA,Stock,BUY,10,186.23
2026-01-20 06:27,AMZN,Stock,BUY,23,239.12
2026-01-20 06:27,GOOGL,Stock,BUY,33,330.0
2026-01-20 06:27,GOOG,Stock,BUY,33,330.34
2026-01-20 06:27,TSLA,Stock,BUY,14,437.5
2026-01-20 06:27,META,Stock,SELL,31,620.25
2026-01-20 06:27,ADBE,Stock,SELL,23,296.12
2026-01-20 06:27,AMD,Stock,BUY,26,231.83
2026-01-20 06:27,INTC,Stock,BUY,25,46.96
2026-01-20 06:27,CSCO,Stock,SELL,10,75.19
2026-01-20 06:27,QCOM,Stock,HOLD,0,159.42
2026-01-20 06:27,CRM,Stock,SELL,14,227.11
2026-01-20 06:27,AVGO,Stock,BUY,10,351.71
2026-01-20 06:27,ORCL,Stock,SELL,11,191.09
2026-01-20 06:27,IBM,Stock,BUY,16,305.67
2026-01-20 06:27,TXN,Stock,BUY,25,191.58
2026-01-20 06:27,AMGN,Stock,SELL,11,330.41
2026-01-20 06:27,HON,Stock,BUY,50,219.39
2026-01-20 06:27,PEP,Stock,SELL,10,146.32
2026-01-20 06:27,KO,Stock,BUY,23,70.44
2026-01-20 06:27,MCD,Stock,BUY,24,307.43
2026-01-20 06:27,WMT,Stock,BUY,28,119.7
2026-01-20 06:27,CAT,Stock,BUY,25,646.89
2026-01-20 06:27,JNJ,Stock,BUY,33,218.66
2026-01-20 06:27,V,Stock,SELL,12,328.3
2026-01-20 06:27,HD,Stock,BUY,36,380.17
2026-01-20 06:27,BAC,Stock,BUY,14,52.97
2026-01-20 06:27,JPM,Stock,BUY,14,312.47
2026-01-20 06:27,UNH,Stock,BUY,13,331.02
2026-01-20 06:27,CVX,Stock,BUY,22,166.26
2026-01-20 06:27,XOM,Stock,BUY,22,129.89
2026-01-20 06:27,NFLX,Stock,SELL,13,88.0
2026-01-20 06:27,LMT,Stock,BUY,43,582.43
2026-01-20 06:27,BLK,Stock,BUY,30,1163.17
2026-01-20 06:27,SPGI,Stock,BUY,33,546.35
2026-01-20 06:27,MS,Stock,BUY,29,189.09
2026-01-20 06:27,RTX,Stock,BUY,26,201.92
2026-01-20 06:27,SPY,ETF,BUY,26,691.66
2026-01-20 06:27,VOO,ETF,BUY,13,636.09
2026-01-20 06:27,IVV,ETF,BUY,26,694.66
2026-01-20 06:27,VTI,ETF,BUY,28,341.85
2026-01-20 06:27,QQQ,ETF,BUY,13,621.26
2026-01-20 06:27,VUG,ETF,BUY,13,485.09
2026-01-20 06:27,VEA,ETF,BUY,25,65.14
2026-01-20 06:27,VTV,ETF,BUY,28,198.37
2026-01-20 06:27,IEFA,ETF,BUY,22,92.75
2026-01-20 06:27,AGG,ETF,SELL,11,100.05
2026-01-20 06:27,IEMG,ETF,BUY,22,70.92
2026-01-20 06:27,IJH,ETF,BUY,22,70.06
2026-01-20 06:27,IJR,ETF,BUY,30,128.62
2026-01-20 06:27,VIG,ETF,BUY,25,225.64
2026-01-20 06:27,VYM,ETF,BUY,25,148.87
2026-01-20 06:27,SCHD,ETF,BUY,21,28.9
2026-01-20 06:27,XLK,ETF,BUY,12,145.62
2026-01-20 06:27,VT,ETF,BUY,28,144.93
2026-01-20 06:27,ACWI,ETF,BUY,27,145.0
2026-01-20 07:22,AAPL,Stock,BUY,12,255.53
2026-01-20 07:22,MSFT,Stock,SELL,19,459.86
2026-01-20 07:22,NVDA,Stock,BUY,10,186.23
2026-01-20 07:22,AMZN,Stock,BUY,23,239.12
2026-01-20 07:22,GOOGL,Stock,BUY,33,330.0
2026-01-20 07:22,GOOG,Stock,BUY,33,330.34
2026-01-20 07:22,TSLA,Stock,BUY,14,437.5
2026-01-20 07:22,META,Stock,SELL,31,620.25
2026-01-20 07:22,ADBE,Stock,SELL,23,296.12
2026-01-20 07:22,AMD,Stock,BUY,26,231.83
2026-01-20 07:22,INTC,Stock,BUY,25,46.96
2026-01-20 07:22,CSCO,Stock,SELL,10,75.19
2026-01-20 07:22,QCOM,Stock,HOLD,0,159.42
2026-01-20 07:22,CRM,Stock,SELL,14,227.11
2026-01-20 07:22,AVGO,Stock,BUY,10,351.71
2026-01-20 07:22,ORCL,Stock,SELL,11,191.09
2026-01-20 07:22,IBM,Stock,BUY,16,305.67
2026-01-20 07:22,TXN,Stock,BUY,25,191.58
2026-01-20 07:22,AMGN,Stock,SELL,11,330.41
2026-01-20 07:22,HON,Stock,BUY,50,219.39
2026-01-20 07:22,PEP,Stock,SELL,10,146.32
2026-01-20 07:22,KO,Stock,BUY,23,70.44
2026-01-20 07:22,MCD,Stock,BUY,24,307.43
2026-01-20 07:22,WMT,Stock,BUY,28,119.7
2026-01-20 07:22,CAT,Stock,BUY,25,646.89
2026-01-20 07:22,JNJ,Stock,BUY,33,218.66
2026-01-20 07:22,V,Stock,SELL,12,328.3
2026-01-20 07:22,HD,Stock,BUY,36,380.17
2026-01-20 07:22,BAC,Stock,BUY,14,52.97
2026-01-20 07:22,JPM,Stock,BUY,14,312.47
2026-01-20 07:22,UNH,Stock,BUY,13,331.02
2026-01-20 07:22,CVX,Stock,BUY,22,166.26
2026-01-20 07:22,XOM,Stock,BUY,22,129.89
2026-01-20 07:22,NFLX,Stock,SELL,13,88.0
2026-01-20 07:22,LMT,Stock,BUY,43,582.43
2026-01-20 07:22,BLK,Stock,BUY,30,1163.17
2026-01-20 07:22,SPGI,Stock,BUY,33,546.35
2026-01-20 07:22,MS,Stock,BUY,29,189.09
2026-01-20 07:22,RTX,Stock,BUY,26,201.92
2026-01-20 07:22,SPY,ETF,BUY,26,691.66
2026-01-20 07:22,VOO,ETF,BUY,13,636.09
2026-01-20 07:22,IVV,ETF,BUY,26,694.66
2026-01-20 07:22,VTI,ETF,BUY,28,341.85
2026-01-20 07:22,QQQ,ETF,BUY,13,621.26
2026-01-20 07:22,VUG,ETF,BUY,13,485.09
2026-01-20 07:22,VEA,ETF,BUY,25,65.14
2026-01-20 07:22,VTV,ETF,BUY,28,198.37
2026-01-20 07:22,IEFA,ETF,BUY,22,92.75
2026-01-20 07:22,AGG,ETF,SELL,11,100.05
2026-01-20 07:22,IEMG,ETF,BUY,22,70.92
2026-01-20 07:22,IJH,ETF,BUY,22,70.06
2026-01-20 07:22,IJR,ETF,BUY,30,128.62
2026-01-20 07:22,VIG,ETF,BUY,25,225.64
2026-01-20 07:22,VYM,ETF,BUY,25,148.87
2026-01-20 07:22,SCHD,ETF,BUY,21,28.9
2026-01-20 07:22,XLK,ETF,BUY,12,145.62
2026-01-20 07:22,VT,ETF,BUY,28,144.93
2026-01-20 07:22,ACWI,ETF,BUY,27,145.0
2026-01-20 08:23,AAPL,Stock,BUY,12,255.53
2026-01-20 08:23,MSFT,Stock,SELL,19,459.86
2026-01-20 08:23,NVDA,Stock,BUY,10,186.23
2026-01-20 08:23,AMZN,Stock,BUY,23,239.12
2026-01-20 08:23,GOOGL,Stock,BUY,33,330.0
2026-01-20 08:23,GOOG,Stock,BUY,33,330.34
2026-01-20 08:23,TSLA,Stock,BUY,14,437.5
2026-01-20 08:23,META,Stock,SELL,31,620.25
2026-01-20 08:23,ADBE,Stock,SELL,23,296.12
2026-01-20 08:23,AMD,Stock,BUY,26,231.83
2026-01-20 08:23,INTC,Stock,BUY,25,46.96
2026-01-20 08:23,CSCO,Stock,SELL,10,75.19
2026-01-20 08:23,QCOM,Stock,HOLD,0,159.42
2026-01-20 08:23,CRM,Stock,SELL,14,227.11
2026-01-20 08:23,AVGO,Stock,BUY,10,351.71
2026-01-20 08:23,ORCL,Stock,SELL,11,191.09
2026-01-20 08:23,IBM,Stock,BUY,16,305.67
2026-01-20 08:23,TXN,Stock,BUY,25,191.58
2026-01-20 08:23,AMGN,Stock,SELL,11,330.41
2026-01-20 08:23,HON,Stock,BUY,50,219.39
2026-01-20 08:23,PEP,Stock,SELL,10,146.32
2026-01-20 08:23,KO,Stock,BUY,23,70.44
2026-01-20 08:23,MCD,Stock,BUY,24,307.43
2026-01-20 08:23,WMT,Stock,BUY,28,119.7
2026-01-20 08:23,CAT,Stock,BUY,25,646.89
2026-01-20 08:23,JNJ,Stock,BUY,33,218.66
2026-01-20 08:23,V,Stock,SELL,12,328.3
2026-01-20 08:23,HD,Stock,BUY,36,380.17
2026-01-20 08:23,BAC,Stock,BUY,14,52.97
2026-01-20 08:23,JPM,Stock,BUY,14,312.47
2026-01-20 08:23,UNH,Stock,BUY,13,331.02
2026-01-20 08:23,CVX,Stock,BUY,22,166.26
2026-01-20 08:23,XOM,Stock,BUY,22,129.89
2026-01-20 08:23,NFLX,Stock,SELL,13,88.0
2026-01-20 08:23,LMT,Stock,BUY,43,582.43
2026-01-20 08:23,BLK,Stock,BUY,30,1163.17
2026-01-20 08:23,SPGI,Stock,BUY,33,546.35
2026-01-20 08:23,MS,Stock,BUY,29,189.09
2026-01-20 08:23,RTX,Stock,BUY,26,201.92
2026-01-20 08:23,SPY,ETF,BUY,26,691.66
2026-01-20 08:23,VOO,ETF,BUY,13,636.09
2026-01-20 08:23,IVV,ETF,BUY,26,694.66
2026-01-20 08:23,VTI,ETF,BUY,28,341.85
2026-01-20 08:23,QQQ,ETF,BUY,13,621.26
2026-01-20 08:23,VUG,ETF,BUY,13,485.09
2026-01-20 08:23,VEA,ETF,BUY,25,65.14
2026-01-20 08:23,VTV,ETF,BUY,28,198.37
2026-01-20 08:23,IEFA,ETF,BUY,22,92.75
2026-01-20 08:23,AGG,ETF,SELL,11,100.05
2026-01-20 08:23,IEMG,ETF,BUY,22,70.92
2026-01-20 08:23,IJH,ETF,BUY,22,70.06
2026-01-20 08:23,IJR,ETF,BUY,30,128.62
2026-01-20 08:23,VIG,ETF,BUY,25,225.64
2026-01-20 08:23,VYM,ETF,BUY,25,148.87
2026-01-20 08:23,SCHD,ETF,BUY,21,28.9
2026-01-20 08:23,XLK,ETF,BUY,12,145.62
2026-01-20 08:23,VT,ETF,BUY,28,144.93
2026-01-20 08:23,ACWI,ETF,BUY,27,145.0
2026-01-20 09:27,AAPL,Stock,BUY,12,255.53
2026-01-20 09:27,MSFT,Stock,SELL,19,459.86
2026-01-20 09:27,NVDA,Stock,BUY,10,186.23
2026-01-20 09:27,AMZN,Stock,BUY,23,239.12
2026-01-20 09:27,GOOGL,Stock,BUY,33,330.0
2026-01-20 09:27,GOOG,Stock,BUY,33,330.34
2026-01-20 09:27,TSLA,Stock,BUY,14,437.5
2026-01-20 09:27,META,Stock,SELL,31,620.25
2026-01-20 09:27,ADBE,Stock,SELL,23,296.12
2026-01-20 09:27,AMD,Stock,BUY,26,231.83
2026-01-20 09:27,INTC,Stock,BUY,25,46.96
2026-01-20 09:27,CSCO,Stock,SELL,10,75.19
2026-01-20 09:27,QCOM,Stock,HOLD,0,159.42
2026-01-20 09:27,CRM,Stock,SELL,14,227.11
2026-01-20 09:27,AVGO,Stock,BUY,10,351.71
2026-01-20 09:27,ORCL,Stock,SELL,11,191.09
2026-01-20 09:27,IBM,Stock,BUY,16,305.67
2026-01-20 09:27,TXN,Stock,BUY,25,191.58
2026-01-20 09:27,AMGN,Stock,SELL,11,330.41
2026-01-20 09:27,HON,Stock,BUY,50,219.39
2026-01-20 09:27,PEP,Stock,SELL,10,146.32
2026-01-20 09:28,KO,Stock,BUY,23,70.44
2026-01-20 09:28,MCD,Stock,BUY,24,307.43
2026-01-20 09:28,WMT,Stock,BUY,28,119.7
2026-01-20 09:28,CAT,Stock,BUY,25,646.89
2026-01-20 09:28,JNJ,Stock,BUY,33,218.66
2026-01-20 09:28,V,Stock,SELL,12,328.3
2026-01-20 09:28,HD,Stock,BUY,36,380.17
2026-01-20 09:28,BAC,Stock,BUY,14,52.97
2026-01-20 09:28,JPM,Stock,BUY,14,312.47
2026-01-20 09:28,UNH,Stock,BUY,13,331.02
2026-01-20 09:28,CVX,Stock,BUY,22,166.26
2026-01-20 09:28,XOM,Stock,BUY,22,129.89
2026-01-20 09:28,NFLX,Stock,SELL,13,88.0
2026-01-20 09:28,LMT,Stock,BUY,43,582.43
2026-01-20 09:28,BLK,Stock,BUY,30,1163.17
2026-01-20 09:28,SPGI,Stock,BUY,33,546.35
2026-01-20 09:28,MS,Stock,BUY,29,189.09
2026-01-20 09:28,RTX,Stock,BUY,26,201.92
2026-01-20 09:28,SPY,ETF,BUY,26,691.66
2026-01-20 09:28,VOO,ETF,BUY,13,636.09
2026-01-20 09:28,IVV,ETF,BUY,26,694.66
2026-01-20 09:28,VTI,ETF,BUY,28,341.85
2026-01-20 09:28,QQQ,ETF,BUY,13,621.26
2026-01-20 09:28,VUG,ETF,BUY,13,485.09
2026-01-20 09:28,VEA,ETF,BUY,25,65.14
2026-01-20 09:28,VTV,ETF,BUY,28,198.37
2026-01-20 09:28,IEFA,ETF,BUY,22,92.75
2026-01-20 09:28,AGG,ETF,SELL,11,100.05
2026-01-20 09:28,IEMG,ETF,BUY,22,70.92
2026-01-20 09:28,IJH,ETF,BUY,22,70.06
2026-01-20 09:28,IJR,ETF,BUY,30,128.62
2026-01-20 09:28,VIG,ETF,BUY,25,225.64
2026-01-20 09:28,VYM,ETF,BUY,25,148.87
2026-01-20 09:28,SCHD,ETF,BUY,21,28.9
2026-01-20 09:28,XLK,ETF,BUY,12,145.62
2026-01-20 09:28,VT,ETF,BUY,28,144.93
2026-01-20 09:28,ACWI,ETF,BUY,27,145.0
2026-01-20 10:21,AAPL,Stock,BUY,12,255.53
2026-01-20 10:21,MSFT,Stock,SELL,19,459.86
2026-01-20 10:21,NVDA,Stock,BUY,10,186.23
2026-01-20 10:21,AMZN,Stock,BUY,23,239.12
2026-01-20 10:21,GOOGL,Stock,BUY,33,330.0
2026-01-20 10:21,GOOG,Stock,BUY,33,330.34
2026-01-20 10:21,TSLA,Stock,BUY,14,437.5
2026-01-20 10:21,META,Stock,SELL,31,620.25
2026-01-20 10:21,ADBE,Stock,SELL,23,296.12
2026-01-20 10:21,AMD,Stock,BUY,26,231.83
2026-01-20 10:21,INTC,Stock,BUY,25,46.96
2026-01-20 10:21,CSCO,Stock,SELL,10,75.19
2026-01-20 10:21,QCOM,Stock,HOLD,0,159.42
2026-01-20 10:21,CRM,Stock,SELL,14,227.11
2026-01-20 10:21,AVGO,Stock,BUY,10,351.71
2026-01-20 10:21,ORCL,Stock,SELL,11,191.09
2026-01-20 10:21,IBM,Stock,BUY,16,305.67
2026-01-20 10:21,TXN,Stock,BUY,25,191.58
2026-01-20 10:21,AMGN,Stock,SELL,11,330.41
2026-01-20 10:21,HON,Stock,BUY,50,219.39
2026-01-20 10:21,PEP,Stock,SELL,10,146.32
2026-01-20 10:21,KO,Stock,BUY,23,70.44
2026-01-20 10:21,MCD,Stock,BUY,24,307.43
2026-01-20 10:21,WMT,Stock,BUY,28,119.7
2026-01-20 10:21,CAT,Stock,BUY,25,646.89
2026-01-20 10:21,JNJ,Stock,BUY,33,218.66
2026-01-20 10:21,V,Stock,SELL,12,328.3
2026-01-20 10:21,HD,Stock,BUY,36,380.17
2026-01-20 10:21,BAC,Stock,BUY,14,52.97
2026-01-20 10:21,JPM,Stock,BUY,14,312.47
2026-01-20 10:21,UNH,Stock,BUY,13,331.02
2026-01-20 10:21,CVX,Stock,BUY,22,166.26
2026-01-20 10:21,XOM,Stock,BUY,22,129.89
2026-01-20 10:21,NFLX,Stock,SELL,13,88.0
2026-01-20 10:21,LMT,Stock,BUY,43,582.43
2026-01-20 10:21,BLK,Stock,BUY,30,1163.17
2026-01-20 10:21,SPGI,Stock,BUY,33,546.35
2026-01-20 10:21,MS,Stock,BUY,29,189.09
2026-01-20 10:21,RTX,Stock,BUY,26,201.92
2026-01-20 10:21,SPY,ETF,BUY,26,691.66
2026-01-20 10:21,VOO,ETF,BUY,13,636.09
2026-01-20 10:21,IVV,ETF,BUY,26,694.66
2026-01-20 10:21,VTI,ETF,BUY,28,341.85
2026-01-20 10:21,QQQ,ETF,BUY,13,621.26
2026-01-20 10:21,VUG,ETF,BUY,13,485.09
2026-01-20 10:21,VEA,ETF,BUY,25,65.14
2026-01-20 10:21,VTV,ETF,BUY,28,198.37
2026-01-20 10:21,IEFA,ETF,BUY,22,92.75
2026-01-20 10:21,AGG,ETF,SELL,11,100.05
2026-01-20 10:21,IEMG,ETF,BUY,22,70.92
2026-01-20 10:21,IJH,ETF,BUY,22,70.06
2026-01-20 10:21,IJR,ETF,BUY,30,128.62
2026-01-20 10:21,VIG,ETF,BUY,25,225.64
2026-01-20 10:21,VYM,ETF,BUY,25,148.87
2026-01-20 10:21,SCHD,ETF,BUY,21,28.9
2026-01-20 10:21,XLK,ETF,BUY,12,145.62
2026-01-20 10:21,VT,ETF,BUY,28,144.93
2026-01-20 10:21,ACWI,ETF,BUY,27,145.0
2026-01-20 11:19,AAPL,Stock,BUY,12,255.53
2026-01-20 11:19,MSFT,Stock,SELL,19,459.86
2026-01-20 11:19,NVDA,Stock,BUY,10,186.23
2026-01-20 11:19,AMZN,Stock,BUY,23,239.12
2026-01-20 11:19,GOOGL,Stock,BUY,33,330.0
2026-01-20 11:19,GOOG,Stock,BUY,33,330.34
2026-01-20 11:19,TSLA,Stock,BUY,14,437.5
2026-01-20 11:19,META,Stock,SELL,31,620.25
2026-01-20 11:19,ADBE,Stock,SELL,23,296.12
2026-01-20 11:19,AMD,Stock,BUY,26,231.83
2026-01-20 11:19,INTC,Stock,BUY,25,46.96
2026-01-20 11:19,CSCO,Stock,SELL,10,75.19
2026-01-20 11:19,QCOM,Stock,HOLD,0,159.42
2026-01-20 11:19,CRM,Stock,SELL,14,227.11
2026-01-20 11:19,AVGO,Stock,BUY,10,351.71
2026-01-20 11:19,ORCL,Stock,SELL,11,191.09
2026-01-20 11:19,IBM,Stock,BUY,16,305.67
2026-01-20 11:19,TXN,Stock,BUY,25,191.58
2026-01-20 11:19,AMGN,Stock,SELL,11,330.41
2026-01-20 11:19,HON,Stock,BUY,50,219.39
2026-01-20 11:19,PEP,Stock,SELL,10,146.32
2026-01-20 11:19,KO,Stock,BUY,23,70.44
2026-01-20 11:19,MCD,Stock,BUY,24,307.43
2026-01-20 11:19,WMT,Stock,BUY,28,119.7
2026-01-20 11:19,CAT,Stock,BUY,25,646.89
2026-01-20 11:19,JNJ,Stock,BUY,33,218.66
2026-01-20 11:19,V,Stock,SELL,12,328.3
2026-01-20 11:19,HD,Stock,BUY,36,380.17
2026-01-20 11:19,BAC,Stock,BUY,14,52.97
2026-01-20 11:19,JPM,Stock,BUY,14,312.47
2026-01-20 11:19,UNH,Stock,BUY,13,331.02
2026-01-20 11:19,CVX,Stock,BUY,22,166.26
2026-01-20 11:19,XOM,Stock,BUY,22,129.89
2026-01-20 11:19,NFLX,Stock,SELL,13,88.0
2026-01-20 11:19,LMT,Stock,BUY,43,582.43
2026-01-20 11:19,BLK,Stock,BUY,30,1163.17
2026-01-20 11:19,SPGI,Stock,BUY,33,546.35
2026-01-20 11:19,MS,Stock,BUY,29,189.09
2026-01-20 11:19,RTX,Stock,BUY,26,201.92
2026-01-20 11:19,SPY,ETF,BUY,26,691.66
2026-01-20 11:19,VOO,ETF,BUY,13,636.09
2026-01-20 11:19,IVV,ETF,BUY,26,694.66
2026-01-20 11:19,VTI,ETF,BUY,28,341.85
2026-01-20 11:19,QQQ,ETF,BUY,13,621.26
2026-01-20 11:19,VUG,ETF,BUY,13,485.09
2026-01-20 11:19,VEA,ETF,BUY,25,65.14
2026-01-20 11:19,VTV,ETF,BUY,28,198.37
2026-01-20 11:19,IEFA,ETF,BUY,22,92.75
2026-01-20 11:19,AGG,ETF,SELL,11,100.05
2026-01-20 11:19,IEMG,ETF,BUY,22,70.92
2026-01-20 11:19,IJH,ETF,BUY,22,70.06
2026-01-20 11:19,IJR,ETF,BUY,30,128.62
2026-01-20 11:19,VIG,ETF,BUY,25,225.64
2026-01-20 11:19,VYM,ETF,BUY,25,148.87
2026-01-20 11:19,SCHD,ETF,BUY,21,28.9
2026-01-20 11:19,XLK,ETF,BUY,12,145.62
2026-01-20 11:19,VT,ETF,BUY,28,144.93
2026-01-20 11:19,ACWI,ETF,BUY,27,145.0
2026-01-20 12:35,AAPL,Stock,BUY,12,255.53
2026-01-20 12:35,MSFT,Stock,SELL,19,459.86
2026-01-20 12:35,NVDA,Stock,BUY,10,186.23
2026-01-20 12:35,AMZN,Stock,BUY,23,239.12
2026-01-20 12:35,GOOGL,Stock,BUY,33,330.0
2026-01-20 12:35,GOOG,Stock,BUY,33,330.34
2026-01-20 12:35,TSLA,Stock,BUY,14,437.5
2026-01-20 12:35,META,Stock,SELL,31,620.25
2026-01-20 12:35,ADBE,Stock,SELL,23,296.12
2026-01-20 12:35,AMD,Stock,BUY,26,231.83
2026-01-20 12:35,INTC,Stock,BUY,25,46.96
2026-01-20 12:35,CSCO,Stock,SELL,10,75.19
2026-01-20 12:35,QCOM,Stock,HOLD,0,159.42
2026-01-20 12:35,CRM,Stock,SELL,14,227.11
2026-01-20 12:35,AVGO,Stock,BUY,10,351.71
2026-01-20 12:35,ORCL,Stock,SELL,11,191.09
2026-01-20 12:35,IBM,Stock,BUY,16,305.67
2026-01-20 12:35,TXN,Stock,BUY,25,191.58
2026-01-20 12:35,AMGN,Stock,SELL,11,330.41
2026-01-20 12:35,HON,Stock,BUY,50,219.39
2026-01-20 12:35,PEP,Stock,SELL,10,146.32
2026-01-20 12:35,KO,Stock,BUY,23,70.44
2026-01-20 12:35,MCD,Stock,BUY,24,307.43
2026-01-20 12:35,WMT,Stock,BUY,28,119.7
2026-01-20 12:35,CAT,Stock,BUY,25,646.89
2026-01-20 12:35,JNJ,Stock,BUY,33,218.66
2026-01-20 12:35,V,Stock,SELL,12,328.3
2026-01-20 12:35,HD,Stock,BUY,36,380.17
2026-01-20 12:35,BAC,Stock,BUY,14,52.97
2026-01-20 12:35,JPM,Stock,BUY,14,312.47
2026-01-20 12:35,UNH,Stock,BUY,13,331.02
2026-01-20 12:35,CVX,Stock,BUY,22,166.26
2026-01-20 12:35,XOM,Stock,BUY,22,129.89
2026-01-20 12:35,NFLX,Stock,SELL,13,88.0
2026-01-20 12:35,LMT,Stock,BUY,43,582.43
2026-01-20 12:35,BLK,Stock,BUY,30,1163.17
2026-01-20 12:35,SPGI,Stock,BUY,33,546.35
2026-01-20 12:35,MS,Stock,BUY,29,189.09
2026-01-20 12:35,RTX,Stock,BUY,26,201.92
2026-01-20 12:35,SPY,ETF,BUY,26,691.66
2026-01-20 12:35,VOO,ETF,BUY,13,636.09
2026-01-20 12:35,IVV,ETF,BUY,26,694.66
2026-01-20 12:35,VTI,ETF,BUY,28,341.85
2026-01-20 12:35,QQQ,ETF,BUY,13,621.26
2026-01-20 12:35,VUG,ETF,BUY,13,485.09
2026-01-20 12:35,VEA,ETF,BUY,25,65.14
2026-01-20 12:35,VTV,ETF,BUY,28,198.37
2026-01-20 12:35,IEFA,ETF,BUY,22,92.75
2026-01-20 12:35,AGG,ETF,SELL,11,100.05
2026-01-20 12:35,IEMG,ETF,BUY,22,70.92
2026-01-20 12:35,IJH,ETF,BUY,22,70.06
2026-01-20 12:35,IJR,ETF,BUY,30,128.62
2026-01-20 12:35,VIG,ETF,BUY,25,225.64
2026-01-20 12:35,VYM,ETF,BUY,25,148.87
2026-01-20 12:35,SCHD,ETF,BUY,21,28.9
2026-01-20 12:35,XLK,ETF,BUY,12,145.62
2026-01-20 12:35,VT,ETF,BUY,28,144.93
2026-01-20 12:35,ACWI,ETF,BUY,27,145.0
2026-01-20 13:41,AAPL,Stock,BUY,12,255.53
2026-01-20 13:41,MSFT,Stock,SELL,19,459.86
2026-01-20 13:41,NVDA,Stock,BUY,10,186.23
2026-01-20 13:41,AMZN,Stock,BUY,23,239.12
2026-01-20 13:41,GOOGL,Stock,BUY,33,330.0
2026-01-20 13:41,GOOG,Stock,BUY,33,330.34
2026-01-20 13:41,TSLA,Stock,BUY,14,437.5
2026-01-20 13:41,META,Stock,SELL,31,620.25
2026-01-20 13:41,ADBE,Stock,SELL,23,296.12
2026-01-20 13:41,AMD,Stock,BUY,26,231.83
2026-01-20 13:41,INTC,Stock,BUY,25,46.96
2026-01-20 13:41,CSCO,Stock,SELL,10,75.19
2026-01-20 13:41,QCOM,Stock,HOLD,0,159.42
2026-01-20 13:41,CRM,Stock,SELL,14,227.11
2026-01-20 13:41,AVGO,Stock,BUY,10,351.71
2026-01-20 13:41,ORCL,Stock,SELL,11,191.09
2026-01-20 13:41,IBM,Stock,BUY,16,305.67
2026-01-20 13:41,TXN,Stock,BUY,25,191.58
2026-01-20 13:41,AMGN,Stock,SELL,11,330.41
2026-01-20 13:41,HON,Stock,BUY,50,219.39
2026-01-20 13:41,PEP,Stock,SELL,10,146.32
2026-01-20 13:41,KO,Stock,BUY,23,70.44
2026-01-20 13:41,MCD,Stock,BUY,24,307.43
2026-01-20 13:41,WMT,Stock,BUY,28,119.7
2026-01-20 13:41,CAT,Stock,BUY,25,646.89
2026-01-20 13:41,JNJ,Stock,BUY,33,218.66
2026-01-20 13:41,V,Stock,SELL,12,328.3
2026-01-20 13:41,HD,Stock,BUY,36,380.17
2026-01-20 13:41,BAC,Stock,BUY,14,52.97
2026-01-20 13:41,JPM,Stock,BUY,14,312.47
2026-01-20 13:42,UNH,Stock,BUY,13,331.02
2026-01-20 13:42,CVX,Stock,BUY,22,166.26
2026-01-20 13:42,XOM,Stock,BUY,22,129.89
2026-01-20 13:42,NFLX,Stock,SELL,13,88.0
2026-01-20 13:42,LMT,Stock,BUY,43,582.43
2026-01-20 13:42,BLK,Stock,BUY,30,1163.17
2026-01-20 13:42,SPGI,Stock,BUY,33,546.35
2026-01-20 13:42,MS,Stock,BUY,29,189.09
2026-01-20 13:42,RTX,Stock,BUY,26,201.92
2026-01-20 13:42,SPY,ETF,BUY,26,691.66
2026-01-20 13:42,VOO,ETF,BUY,13,636.09
2026-01-20 13:42,IVV,ETF,BUY,26,694.66
2026-01-20 13:42,VTI,ETF,BUY,28,341.85
2026-01-20 13:42,QQQ,ETF,BUY,13,621.26
2026-01-20 13:42,VUG,ETF,BUY,13,485.09
2026-01-20 13:42,VEA,ETF,BUY,25,65.14
2026-01-20 13:42,VTV,ETF,BUY,28,198.37
2026-01-20 13:42,IEFA,ETF,BUY,22,92.75
2026-01-20 13:42,AGG,ETF,SELL,11,100.05
2026-01-20 13:42,IEMG,ETF,BUY,22,70.92
2026-01-20 13:42,IJH,ETF,BUY,22,70.06
2026-01-20 13:42,IJR,ETF,BUY,30,128.62
2026-01-20 13:42,VIG,ETF,BUY,25,225.64
2026-01-20 13:42,VYM,ETF,BUY,25,148.87
2026-01-20 13:42,SCHD,ETF,BUY,21,28.9
2026-01-20 13:42,XLK,ETF,BUY,12,145.62
2026-01-20 13:42,VT,ETF,BUY,28,144.93
2026-01-20 13:42,ACWI,ETF,BUY,27,145.0
2026-01-20 14:24,AAPL,Stock,BUY,12,255.53
2026-01-20 14:24,MSFT,Stock,SELL,19,459.86
2026-01-20 14:24,NVDA,Stock,BUY,10,186.23
2026-01-20 14:24,AMZN,Stock,BUY,23,239.12
2026-01-20 14:24,GOOGL,Stock,BUY,33,330.0
2026-01-20 14:24,GOOG,Stock,BUY,33,330.34
2026-01-20 14:24,TSLA,Stock,BUY,14,437.5
2026-01-20 14:24,META,Stock,SELL,31,620.25
2026-01-20 14:24,ADBE,Stock,SELL,23,296.12
2026-01-20 14:24,AMD,Stock,BUY,26,231.83
2026-01-20 14:24,INTC,Stock,BUY,25,46.96
2026-01-20 14:24,CSCO,Stock,SELL,10,75.19
2026-01-20 14:24,QCOM,Stock,HOLD,0,159.42
2026-01-20 14:24,CRM,Stock,SELL,14,227.11
2026-01-20 14:24,AVGO,Stock,BUY,10,351.71
2026-01-20 14:24,ORCL,Stock,SELL,11,191.09
2026-01-20 14:24,IBM,Stock,BUY,16,305.67
2026-01-20 14:24,TXN,Stock,BUY,25,191.58
2026-01-20 14:24,AMGN,Stock,SELL,11,330.41
2026-01-20 14:24,HON,Stock,BUY,50,219.39
2026-01-20 14:24,PEP,Stock,SELL,10,146.32
2026-01-20 14:24,KO,Stock,BUY,23,70.44
2026-01-20 14:24,MCD,Stock,BUY,24,307.43
2026-01-20 14:24,WMT,Stock,BUY,28,119.7
2026-01-20 14:24,CAT,Stock,BUY,25,646.89
2026-01-20 14:24,JNJ,Stock,BUY,33,218.66
2026-01-20 14:24,V,Stock,SELL,12,328.3
2026-01-20 14:24,HD,Stock,BUY,36,380.17
2026-01-20 14:24,BAC,Stock,BUY,14,52.97
2026-01-20 14:25,JPM,Stock,BUY,14,312.47
2026-01-20 14:25,UNH,Stock,BUY,13,331.02
2026-01-20 14:25,CVX,Stock,BUY,22,166.26
2026-01-20 14:25,XOM,Stock,BUY,22,129.89
2026-01-20 14:25,NFLX,Stock,SELL,13,88.0
2026-01-20 14:25,LMT,Stock,BUY,43,582.43
2026-01-20 14:25,BLK,Stock,BUY,30,1163.17
2026-01-20 14:25,SPGI,Stock,BUY,33,546.35
2026-01-20 14:25,MS,Stock,BUY,29,189.09
2026-01-20 14:25,RTX,Stock,BUY,26,201.92
2026-01-20 14:25,SPY,ETF,BUY,26,691.66
2026-01-20 14:25,VOO,ETF,BUY,13,636.09
2026-01-20 14:25,IVV,ETF,BUY,26,694.66
2026-01-20 14:25,VTI,ETF,BUY,28,341.85
2026-01-20 14:25,QQQ,ETF,BUY,13,621.26
2026-01-20 14:25,VUG,ETF,BUY,13,485.09
2026-01-20 14:25,VEA,ETF,BUY,25,65.14
2026-01-20 14:25,VTV,ETF,BUY,28,198.37
2026-01-20 14:25,IEFA,ETF,BUY,22,92.75
2026-01-20 14:25,AGG,ETF,SELL,11,100.05
2026-01-20 14:25,IEMG,ETF,BUY,22,70.92
2026-01-20 14:25,IJH,ETF,BUY,22,70.06
2026-01-20 14:25,IJR,ETF,BUY,30,128.62
2026-01-20 14:25,VIG,ETF,BUY,25,225.64
2026-01-20 14:25,VYM,ETF,BUY,25,148.87
2026-01-20 14:25,SCHD,ETF,BUY,21,28.9
2026-01-20 14:25,XLK,ETF,BUY,12,145.62
2026-01-20 14:25,VT,ETF,BUY,28,144.93
2026-01-20 14:25,ACWI,ETF,BUY,27,145.0
2026-01-20 15:25,AAPL,Stock,BUY,12,251.53
2026-01-20 15:25,MSFT,Stock,SELL,21,453.4
2026-01-20 15:25,NVDA,Stock,BUY,11,180.21
2026-01-20 15:25,AMZN,Stock,BUY,7,234.41
2026-01-20 15:25,GOOGL,Stock,BUY,33,324.61
2026-01-20 15:25,GOOG,Stock,BUY,33,325.01
2026-01-20 15:25,TSLA,Stock,BUY,15,426.03
2026-01-20 15:25,META,Stock,SELL,30,609.51
2026-01-20 15:25,ADBE,Stock,SELL,25,289.54
2026-01-20 15:25,AMD,Stock,BUY,27,235.65
2026-01-20 15:25,INTC,Stock,BUY,28,49.42
2026-01-20 15:25,CSCO,Stock,BUY,9,74.06
2026-01-20 15:25,QCOM,Stock,SELL,13,155.15
2026-01-20 15:25,CRM,Stock,SELL,16,226.53
2026-01-20 15:25,AVGO,Stock,BUY,10,340.62
2026-01-20 15:25,ORCL,Stock,SELL,11,184.28
2026-01-20 15:25,IBM,Stock,SELL,16,294.46
2026-01-20 15:25,TXN,Stock,BUY,27,190.17
2026-01-20 15:25,AMGN,Stock,SELL,12,327.76
2026-01-20 15:25,HON,Stock,BUY,35,217.57
2026-01-20 15:25,PEP,Stock,BUY,8,145.16
2026-01-20 15:25,KO,Stock,BUY,21,70.42
2026-01-20 15:25,MCD,Stock,BUY,13,304.95
2026-01-20 15:25,WMT,Stock,BUY,28,118.38
2026-01-20 15:25,CAT,Stock,BUY,26,638.49
2026-01-20 15:25,JNJ,Stock,BUY,32,216.67
2026-01-20 15:25,V,Stock,SELL,26,324.04
2026-01-20 15:25,HD,Stock,BUY,35,376.13
2026-01-20 15:25,BAC,Stock,BUY,14,53.42
2026-01-20 15:25,JPM,Stock,BUY,14,310.4
2026-01-20 15:25,UNH,Stock,BUY,11,333.05
2026-01-20 15:25,CVX,Stock,BUY,24,165.89
2026-01-20 15:25,XOM,Stock,BUY,20,130.86
2026-01-20 15:25,NFLX,Stock,SELL,13,88.75
2026-01-20 15:25,LMT,Stock,BUY,44,580.97
2026-01-20 15:25,BLK,Stock,BUY,31,1141.41
2026-01-20 15:25,SPGI,Stock,BUY,16,539.16
2026-01-20 15:25,MS,Stock,BUY,14,186.51
2026-01-20 15:25,RTX,Stock,BUY,26,201.04
2026-01-20 15:25,SPY,ETF,BUY,12,683.31
2026-01-20 15:25,VOO,ETF,BUY,13,628.41
2026-01-20 15:25,IVV,ETF,BUY,12,686.32
2026-01-20 15:25,VTI,ETF,BUY,13,337.89
2026-01-20 15:25,QQQ,ETF,BUY,12,612.87
2026-01-20 15:25,VUG,ETF,BUY,12,477.31
2026-01-20 15:25,VEA,ETF,BUY,24,64.46
2026-01-20 15:25,VTV,ETF,BUY,29,197.11
2026-01-20 15:25,IEFA,ETF,BUY,21,91.64
2026-01-20 15:25,AGG,ETF,SELL,11,99.81
2026-01-20 15:25,IEMG,ETF,BUY,24,70.64
2026-01-20 15:25,IJH,ETF,BUY,24,69.61
2026-01-20 15:25,IJR,ETF,BUY,25,127.57
2026-01-20 15:25,VIG,ETF,BUY,25,223.49
2026-01-20 15:25,VYM,ETF,BUY,25,147.65
2026-01-20 15:25,SCHD,ETF,BUY,24,28.73
2026-01-20 15:25,XLK,ETF,BUY,11,143.48
2026-01-20 15:25,VT,ETF,BUY,27,143.43
2026-01-20 15:25,ACWI,ETF,BUY,13,143.35
2026-01-20 16:27,AAPL,Stock,BUY,12,250.92
2026-01-20 16:27,MSFT,Stock,SELL,21,454.78
2026-01-20 16:27,NVDA,Stock,BUY,11,179.95
2026-01-20 16:27,AMZN,Stock,BUY,7,234.16
2026-01-20 16:27,GOOGL,Stock,BUY,33,326.72
2026-01-20 16:27,GOOG,Stock,BUY,33,327.1
2026-01-20 16:27,TSLA,Stock,BUY,15,424.97
2026-01-20 16:27,META,Stock,SELL,30,609.46
2026-01-20 16:27,ADBE,Stock,SELL,25,290.07
2026-01-20 16:27,AMD,Stock,BUY,27,237.98
2026-01-20 16:27,INTC,Stock,BUY,28,49.4
2026-01-20 16:27,CSCO,Stock,BUY,9,74.19
2026-01-20 16:27,QCOM,Stock,SELL,13,156.7
2026-01-20 16:27,CRM,Stock,SELL,16,225.32
2026-01-20 16:27,AVGO,Stock,BUY,10,337.13
2026-01-20 16:27,ORCL,Stock,SELL,11,182.99
2026-01-20 16:27,IBM,Stock,SELL,16,294.77
2026-01-20 16:27,TXN,Stock,BUY,27,191.74
2026-01-20 16:27,AMGN,Stock,SELL,12,329.63
2026-01-20 16:27,HON,Stock,BUY,35,215.84
2026-01-20 16:27,PEP,Stock,BUY,8,145.93
2026-01-20 16:27,KO,Stock,BUY,21,70.75
2026-01-20 16:27,MCD,Stock,BUY,13,304.67
2026-01-20 16:27,WMT,Stock,BUY,28,118.01
2026-01-20 16:27,CAT,Stock,BUY,26,637.22
2026-01-20 16:27,JNJ,Stock,BUY,32,217.52
2026-01-20 16:27,V,Stock,SELL,26,326.3
2026-01-20 16:27,HD,Stock,BUY,35,374.64
2026-01-20 16:27,BAC,Stock,BUY,14,52.81
2026-01-20 16:27,JPM,Stock,BUY,14,308.9
2026-01-20 16:27,UNH,Stock,BUY,11,334.33
2026-01-20 16:27,CVX,Stock,BUY,24,166.08
2026-01-20 16:27,XOM,Stock,BUY,20,131.36
2026-01-20 16:27,NFLX,Stock,SELL,13,88.46
2026-01-20 16:27,LMT,Stock,BUY,44,577.68
2026-01-20 16:27,BLK,Stock,BUY,31,1131.81
2026-01-20 16:27,SPGI,Stock,BUY,16,537.07
2026-01-20 16:27,MS,Stock,BUY,14,184.37
2026-01-20 16:27,RTX,Stock,BUY,26,199.16
2026-01-20 16:27,SPY,ETF,BUY,12,682.97
2026-01-20 16:27,VOO,ETF,BUY,13,628.12
2026-01-20 16:27,IVV,ETF,BUY,12,686.06
2026-01-20 16:27,VTI,ETF,BUY,13,337.78
2026-01-20 16:27,QQQ,ETF,BUY,12,613.39
2026-01-20 16:27,VUG,ETF,BUY,12,477.23
2026-01-20 16:27,VEA,ETF,BUY,24,64.62
2026-01-20 16:27,VTV,ETF,BUY,29,196.96
2026-01-20 16:27,IEFA,ETF,BUY,21,91.88
2026-01-20 16:27,AGG,ETF,SELL,11,99.76
2026-01-20 16:27,IEMG,ETF,BUY,24,70.79
2026-01-20 16:27,IJH,ETF,BUY,24,69.57
2026-01-20 16:27,IJR,ETF,BUY,25,127.53
2026-01-20 16:27,VIG,ETF,BUY,25,223.22
2026-01-20 16:27,VYM,ETF,BUY,25,147.46
2026-01-20 16:27,SCHD,ETF,BUY,24,28.76
2026-01-20 16:27,XLK,ETF,BUY,11,143.65
2026-01-20 16:27,VT,ETF,BUY,27,143.49
2026-01-20 16:27,ACWI,ETF,BUY,13,143.42
2026-01-20 17:23,AAPL,Stock,BUY,12,250.71
2026-01-20 17:23,MSFT,Stock,SELL,21,454.08
2026-01-20 17:23,NVDA,Stock,BUY,11,179.95
2026-01-20 17:23,AMZN,Stock,BUY,7,233.55
2026-01-20 17:23,GOOGL,Stock,BUY,33,326.09
2026-01-20 17:23,GOOG,Stock,BUY,33,326.42
2026-01-20 17:23,TSLA,Stock,BUY,15,426.48
2026-01-20 17:23,META,Stock,SELL,30,607.49
2026-01-20 17:23,ADBE,Stock,SELL,25,291.91
2026-01-20 17:23,AMD,Stock,BUY,27,236.56
2026-01-20 17:23,INTC,Stock,BUY,28,49.66
2026-01-20 17:23,CSCO,Stock,BUY,9,74.14
2026-01-20 17:23,QCOM,Stock,SELL,13,155.71
2026-01-20 17:23,CRM,Stock,SELL,16,225.63
2026-01-20 17:23,AVGO,Stock,BUY,10,335.14
2026-01-20 17:23,ORCL,Stock,SELL,11,183.21
2026-01-20 17:23,IBM,Stock,SELL,16,295.91
2026-01-20 17:23,TXN,Stock,BUY,27,190.73
2026-01-20 17:23,AMGN,Stock,SELL,12,329.49
2026-01-20 17:23,HON,Stock,BUY,35,215.95
2026-01-20 17:23,PEP,Stock,BUY,8,146.17
2026-01-20 17:23,KO,Stock,BUY,21,71.18
2026-01-20 17:23,MCD,Stock,BUY,13,304.72
2026-01-20 17:23,WMT,Stock,BUY,28,118.22
2026-01-20 17:23,CAT,Stock,BUY,26,632.01
2026-01-20 17:23,JNJ,Stock,BUY,32,217.62
2026-01-20 17:23,V,Stock,SELL,26,326.93
2026-01-20 17:23,HD,Stock,BUY,35,374.56
2026-01-20 17:23,BAC,Stock,BUY,14,52.77
2026-01-20 17:23,JPM,Stock,BUY,14,308.66
2026-01-20 17:24,UNH,Stock,BUY,11,337.92
2026-01-20 17:24,CVX,Stock,BUY,24,166.29
2026-01-20 17:24,XOM,Stock,BUY,20,130.82
2026-01-20 17:24,NFLX,Stock,SELL,13,88.6
2026-01-20 17:24,LMT,Stock,BUY,44,577.07
2026-01-20 17:24,BLK,Stock,BUY,31,1128.2
2026-01-20 17:24,SPGI,Stock,BUY,16,534.4
2026-01-20 17:24,MS,Stock,BUY,14,184.74
2026-01-20 17:24,RTX,Stock,BUY,26,198.88
2026-01-20 17:24,SPY,ETF,BUY,12,682.49
2026-01-20 17:24,VOO,ETF,BUY,13,627.62
2026-01-20 17:24,IVV,ETF,BUY,12,685.5
2026-01-20 17:24,VTI,ETF,BUY,13,337.56
2026-01-20 17:24,QQQ,ETF,BUY,12,613.0
2026-01-20 17:24,VUG,ETF,BUY,12,476.68
2026-01-20 17:24,VEA,ETF,BUY,24,64.62
2026-01-20 17:24,VTV,ETF,BUY,28,196.86
2026-01-20 17:24,IEFA,ETF,BUY,21,91.89
2026-01-20 17:24,AGG,ETF,SELL,11,99.79
2026-01-20 17:24,IEMG,ETF,BUY,24,70.72
2026-01-20 17:24,IJH,ETF,BUY,24,69.52
2026-01-20 17:24,IJR,ETF,BUY,25,127.58
2026-01-20 17:24,VIG,ETF,BUY,25,223.13
2026-01-20 17:24,VYM,ETF,BUY,25,147.33
2026-01-20 17:24,SCHD,ETF,BUY,24,28.77
2026-01-20 17:24,XLK,ETF,BUY,11,143.32
2026-01-20 17:24,VT,ETF,BUY,27,143.41
2026-01-20 17:24,ACWI,ETF,BUY,13,143.34
2026-01-20 18:27,AAPL,Stock,BUY,12,249.29
2026-01-20 18:27,MSFT,Stock,SELL,21,453.51
2026-01-20 18:27,NVDA,Stock,BUY,11,179.71
2026-01-20 18:27,AMZN,Stock,BUY,7,231.85
2026-01-20 18:27,GOOGL,Stock,BUY,33,324.59
2026-01-20 18:27,GOOG,Stock,BUY,33,324.92
2026-01-20 18:27,TSLA,Stock,BUY,15,425.0
2026-01-20 18:27,META,Stock,SELL,30,606.39
2026-01-20 18:27,ADBE,Stock,SELL,25,291.64
2026-01-20 18:27,AMD,Stock,BUY,27,233.86
2026-01-20 18:27,INTC,Stock,BUY,28,48.68
2026-01-20 18:27,CSCO,Stock,BUY,9,73.9
2026-01-20 18:27,QCOM,Stock,SELL,13,155.15
2026-01-20 18:27,CRM,Stock,SELL,16,223.85
2026-01-20 18:27,AVGO,Stock,BUY,10,333.64
2026-01-20 18:27,ORCL,Stock,SELL,11,181.95
2026-01-20 18:27,IBM,Stock,SELL,16,296.4
2026-01-20 18:27,TXN,Stock,BUY,22,189.04
2026-01-20 18:27,AMGN,Stock,SELL,12,329.47
2026-01-20 18:27,HON,Stock,BUY,35,215.41
2026-01-20 18:27,PEP,Stock,BUY,8,146.35
2026-01-20 18:27,KO,Stock,BUY,21,71.42
2026-01-20 18:27,MCD,Stock,BUY,13,304.88
2026-01-20 18:27,WMT,Stock,BUY,28,118.79
2026-01-20 18:27,CAT,Stock,BUY,25,629.63
2026-01-20 18:27,JNJ,Stock,BUY,32,218.01
2026-01-20 18:27,V,Stock,SELL,26,325.89
2026-01-20 18:27,HD,Stock,BUY,35,375.16
2026-01-20 18:27,BAC,Stock,BUY,14,52.44
2026-01-20 18:27,JPM,Stock,BUY,14,306.94
2026-01-20 18:27,UNH,Stock,BUY,11,337.68
2026-01-20 18:27,CVX,Stock,BUY,24,166.49
2026-01-20 18:27,XOM,Stock,BUY,20,130.71
2026-01-20 18:27,NFLX,Stock,SELL,13,88.34
2026-01-20 18:27,LMT,Stock,BUY,44,579.29
2026-01-20 18:27,BLK,Stock,BUY,31,1117.06
2026-01-20 18:27,SPGI,Stock,BUY,16,524.73
2026-01-20 18:27,MS,Stock,BUY,14,183.71
2026-01-20 18:27,RTX,Stock,BUY,26,198.52
2026-01-20 18:27,SPY,ETF,BUY,12,680.43
2026-01-20 18:27,VOO,ETF,BUY,13,625.75
2026-01-20 18:27,IVV,ETF,BUY,12,683.45
2026-01-20 18:27,VTI,ETF,BUY,13,336.57
2026-01-20 18:27,QQQ,ETF,BUY,12,610.76
2026-01-20 18:27,VUG,ETF,BUY,12,475.07
2026-01-20 18:27,VEA,ETF,BUY,24,64.46
2026-01-20 18:27,VTV,ETF,BUY,28,196.4
2026-01-20 18:27,IEFA,ETF,BUY,21,91.67
2026-01-20 18:27,AGG,ETF,SELL,11,99.78
2026-01-20 18:27,IEMG,ETF,BUY,24,70.56
2026-01-20 18:27,IJH,ETF,BUY,24,69.36
2026-01-20 18:27,IJR,ETF,BUY,25,127.36
2026-01-20 18:27,VIG,ETF,BUY,25,222.59
2026-01-20 18:27,VYM,ETF,BUY,25,147.07
2026-01-20 18:27,SCHD,ETF,BUY,24,28.75
2026-01-20 18:27,XLK,ETF,BUY,11,142.6
2026-01-20 18:27,VT,ETF,BUY,13,143.02
2026-01-20 18:27,ACWI,ETF,BUY,13,142.93
2026-01-20 20:08,AAPL,Stock,BUY,12,246.99
2026-01-20 20:08,MSFT,Stock,SELL,21,454.12
2026-01-20 20:08,NVDA,Stock,BUY,11,179.27
2026-01-20 20:08,AMZN,Stock,BUY,7,229.49
2026-01-20 20:08,GOOGL,Stock,BUY,33,323.42
2026-01-20 20:08,GOOG,Stock,BUY,33,323.8
2026-01-20 20:08,TSLA,Stock,BUY,15,420.84
2026-01-20 20:08,META,Stock,SELL,30,603.96
2026-01-20 20:08,ADBE,Stock,SELL,25,292.18
2026-01-20 20:08,AMD,Stock,BUY,27,231.44
2026-01-20 20:08,INTC,Stock,BUY,28,48.33
2026-01-20 20:08,CSCO,Stock,BUY,9,73.31
2026-01-20 20:08,QCOM,Stock,SELL,13,153.93
2026-01-20 20:08,CRM,Stock,SELL,16,222.48
2026-01-20 20:08,AVGO,Stock,BUY,10,334.08
2026-01-20 20:08,ORCL,Stock,SELL,11,181.29
2026-01-20 20:08,IBM,Stock,SELL,16,291.76
2026-01-20 20:08,TXN,Stock,BUY,22,188.44
2026-01-20 20:08,AMGN,Stock,SELL,12,330.53
2026-01-20 20:08,HON,Stock,BUY,35,214.69
2026-01-20 20:08,PEP,Stock,BUY,8,146.7
2026-01-20 20:08,KO,Stock,BUY,21,71.43
2026-01-20 20:08,MCD,Stock,SELL,12,302.89
2026-01-20 20:08,WMT,Stock,BUY,28,118.09
2026-01-20 20:08,CAT,Stock,BUY,25,627.22
2026-01-20 20:08,JNJ,Stock,BUY,32,218.49
2026-01-20 20:08,V,Stock,SELL,26,324.87
2026-01-20 20:08,HD,Stock,BUY,35,375.15
2026-01-20 20:08,BAC,Stock,BUY,14,52.12
2026-01-20 20:08,JPM,Stock,BUY,14,302.06
2026-01-20 20:08,UNH,Stock,BUY,11,337.6
2026-01-20 20:08,CVX,Stock,BUY,24,166.04
2026-01-20 20:08,XOM,Stock,BUY,20,130.32
2026-01-20 20:08,NFLX,Stock,SELL,13,87.98
2026-01-20 20:08,LMT,Stock,BUY,44,575.83
2026-01-20 20:08,BLK,Stock,BUY,31,1109.41
2026-01-20 20:08,SPGI,Stock,BUY,16,520.5
2026-01-20 20:08,MS,Stock,BUY,14,181.71
2026-01-20 20:08,RTX,Stock,BUY,26,197.19
2026-01-20 20:08,SPY,ETF,BUY,12,677.53
2026-01-20 20:08,VOO,ETF,BUY,13,623.1
2026-01-20 20:08,IVV,ETF,BUY,12,680.53
2026-01-20 20:08,VTI,ETF,BUY,13,335.09
2026-01-20 20:08,QQQ,ETF,BUY,12,608.2
2026-01-20 20:08,VUG,ETF,BUY,12,473.23
2026-01-20 20:08,VEA,ETF,BUY,24,64.22
2026-01-20 20:08,VTV,ETF,BUY,28,195.49
2026-01-20 20:08,IEFA,ETF,BUY,21,91.33
2026-01-20 20:08,AGG,ETF,SELL,22,99.68
2026-01-20 20:08,IEMG,ETF,BUY,24,70.31
2026-01-20 20:08,IJH,ETF,BUY,23,69.03
2026-01-20 20:08,IJR,ETF,BUY,25,126.73
2026-01-20 20:08,VIG,ETF,BUY,12,221.71
2026-01-20 20:08,VYM,ETF,BUY,25,146.43
2026-01-20 20:08,SCHD,ETF,BUY,24,28.64
2026-01-20 20:08,XLK,ETF,BUY,11,142.05
2026-01-20 20:08,VT,ETF,BUY,13,142.4
2026-01-20 20:08,ACWI,ETF,BUY,13,142.36
2026-01-20 21:15,AAPL,Stock,BUY,12,246.7
2026-01-20 21:15,MSFT,Stock,SELL,21,454.52
2026-01-20 21:15,NVDA,Stock,BUY,11,178.07
2026-01-20 21:15,AMZN,Stock,BUY,7,231.0
2026-01-20 21:15,GOOGL,Stock,BUY,33,322.0
2026-01-20 21:15,GOOG,Stock,SELL,25,322.16
2026-01-20 21:15,TSLA,Stock,BUY,15,419.25
2026-01-20 21:15,META,Stock,SELL,30,604.12
2026-01-20 21:15,ADBE,Stock,SELL,25,290.37
2026-01-20 21:15,AMD,Stock,BUY,27,231.92
2026-01-20 21:15,INTC,Stock,BUY,28,48.56
2026-01-20 21:15,CSCO,Stock,BUY,9,73.35
2026-01-20 21:15,QCOM,Stock,SELL,13,154.07
2026-01-20 21:15,CRM,Stock,SELL,16,220.07
2026-01-20 21:15,AVGO,Stock,BUY,10,332.6
2026-01-20 21:15,ORCL,Stock,SELL,11,179.92
2026-01-20 21:15,IBM,Stock,SELL,16,291.35
2026-01-20 21:15,TXN,Stock,BUY,27,189.59
2026-01-20 21:15,AMGN,Stock,SELL,12,331.0
2026-01-20 21:15,HON,Stock,BUY,35,215.07
2026-01-20 21:15,PEP,Stock,BUY,8,147.66
2026-01-20 21:15,KO,Stock,BUY,21,71.75
2026-01-20 21:15,MCD,Stock,SELL,12,302.84
2026-01-20 21:15,WMT,Stock,BUY,28,118.71
2026-01-20 21:15,CAT,Stock,BUY,25,629.0
2026-01-20 21:15,JNJ,Stock,BUY,32,218.21
2026-01-20 21:15,V,Stock,SELL,26,325.82
2026-01-20 21:15,HD,Stock,BUY,35,375.11
2026-01-20 21:15,BAC,Stock,BUY,14,52.1
2026-01-20 21:15,JPM,Stock,BUY,14,302.74
2026-01-20 21:15,UNH,Stock,BUY,11,338.43
2026-01-20 21:15,CVX,Stock,BUY,24,165.3
2026-01-20 21:15,XOM,Stock,BUY,20,130.46
2026-01-20 21:15,NFLX,Stock,SELL,13,87.26
2026-01-20 21:15,LMT,Stock,BUY,44,576.06
2026-01-20 21:15,BLK,Stock,BUY,31,1110.05
2026-01-20 21:15,SPGI,Stock,BUY,16,519.16
2026-01-20 21:15,MS,Stock,BUY,14,182.06
2026-01-20 21:15,RTX,Stock,BUY,26,196.36
2026-01-20 21:15,SPY,ETF,BUY,12,677.58
2026-01-20 21:15,VOO,ETF,BUY,13,623.15
2026-01-20 21:15,IVV,ETF,BUY,12,680.6
2026-01-20 21:15,VTI,ETF,BUY,13,335.11
2026-01-20 21:15,QQQ,ETF,BUY,12,608.06
2026-01-20 21:15,VUG,ETF,BUY,12,472.57
2026-01-20 21:15,VEA,ETF,BUY,24,64.27
2026-01-20 21:15,VTV,ETF,BUY,28,195.73
2026-01-20 21:15,IEFA,ETF,BUY,21,91.42
2026-01-20 21:15,AGG,ETF,SELL,22,99.67
2026-01-20 21:15,IEMG,ETF,BUY,24,70.37
2026-01-20 21:15,IJH,ETF,BUY,23,69.09
2026-01-20 21:15,IJR,ETF,BUY,25,126.82
2026-01-20 21:15,VIG,ETF,BUY,12,221.87
2026-01-20 21:15,VYM,ETF,BUY,25,146.57
2026-01-20 21:15,SCHD,ETF,BUY,24,28.7
2026-01-20 21:15,XLK,ETF,BUY,11,141.84
2026-01-20 21:15,VT,ETF,BUY,13,142.45
2026-01-20 21:15,ACWI,ETF,BUY,13,142.36
2026-01-20 22:17,AAPL,Stock,BUY,12,246.7
2026-01-20 22:17,MSFT,Stock,SELL,21,454.52
2026-01-20 22:17,NVDA,Stock,BUY,11,178.07
2026-01-20 22:17,AMZN,Stock,BUY,7,231.0
2026-01-20 22:17,GOOGL,Stock,BUY,33,322.0
2026-01-20 22:17,GOOG,Stock,SELL,25,322.16
2026-01-20 22:17,TSLA,Stock,BUY,15,419.25
2026-01-20 22:17,META,Stock,SELL,30,604.12
2026-01-20 22:17,ADBE,Stock,SELL,25,290.37
2026-01-20 22:17,AMD,Stock,BUY,27,231.92
2026-01-20 22:17,INTC,Stock,BUY,28,48.56
2026-01-20 22:17,CSCO,Stock,BUY,9,73.35
2026-01-20 22:17,QCOM,Stock,SELL,13,154.07
2026-01-20 22:17,CRM,Stock,SELL,16,220.07
2026-01-20 22:17,AVGO,Stock,BUY,10,332.6
2026-01-20 22:17,ORCL,Stock,SELL,11,179.92
2026-01-20 22:17,IBM,Stock,SELL,16,291.35
2026-01-20 22:17,TXN,Stock,BUY,27,189.59
2026-01-20 22:17,AMGN,Stock,SELL,12,331.0
2026-01-20 22:17,HON,Stock,BUY,35,215.07
2026-01-20 22:17,PEP,Stock,BUY,8,147.66
2026-01-20 22:17,KO,Stock,BUY,21,71.75
2026-01-20 22:17,MCD,Stock,SELL,12,302.84
2026-01-20 22:17,WMT,Stock,BUY,28,118.71
2026-01-20 22:17,CAT,Stock,BUY,25,629.0
2026-01-20 22:17,JNJ,Stock,BUY,32,218.21
2026-01-20 22:17,V,Stock,SELL,26,325.82
2026-01-20 22:17,HD,Stock,BUY,35,375.11
2026-01-20 22:17,BAC,Stock,BUY,14,52.1
2026-01-20 22:17,JPM,Stock,BUY,14,302.74
2026-01-20 22:17,UNH,Stock,BUY,11,338.43
2026-01-20 22:17,CVX,Stock,BUY,24,165.3
2026-01-20 22:17,XOM,Stock,BUY,20,130.46
2026-01-20 22:17,NFLX,Stock,SELL,13,87.26
2026-01-20 22:17,LMT,Stock,BUY,44,576.06
2026-01-20 22:17,BLK,Stock,BUY,31,1110.05
2026-01-20 22:17,SPGI,Stock,BUY,16,519.04
2026-01-20 22:17,MS,Stock,BUY,14,182.1
2026-01-20 22:17,RTX,Stock,BUY,26,196.36
2026-01-20 22:17,SPY,ETF,BUY,12,677.58
2026-01-20 22:17,VOO,ETF,BUY,13,623.15
2026-01-20 22:17,IVV,ETF,BUY,12,680.6
2026-01-20 22:17,VTI,ETF,BUY,13,335.11
2026-01-20 22:17,QQQ,ETF,BUY,12,608.06
2026-01-20 22:17,VUG,ETF,BUY,12,472.57
2026-01-20 22:17,VEA,ETF,BUY,24,64.27
2026-01-20 22:17,VTV,ETF,BUY,28,195.73
2026-01-20 22:17,IEFA,ETF,BUY,21,91.42
2026-01-20 22:17,AGG,ETF,SELL,22,99.67
2026-01-20 22:17,IEMG,ETF,BUY,24,70.37
2026-01-20 22:17,IJH,ETF,BUY,23,69.09
2026-01-20 22:17,IJR,ETF,BUY,25,126.82
2026-01-20 22:17,VIG,ETF,BUY,12,221.87
2026-01-20 22:17,VYM,ETF,BUY,25,146.57
2026-01-20 22:18,SCHD,ETF,BUY,24,28.7
2026-01-20 22:18,XLK,ETF,BUY,11,141.84
2026-01-20 22:18,VT,ETF,BUY,13,142.45
2026-01-20 22:18,ACWI,ETF,BUY,13,142.36
2026-01-20 23:16,AAPL,Stock,BUY,12,246.7
2026-01-20 23:16,MSFT,Stock,SELL,21,454.52
2026-01-20 23:16,NVDA,Stock,BUY,11,178.07
2026-01-20 23:16,AMZN,Stock,BUY,7,231.0
2026-01-20 23:16,GOOGL,Stock,BUY,33,322.0
2026-01-20 23:16,GOOG,Stock,SELL,25,322.16
2026-01-20 23:16,TSLA,Stock,BUY,15,419.25
2026-01-20 23:16,META,Stock,SELL,30,604.12
2026-01-20 23:16,ADBE,Stock,SELL,25,290.37
2026-01-20 23:16,AMD,Stock,BUY,27,231.92
2026-01-20 23:16,INTC,Stock,BUY,28,48.56
2026-01-20 23:16,CSCO,Stock,BUY,9,73.35
2026-01-20 23:16,QCOM,Stock,SELL,13,154.07
2026-01-20 23:16,CRM,Stock,SELL,16,220.07
2026-01-20 23:16,AVGO,Stock,BUY,10,332.6
2026-01-20 23:16,ORCL,Stock,SELL,11,179.92
2026-01-20 23:16,IBM,Stock,SELL,16,291.35
2026-01-20 23:16,TXN,Stock,BUY,27,189.59
2026-01-20 23:16,AMGN,Stock,SELL,12,331.0
2026-01-20 23:16,HON,Stock,BUY,35,215.07
2026-01-20 23:16,PEP,Stock,BUY,8,147.66
2026-01-20 23:16,KO,Stock,BUY,21,71.75
2026-01-20 23:16,MCD,Stock,SELL,12,302.84
2026-01-20 23:16,WMT,Stock,BUY,28,118.71
2026-01-20 23:16,CAT,Stock,BUY,25,629.0
2026-01-20 23:16,JNJ,Stock,BUY,32,218.21
2026-01-20 23:16,V,Stock,SELL,26,325.82
2026-01-20 23:16,HD,Stock,BUY,35,375.11
2026-01-20 23:16,BAC,Stock,BUY,14,52.1
2026-01-20 23:16,JPM,Stock,BUY,14,302.74
2026-01-20 23:16,UNH,Stock,BUY,11,338.43
2026-01-20 23:16,CVX,Stock,BUY,24,165.3
2026-01-20 23:16,XOM,Stock,BUY,20,130.46
2026-01-20 23:16,NFLX,Stock,SELL,13,87.26
2026-01-20 23:16,LMT,Stock,BUY,44,576.06
2026-01-20 23:16,BLK,Stock,BUY,31,1110.05
2026-01-20 23:16,SPGI,Stock,BUY,16,519.04
2026-01-20 23:16,MS,Stock,BUY,14,182.1
2026-01-20 23:16,RTX,Stock,BUY,26,196.36
2026-01-20 23:16,SPY,ETF,BUY,12,677.58
2026-01-20 23:16,VOO,ETF,BUY,13,623.15
2026-01-20 23:16,IVV,ETF,BUY,12,680.6
2026-01-20 23:16,VTI,ETF,BUY,13,335.11
2026-01-20 23:16,QQQ,ETF,BUY,12,608.06
2026-01-20 23:16,VUG,ETF,BUY,12,472.57
2026-01-20 23:16,VEA,ETF,BUY,24,64.27
2026-01-20 23:16,VTV,ETF,BUY,28,195.73
2026-01-20 23:16,IEFA,ETF,BUY,21,91.42
2026-01-20 23:16,AGG,ETF,SELL,22,99.67
2026-01-20 23:16,IEMG,ETF,BUY,24,70.37
2026-01-20 23:16,IJH,ETF,BUY,23,69.09
2026-01-20 23:16,IJR,ETF,BUY,25,126.82
2026-01-20 23:16,VIG,ETF,BUY,12,221.87
2026-01-20 23:16,VYM,ETF,BUY,25,146.57
2026-01-20 23:16,SCHD,ETF,BUY,24,28.7
2026-01-20 23:16,XLK,ETF,BUY,11,141.84
2026-01-20 23:16,VT,ETF,BUY,13,142.45
2026-01-20 23:16,ACWI,ETF,BUY,13,142.36
2026-01-21 01:13,AAPL,Stock,BUY,12,246.7
2026-01-21 01:14,MSFT,Stock,SELL,21,454.52
2026-01-21 01:14,NVDA,Stock,BUY,11,178.07
2026-01-21 01:14,AMZN,Stock,BUY,7,231.0
2026-01-21 01:14,GOOGL,Stock,BUY,33,322.0
2026-01-21 01:14,GOOG,Stock,SELL,25,322.16
2026-01-21 01:14,TSLA,Stock,BUY,15,419.25
2026-01-21 01:14,META,Stock,SELL,30,604.12
2026-01-21 01:14,ADBE,Stock,SELL,25,290.37
2026-01-21 01:14,AMD,Stock,BUY,27,231.92
2026-01-21 01:14,INTC,Stock,BUY,28,48.56
2026-01-21 01:14,CSCO,Stock,BUY,9,73.35
2026-01-21 01:14,QCOM,Stock,SELL,13,154.07
2026-01-21 01:14,CRM,Stock,SELL,16,220.07
2026-01-21 01:14,AVGO,Stock,BUY,10,332.6
2026-01-21 01:14,ORCL,Stock,SELL,11,179.92
2026-01-21 01:14,IBM,Stock,SELL,16,291.35
2026-01-21 01:14,TXN,Stock,BUY,27,189.59
2026-01-21 01:14,AMGN,Stock,SELL,12,331.0
2026-01-21 01:14,HON,Stock,BUY,35,215.07
2026-01-21 01:14,PEP,Stock,BUY,8,147.66
2026-01-21 01:14,KO,Stock,BUY,21,71.75
2026-01-21 01:14,MCD,Stock,SELL,12,302.84
2026-01-21 01:14,WMT,Stock,BUY,28,118.71
2026-01-21 01:14,CAT,Stock,BUY,25,629.0
2026-01-21 01:14,JNJ,Stock,BUY,32,218.21
2026-01-21 01:14,V,Stock,SELL,26,325.82
2026-01-21 01:14,HD,Stock,BUY,35,375.11
2026-01-21 01:14,BAC,Stock,BUY,14,52.1
2026-01-21 01:14,JPM,Stock,BUY,14,302.74
2026-01-21 01:14,UNH,Stock,BUY,11,338.43
2026-01-21 01:14,CVX,Stock,BUY,24,165.3
2026-01-21 01:14,XOM,Stock,BUY,20,130.46
2026-01-21 01:14,NFLX,Stock,SELL,13,87.26
2026-01-21 01:14,LMT,Stock,BUY,44,576.06
2026-01-21 01:14,BLK,Stock,BUY,31,1110.05
2026-01-21 01:14,SPGI,Stock,BUY,16,519.04
2026-01-21 01:14,MS,Stock,BUY,14,182.1
2026-01-21 01:14,RTX,Stock,BUY,26,196.36
2026-01-21 01:14,SPY,ETF,BUY,12,677.58
2026-01-21 01:14,VOO,ETF,BUY,13,623.15
2026-01-21 01:14,IVV,ETF,BUY,12,680.6
2026-01-21 01:14,VTI,ETF,BUY,13,335.11
2026-01-21 01:14,QQQ,ETF,BUY,12,608.06
2026-01-21 01:14,VUG,ETF,BUY,12,472.57
2026-01-21 01:14,VEA,ETF,BUY,24,64.27
2026-01-21 01:14,VTV,ETF,BUY,28,195.73
2026-01-21 01:14,IEFA,ETF,BUY,21,91.42
2026-01-21 01:14,AGG,ETF,SELL,22,99.67
2026-01-21 01:14,IEMG,ETF,BUY,24,70.37
2026-01-21 01:14,IJH,ETF,BUY,23,69.09
2026-01-21 01:14,IJR,ETF,BUY,25,126.82
2026-01-21 01:14,VIG,ETF,BUY,12,221.87
2026-01-21 01:14,VYM,ETF,BUY,25,146.57
2026-01-21 01:14,SCHD,ETF,BUY,24,28.7
2026-01-21 01:14,XLK,ETF,BUY,11,141.84
2026-01-21 01:14,VT,ETF,BUY,13,142.45
2026-01-21 01:14,ACWI,ETF,BUY,13,142.36
2026-01-21 03:28,AAPL,Stock,BUY,12,246.7
2026-01-21 03:28,MSFT,Stock,SELL,21,454.52
2026-01-21 03:28,NVDA,Stock,BUY,11,178.07
2026-01-21 03:28,AMZN,Stock,BUY,7,231.0
2026-01-21 03:28,GOOGL,Stock,BUY,33,322.0
2026-01-21 03:28,GOOG,Stock,SELL,25,322.16
2026-01-21 03:28,TSLA,Stock,BUY,15,419.25
2026-01-21 03:28,META,Stock,SELL,30,604.12
2026-01-21 03:28,ADBE,Stock,SELL,25,290.37
2026-01-21 03:28,AMD,Stock,BUY,27,231.92
2026-01-21 03:28,INTC,Stock,BUY,28,48.56
2026-01-21 03:28,CSCO,Stock,BUY,9,73.35
2026-01-21 03:28,QCOM,Stock,SELL,13,154.07
2026-01-21 03:28,CRM,Stock,SELL,16,220.07
2026-01-21 03:28,AVGO,Stock,BUY,10,332.6
2026-01-21 03:28,ORCL,Stock,SELL,11,179.92
2026-01-21 03:28,IBM,Stock,SELL,16,291.35
2026-01-21 03:28,TXN,Stock,BUY,27,189.59
2026-01-21 03:28,AMGN,Stock,SELL,12,331.0
2026-01-21 03:28,HON,Stock,BUY,35,215.07
2026-01-21 03:28,PEP,Stock,BUY,8,147.66
2026-01-21 03:28,KO,Stock,BUY,21,71.75
2026-01-21 03:28,MCD,Stock,SELL,12,302.84
2026-01-21 03:28,WMT,Stock,BUY,28,118.71
2026-01-21 03:28,CAT,Stock,BUY,25,629.0
2026-01-21 03:28,JNJ,Stock,BUY,32,218.21
2026-01-21 03:28,V,Stock,SELL,26,325.82
2026-01-21 03:28,HD,Stock,BUY,35,375.11
2026-01-21 03:28,BAC,Stock,BUY,14,52.1
2026-01-21 03:28,JPM,Stock,BUY,14,302.74
2026-01-21 03:28,UNH,Stock,BUY,11,338.43
2026-01-21 03:28,CVX,Stock,BUY,24,165.3
2026-01-21 03:28,XOM,Stock,BUY,20,130.46
2026-01-21 03:28,NFLX,Stock,SELL,13,87.26
2026-01-21 03:28,LMT,Stock,BUY,44,576.06
2026-01-21 03:29,BLK,Stock,BUY,31,1110.05
2026-01-21 03:29,SPGI,Stock,BUY,16,519.04
2026-01-21 03:29,MS,Stock,BUY,14,182.1
2026-01-21 03:29,RTX,Stock,BUY,26,196.36
2026-01-21 03:29,SPY,ETF,BUY,12,677.58
2026-01-21 03:29,VOO,ETF,BUY,13,623.15
2026-01-21 03:29,IVV,ETF,BUY,12,680.6
2026-01-21 03:29,VTI,ETF,BUY,13,335.11
2026-01-21 03:29,QQQ,ETF,BUY,12,608.06
2026-01-21 03:29,VUG,ETF,BUY,12,472.57
2026-01-21 03:29,VEA,ETF,BUY,24,64.27
2026-01-21 03:29,VTV,ETF,BUY,28,195.73
2026-01-21 03:29,IEFA,ETF,BUY,21,91.42
2026-01-21 03:29,AGG,ETF,SELL,22,99.67
2026-01-21 03:29,IEMG,ETF,BUY,24,70.37
2026-01-21 03:29,IJH,ETF,BUY,23,69.09
2026-01-21 03:29,IJR,ETF,BUY,25,126.82
2026-01-21 03:29,VIG,ETF,BUY,12,221.87
2026-01-21 03:29,VYM,ETF,BUY,25,146.57
2026-01-21 03:29,SCHD,ETF,BUY,24,28.7
2026-01-21 03:29,XLK,ETF,BUY,11,141.84
2026-01-21 03:29,VT,ETF,BUY,13,142.45
2026-01-21 03:29,ACWI,ETF,BUY,13,142.36
2026-01-21 04:39,AAPL,Stock,BUY,12,246.7
2026-01-21 04:39,MSFT,Stock,SELL,21,454.52
2026-01-21 04:39,NVDA,Stock,BUY,11,178.07
2026-01-21 04:39,AMZN,Stock,BUY,7,231.0
2026-01-21 04:39,GOOGL,Stock,BUY,33,322.0
2026-01-21 04:39,GOOG,Stock,SELL,25,322.16
2026-01-21 04:39,TSLA,Stock,BUY,15,419.25
2026-01-21 04:39,META,Stock,SELL,30,604.12
2026-01-21 04:39,ADBE,Stock,SELL,25,290.37
2026-01-21 04:39,AMD,Stock,BUY,27,231.92
2026-01-21 04:39,INTC,Stock,BUY,28,48.56
2026-01-21 04:39,CSCO,Stock,BUY,9,73.35
2026-01-21 04:39,QCOM,Stock,SELL,13,154.07
2026-01-21 04:39,CRM,Stock,SELL,16,220.07
2026-01-21 04:39,AVGO,Stock,BUY,10,332.6
2026-01-21 04:39,ORCL,Stock,SELL,11,179.92
2026-01-21 04:39,IBM,Stock,SELL,16,291.35
2026-01-21 04:39,TXN,Stock,BUY,27,189.59
2026-01-21 04:39,AMGN,Stock,SELL,12,331.0
2026-01-21 04:39,HON,Stock,BUY,35,215.07
2026-01-21 04:39,PEP,Stock,BUY,8,147.66
2026-01-21 04:39,KO,Stock,BUY,21,71.75
2026-01-21 04:39,MCD,Stock,SELL,12,302.84
2026-01-21 04:39,WMT,Stock,BUY,28,118.71
2026-01-21 04:39,CAT,Stock,BUY,25,629.0
2026-01-21 04:39,JNJ,Stock,BUY,32,218.21
2026-01-21 04:39,V,Stock,SELL,26,325.82
2026-01-21 04:39,HD,Stock,BUY,35,375.11
2026-01-21 04:39,BAC,Stock,BUY,14,52.1
2026-01-21 04:39,JPM,Stock,BUY,14,302.74
2026-01-21 04:39,UNH,Stock,BUY,11,338.43
2026-01-21 04:39,CVX,Stock,BUY,24,165.3
2026-01-21 04:39,XOM,Stock,BUY,20,130.46
2026-01-21 04:39,NFLX,Stock,SELL,13,87.26
2026-01-21 04:39,LMT,Stock,BUY,44,576.06
2026-01-21 04:39,BLK,Stock,BUY,31,1110.05
2026-01-21 04:39,SPGI,Stock,BUY,16,519.04
2026-01-21 04:39,MS,Stock,BUY,14,182.1
2026-01-21 04:39,RTX,Stock,BUY,26,196.36
2026-01-21 04:39,SPY,ETF,BUY,12,677.58
2026-01-21 04:39,VOO,ETF,BUY,13,623.15
2026-01-21 04:39,IVV,ETF,BUY,12,680.6
2026-01-21 04:39,VTI,ETF,BUY,13,335.11
2026-01-21 04:39,QQQ,ETF,BUY,12,608.06
2026-01-21 04:39,VUG,ETF,BUY,12,472.57
2026-01-21 04:39,VEA,ETF,BUY,24,64.27
2026-01-21 04:39,VTV,ETF,BUY,28,195.73
2026-01-21 04:39,IEFA,ETF,BUY,21,91.42
2026-01-21 04:39,AGG,ETF,SELL,22,99.67
2026-01-21 04:39,IEMG,ETF,BUY,24,70.37
2026-01-21 04:39,IJH,ETF,BUY,23,69.09
2026-01-21 04:39,IJR,ETF,BUY,25,126.82
2026-01-21 04:39,VIG,ETF,BUY,12,221.87
2026-01-21 04:39,VYM,ETF,BUY,25,146.57
2026-01-21 04:39,SCHD,ETF,BUY,24,28.7
2026-01-21 04:39,XLK,ETF,BUY,11,141.84
2026-01-21 04:39,VT,ETF,BUY,13,142.45
2026-01-21 04:39,ACWI,ETF,BUY,13,142.36
2026-01-21 05:24,AAPL,Stock,BUY,12,246.7
2026-01-21 05:24,MSFT,Stock,SELL,21,454.52
2026-01-21 05:24,NVDA,Stock,BUY,11,178.07
2026-01-21 05:24,AMZN,Stock,BUY,7,231.0
2026-01-21 05:24,GOOGL,Stock,BUY,33,322.0
2026-01-21 05:24,GOOG,Stock,SELL,25,322.16
2026-01-21 05:24,TSLA,Stock,BUY,15,419.25
2026-01-21 05:24,META,Stock,SELL,30,604.12
2026-01-21 05:24,ADBE,Stock,SELL,25,290.37
2026-01-21 05:24,AMD,Stock,BUY,27,231.92
2026-01-21 05:24,INTC,Stock,BUY,28,48.56
2026-01-21 05:24,CSCO,Stock,BUY,9,73.35
2026-01-21 05:24,QCOM,Stock,SELL,13,154.07
2026-01-21 05:24,CRM,Stock,SELL,16,220.07
2026-01-21 05:24,AVGO,Stock,BUY,10,332.6
2026-01-21 05:24,ORCL,Stock,SELL,11,179.92
2026-01-21 05:24,IBM,Stock,SELL,16,291.35
2026-01-21 05:24,TXN,Stock,BUY,27,189.59
2026-01-21 05:24,AMGN,Stock,SELL,12,331.0
2026-01-21 05:24,HON,Stock,BUY,35,215.07
2026-01-21 05:24,PEP,Stock,BUY,8,147.66
2026-01-21 05:24,KO,Stock,BUY,21,71.75
2026-01-21 05:24,MCD,Stock,SELL,12,302.84
2026-01-21 05:24,WMT,Stock,BUY,28,118.71
2026-01-21 05:24,CAT,Stock,BUY,25,629.0
2026-01-21 05:24,JNJ,Stock,BUY,32,218.21
2026-01-21 05:24,V,Stock,SELL,26,325.82
2026-01-21 05:24,HD,Stock,BUY,35,375.11
2026-01-21 05:24,BAC,Stock,BUY,14,52.1
2026-01-21 05:24,JPM,Stock,BUY,14,302.74
2026-01-21 05:24,UNH,Stock,BUY,11,338.43
2026-01-21 05:24,CVX,Stock,BUY,24,165.3
2026-01-21 05:24,XOM,Stock,BUY,20,130.46
2026-01-21 05:24,NFLX,Stock,SELL,13,87.26
2026-01-21 05:24,LMT,Stock,BUY,44,576.06
2026-01-21 05:24,BLK,Stock,BUY,31,1110.05
2026-01-21 05:24,SPGI,Stock,BUY,16,519.04
2026-01-21 05:24,MS,Stock,BUY,14,182.1
2026-01-21 05:24,RTX,Stock,BUY,26,196.36
2026-01-21 05:24,SPY,ETF,BUY,12,677.58
2026-01-21 05:24,VOO,ETF,BUY,13,623.15
2026-01-21 05:24,IVV,ETF,BUY,12,680.6
2026-01-21 05:24,VTI,ETF,BUY,13,335.11
2026-01-21 05:24,QQQ,ETF,BUY,12,608.06
2026-01-21 05:24,VUG,ETF,BUY,12,472.57
2026-01-21 05:24,VEA,ETF,BUY,24,64.27
2026-01-21 05:24,VTV,ETF,BUY,28,195.73
2026-01-21 05:24,IEFA,ETF,BUY,21,91.42
2026-01-21 05:24,AGG,ETF,SELL,22,99.67
2026-01-21 05:24,IEMG,ETF,BUY,24,70.37
2026-01-21 05:24,IJH,ETF,BUY,23,69.09
2026-01-21 05:24,IJR,ETF,BUY,25,126.82
2026-01-21 05:24,VIG,ETF,BUY,12,221.87
2026-01-21 05:24,VYM,ETF,BUY,25,146.57
2026-01-21 05:24,SCHD,ETF,BUY,24,28.7
2026-01-21 05:24,XLK,ETF,BUY,11,141.84
2026-01-21 05:24,VT,ETF,BUY,13,142.45
2026-01-21 05:24,ACWI,ETF,BUY,13,142.36
2026-01-21 06:27,AAPL,Stock,BUY,12,246.7
2026-01-21 06:27,MSFT,Stock,SELL,21,454.52
2026-01-21 06:27,NVDA,Stock,BUY,11,178.07
2026-01-21 06:27,AMZN,Stock,BUY,7,231.0
2026-01-21 06:27,GOOGL,Stock,BUY,33,322.0
2026-01-21 06:27,GOOG,Stock,SELL,25,322.16
2026-01-21 06:27,TSLA,Stock,BUY,15,419.25
2026-01-21 06:27,META,Stock,SELL,30,604.12
2026-01-21 06:27,ADBE,Stock,SELL,25,290.37
2026-01-21 06:27,AMD,Stock,BUY,27,231.92
2026-01-21 06:27,INTC,Stock,BUY,28,48.56
2026-01-21 06:27,CSCO,Stock,BUY,9,73.35
2026-01-21 06:27,QCOM,Stock,SELL,13,154.07
2026-01-21 06:27,CRM,Stock,SELL,16,220.07
2026-01-21 06:27,AVGO,Stock,BUY,10,332.6
2026-01-21 06:27,ORCL,Stock,SELL,11,179.92
2026-01-21 06:27,IBM,Stock,SELL,16,291.35
2026-01-21 06:27,TXN,Stock,BUY,27,189.59
2026-01-21 06:27,AMGN,Stock,SELL,12,331.0
2026-01-21 06:27,HON,Stock,BUY,35,215.07
2026-01-21 06:27,PEP,Stock,BUY,8,147.66
2026-01-21 06:27,KO,Stock,BUY,21,71.75
2026-01-21 06:27,MCD,Stock,SELL,12,302.84
2026-01-21 06:27,WMT,Stock,BUY,28,118.71
2026-01-21 06:27,CAT,Stock,BUY,25,629.0
2026-01-21 06:27,JNJ,Stock,BUY,32,218.21
2026-01-21 06:27,V,Stock,SELL,26,325.82
2026-01-21 06:27,HD,Stock,BUY,35,375.11
2026-01-21 06:27,BAC,Stock,BUY,14,52.1
2026-01-21 06:27,JPM,Stock,BUY,14,302.74
2026-01-21 06:27,UNH,Stock,BUY,11,338.43
2026-01-21 06:27,CVX,Stock,BUY,24,165.3
2026-01-21 06:27,XOM,Stock,BUY,20,130.46
2026-01-21 06:27,NFLX,Stock,SELL,13,87.26
2026-01-21 06:27,LMT,Stock,BUY,44,576.06
2026-01-21 06:27,BLK,Stock,BUY,31,1110.05
2026-01-21 06:27,SPGI,Stock,BUY,16,519.04
2026-01-21 06:27,MS,Stock,BUY,14,182.1
2026-01-21 06:27,RTX,Stock,BUY,26,196.36
2026-01-21 06:27,SPY,ETF,BUY,12,677.58
2026-01-21 06:27,VOO,ETF,BUY,13,623.15
2026-01-21 06:27,IVV,ETF,BUY,12,680.6
2026-01-21 06:27,VTI,ETF,BUY,13,335.11
2026-01-21 06:27,QQQ,ETF,BUY,12,608.06
2026-01-21 06:27,VUG,ETF,BUY,12,472.57
2026-01-21 06:27,VEA,ETF,BUY,24,64.27
2026-01-21 06:27,VTV,ETF,BUY,28,195.73
2026-01-21 06:27,IEFA,ETF,BUY,21,91.42
2026-01-21 06:27,AGG,ETF,SELL,22,99.67
2026-01-21 06:27,IEMG,ETF,BUY,24,70.37
2026-01-21 06:27,IJH,ETF,BUY,23,69.09
2026-01-21 06:27,IJR,ETF,BUY,25,126.82
2026-01-21 06:27,VIG,ETF,BUY,12,221.87
2026-01-21 06:27,VYM,ETF,BUY,25,146.57
2026-01-21 06:27,SCHD,ETF,BUY,24,28.7
2026-01-21 06:27,XLK,ETF,BUY,11,141.84
2026-01-21 06:27,VT,ETF,BUY,13,142.45
2026-01-21 06:27,ACWI,ETF,BUY,13,142.36
2026-01-21 07:22,AAPL,Stock,BUY,12,246.7
2026-01-21 07:22,MSFT,Stock,SELL,21,454.52
2026-01-21 07:22,NVDA,Stock,BUY,11,178.07
2026-01-21 07:22,AMZN,Stock,BUY,7,231.0
2026-01-21 07:22,GOOGL,Stock,BUY,33,322.0
2026-01-21 07:22,GOOG,Stock,SELL,25,322.16
2026-01-21 07:22,TSLA,Stock,BUY,15,419.25
2026-01-21 07:22,META,Stock,SELL,30,604.12
2026-01-21 07:22,ADBE,Stock,SELL,25,290.37
2026-01-21 07:22,AMD,Stock,BUY,27,231.92
2026-01-21 07:22,INTC,Stock,BUY,28,48.56
2026-01-21 07:22,CSCO,Stock,BUY,9,73.35
2026-01-21 07:22,QCOM,Stock,SELL,13,154.07
2026-01-21 07:22,CRM,Stock,SELL,16,220.07
2026-01-21 07:22,AVGO,Stock,BUY,10,332.6
2026-01-21 07:22,ORCL,Stock,SELL,11,179.92
2026-01-21 07:22,IBM,Stock,SELL,16,291.35
2026-01-21 07:22,TXN,Stock,BUY,27,189.59
2026-01-21 07:22,AMGN,Stock,SELL,12,331.0
2026-01-21 07:22,HON,Stock,BUY,35,215.07
2026-01-21 07:22,PEP,Stock,BUY,8,147.66
2026-01-21 07:22,KO,Stock,BUY,21,71.75
2026-01-21 07:22,MCD,Stock,SELL,12,302.84
2026-01-21 07:22,WMT,Stock,BUY,28,118.71
2026-01-21 07:22,CAT,Stock,BUY,25,629.0
2026-01-21 07:22,JNJ,Stock,BUY,32,218.21
2026-01-21 07:22,V,Stock,SELL,26,325.82
2026-01-21 07:22,HD,Stock,BUY,35,375.11
2026-01-21 07:22,BAC,Stock,BUY,14,52.1
2026-01-21 07:22,JPM,Stock,BUY,14,302.74
2026-01-21 07:23,UNH,Stock,BUY,11,338.43
2026-01-21 07:23,CVX,Stock,BUY,24,165.3
2026-01-21 07:23,XOM,Stock,BUY,20,130.46
2026-01-21 07:23,NFLX,Stock,SELL,13,87.26
2026-01-21 07:23,LMT,Stock,BUY,44,576.06
2026-01-21 07:23,BLK,Stock,BUY,31,1110.05
2026-01-21 07:23,SPGI,Stock,BUY,16,519.04
2026-01-21 07:23,MS,Stock,BUY,14,182.1
2026-01-21 07:23,RTX,Stock,BUY,26,196.36
2026-01-21 07:23,SPY,ETF,BUY,12,677.58
2026-01-21 07:23,VOO,ETF,BUY,13,623.15
2026-01-21 07:23,IVV,ETF,BUY,12,680.6
2026-01-21 07:23,VTI,ETF,BUY,13,335.11
2026-01-21 07:23,QQQ,ETF,BUY,12,608.06
2026-01-21 07:23,VUG,ETF,BUY,12,472.57
2026-01-21 07:23,VEA,ETF,BUY,24,64.27
2026-01-21 07:23,VTV,ETF,BUY,28,195.73
2026-01-21 07:23,IEFA,ETF,BUY,21,91.42
2026-01-21 07:23,AGG,ETF,SELL,22,99.67
2026-01-21 07:23,IEMG,ETF,BUY,24,70.37
2026-01-21 07:23,IJH,ETF,BUY,23,69.09
2026-01-21 07:23,IJR,ETF,BUY,25,126.82
2026-01-21 07:23,VIG,ETF,BUY,12,221.87
2026-01-21 07:23,VYM,ETF,BUY,25,146.57
2026-01-21 07:23,SCHD,ETF,BUY,24,28.7
2026-01-21 07:23,XLK,ETF,BUY,11,141.84
2026-01-21 07:23,VT,ETF,BUY,13,142.45
2026-01-21 07:23,ACWI,ETF,BUY,13,142.36
2026-01-21 08:23,AAPL,Stock,BUY,12,246.7
2026-01-21 08:23,MSFT,Stock,SELL,21,454.52
2026-01-21 08:23,NVDA,Stock,BUY,11,178.07
2026-01-21 08:23,AMZN,Stock,BUY,7,231.0
2026-01-21 08:23,GOOGL,Stock,BUY,33,322.0
2026-01-21 08:23,GOOG,Stock,SELL,25,322.16
2026-01-21 08:23,TSLA,Stock,BUY,15,419.25
2026-01-21 08:23,META,Stock,SELL,30,604.12
2026-01-21 08:23,ADBE,Stock,SELL,25,290.37
2026-01-21 08:23,AMD,Stock,BUY,27,231.92
2026-01-21 08:23,INTC,Stock,BUY,28,48.56
2026-01-21 08:23,CSCO,Stock,BUY,9,73.35
2026-01-21 08:23,QCOM,Stock,SELL,13,154.07
2026-01-21 08:23,CRM,Stock,SELL,16,220.07
2026-01-21 08:23,AVGO,Stock,BUY,10,332.6
2026-01-21 08:24,ORCL,Stock,SELL,11,179.92
2026-01-21 08:24,IBM,Stock,SELL,16,291.35
2026-01-21 08:24,TXN,Stock,BUY,27,189.59
2026-01-21 08:24,AMGN,Stock,SELL,12,331.0
2026-01-21 08:24,HON,Stock,BUY,35,215.07
2026-01-21 08:24,PEP,Stock,BUY,8,147.66
2026-01-21 08:24,KO,Stock,BUY,21,71.75
2026-01-21 08:24,MCD,Stock,SELL,12,302.84
2026-01-21 08:24,WMT,Stock,BUY,28,118.71
2026-01-21 08:24,CAT,Stock,BUY,25,629.0
2026-01-21 08:24,JNJ,Stock,BUY,32,218.21
2026-01-21 08:24,V,Stock,SELL,26,325.82
2026-01-21 08:24,HD,Stock,BUY,35,375.11
2026-01-21 08:24,BAC,Stock,BUY,14,52.1
2026-01-21 08:24,JPM,Stock,BUY,14,302.74
2026-01-21 08:24,UNH,Stock,BUY,11,338.43
2026-01-21 08:24,CVX,Stock,BUY,24,165.3
2026-01-21 08:24,XOM,Stock,BUY,20,130.46
2026-01-21 08:24,NFLX,Stock,SELL,13,87.26
2026-01-21 08:24,LMT,Stock,BUY,44,576.06
2026-01-21 08:24,BLK,Stock,BUY,31,1110.05
2026-01-21 08:24,SPGI,Stock,BUY,16,519.04
2026-01-21 08:24,MS,Stock,BUY,14,182.1
2026-01-21 08:24,RTX,Stock,BUY,26,196.36
2026-01-21 08:24,SPY,ETF,BUY,12,677.58
2026-01-21 08:24,VOO,ETF,BUY,13,623.15
2026-01-21 08:24,IVV,ETF,BUY,12,680.6
2026-01-21 08:24,VTI,ETF,BUY,13,335.11
2026-01-21 08:24,QQQ,ETF,BUY,12,608.06
2026-01-21 08:24,VUG,ETF,BUY,12,472.57
2026-01-21 08:24,VEA,ETF,BUY,24,64.27
2026-01-21 08:24,VTV,ETF,BUY,28,195.73
2026-01-21 08:24,IEFA,ETF,BUY,21,91.42
2026-01-21 08:24,AGG,ETF,SELL,22,99.67
2026-01-21 08:24,IEMG,ETF,BUY,24,70.37
2026-01-21 08:24,IJH,ETF,BUY,23,69.09
2026-01-21 08:24,IJR,ETF,BUY,25,126.82
2026-01-21 08:24,VIG,ETF,BUY,12,221.87
2026-01-21 08:24,VYM,ETF,BUY,25,146.57
2026-01-21 08:24,SCHD,ETF,BUY,24,28.7
2026-01-21 08:24,XLK,ETF,BUY,11,141.84
2026-01-21 08:24,VT,ETF,BUY,13,142.45
2026-01-21 08:24,ACWI,ETF,BUY,13,142.36
2026-01-21 09:27,AAPL,Stock,BUY,12,246.7
2026-01-21 09:27,MSFT,Stock,SELL,21,454.52
2026-01-21 09:27,NVDA,Stock,BUY,11,178.07
2026-01-21 09:27,AMZN,Stock,BUY,7,231.0
2026-01-21 09:27,GOOGL,Stock,BUY,33,322.0
2026-01-21 09:27,GOOG,Stock,SELL,25,322.16
2026-01-21 09:27,TSLA,Stock,BUY,15,419.25
2026-01-21 09:27,META,Stock,SELL,30,604.12
2026-01-21 09:27,ADBE,Stock,SELL,25,290.37
2026-01-21 09:27,AMD,Stock,BUY,27,231.92
2026-01-21 09:27,INTC,Stock,BUY,28,48.56
2026-01-21 09:27,CSCO,Stock,BUY,9,73.35
2026-01-21 09:27,QCOM,Stock,SELL,13,154.07
2026-01-21 09:27,CRM,Stock,SELL,16,220.07
2026-01-21 09:27,AVGO,Stock,BUY,10,332.6
2026-01-21 09:27,ORCL,Stock,SELL,11,179.92
2026-01-21 09:27,IBM,Stock,SELL,16,291.35
2026-01-21 09:27,TXN,Stock,BUY,27,189.59
2026-01-21 09:27,AMGN,Stock,SELL,12,331.0
2026-01-21 09:27,HON,Stock,BUY,35,215.07
2026-01-21 09:27,PEP,Stock,BUY,8,147.66
2026-01-21 09:27,KO,Stock,BUY,21,71.75
2026-01-21 09:27,MCD,Stock,SELL,12,302.84
2026-01-21 09:27,WMT,Stock,BUY,28,118.71
2026-01-21 09:27,CAT,Stock,BUY,25,629.0
2026-01-21 09:27,JNJ,Stock,BUY,32,218.21
2026-01-21 09:27,V,Stock,SELL,26,325.82
2026-01-21 09:27,HD,Stock,BUY,35,375.11
2026-01-21 09:27,BAC,Stock,BUY,14,52.1
2026-01-21 09:27,JPM,Stock,BUY,14,302.74
2026-01-21 09:27,UNH,Stock,BUY,11,338.43
2026-01-21 09:27,CVX,Stock,BUY,24,165.3
2026-01-21 09:27,XOM,Stock,BUY,20,130.46
2026-01-21 09:27,NFLX,Stock,SELL,13,87.26
2026-01-21 09:27,LMT,Stock,BUY,44,576.06
2026-01-21 09:27,BLK,Stock,BUY,31,1110.05
2026-01-21 09:27,SPGI,Stock,BUY,16,519.04
2026-01-21 09:27,MS,Stock,BUY,14,182.1
2026-01-21 09:27,RTX,Stock,BUY,26,196.36
2026-01-21 09:27,SPY,ETF,BUY,12,677.58
2026-01-21 09:27,VOO,ETF,BUY,13,623.15
2026-01-21 09:27,IVV,ETF,BUY,12,680.6
2026-01-21 09:27,VTI,ETF,BUY,13,335.11
2026-01-21 09:27,QQQ,ETF,BUY,12,608.06
2026-01-21 09:27,VUG,ETF,BUY,12,472.57
2026-01-21 09:27,VEA,ETF,BUY,24,64.27
2026-01-21 09:27,VTV,ETF,BUY,28,195.73
2026-01-21 09:27,IEFA,ETF,BUY,21,91.42
2026-01-21 09:27,AGG,ETF,SELL,22,99.67
2026-01-21 09:27,IEMG,ETF,BUY,24,70.37
2026-01-21 09:27,IJH,ETF,BUY,23,69.09
2026-01-21 09:27,IJR,ETF,BUY,25,126.82
2026-01-21 09:27,VIG,ETF,BUY,12,221.87
2026-01-21 09:27,VYM,ETF,BUY,25,146.57
2026-01-21 09:27,SCHD,ETF,BUY,24,28.7
2026-01-21 09:27,XLK,ETF,BUY,11,141.84
2026-01-21 09:27,VT,ETF,BUY,13,142.45
2026-01-21 09:27,ACWI,ETF,BUY,13,142.36
2026-01-21 10:21,AAPL,Stock,BUY,12,246.7
2026-01-21 10:21,MSFT,Stock,SELL,21,454.52
2026-01-21 10:21,NVDA,Stock,BUY,11,178.07
2026-01-21 10:21,AMZN,Stock,BUY,7,231.0
2026-01-21 10:21,GOOGL,Stock,BUY,33,322.0
2026-01-21 10:21,GOOG,Stock,SELL,25,322.16
2026-01-21 10:21,TSLA,Stock,BUY,15,419.25
2026-01-21 10:21,META,Stock,SELL,30,604.12
2026-01-21 10:21,ADBE,Stock,SELL,25,290.37
2026-01-21 10:21,AMD,Stock,BUY,27,231.92
2026-01-21 10:21,INTC,Stock,BUY,28,48.56
2026-01-21 10:21,CSCO,Stock,BUY,9,73.35
2026-01-21 10:21,QCOM,Stock,SELL,13,154.07
2026-01-21 10:21,CRM,Stock,SELL,16,220.07
2026-01-21 10:21,AVGO,Stock,BUY,10,332.6
2026-01-21 10:21,ORCL,Stock,SELL,11,179.92
2026-01-21 10:21,IBM,Stock,SELL,16,291.35
2026-01-21 10:21,TXN,Stock,BUY,27,189.59
2026-01-21 10:21,AMGN,Stock,SELL,12,331.0
2026-01-21 10:21,HON,Stock,BUY,35,215.07
2026-01-21 10:21,PEP,Stock,BUY,8,147.66
2026-01-21 10:21,KO,Stock,BUY,21,71.75
2026-01-21 10:21,MCD,Stock,SELL,12,302.84
2026-01-21 10:21,WMT,Stock,BUY,28,118.71
2026-01-21 10:21,CAT,Stock,BUY,25,629.0
2026-01-21 10:21,JNJ,Stock,BUY,32,218.21
2026-01-21 10:21,V,Stock,SELL,26,325.82
2026-01-21 10:21,HD,Stock,BUY,35,375.11
2026-01-21 10:21,BAC,Stock,BUY,14,52.1
2026-01-21 10:21,JPM,Stock,BUY,14,302.74
2026-01-21 10:21,UNH,Stock,BUY,11,338.43
2026-01-21 10:21,CVX,Stock,BUY,24,165.3
2026-01-21 10:21,XOM,Stock,BUY,20,130.46
2026-01-21 10:21,NFLX,Stock,SELL,13,87.26
2026-01-21 10:21,LMT,Stock,BUY,44,576.06
2026-01-21 10:21,BLK,Stock,BUY,31,1110.05
2026-01-21 10:21,SPGI,Stock,BUY,16,519.04
2026-01-21 10:21,MS,Stock,BUY,14,182.1
2026-01-21 10:21,RTX,Stock,BUY,26,196.36
2026-01-21 10:21,SPY,ETF,BUY,12,677.58
2026-01-21 10:21,VOO,ETF,BUY,13,623.15
2026-01-21 10:21,IVV,ETF,BUY,12,680.6
2026-01-21 10:21,VTI,ETF,BUY,13,335.11
2026-01-21 10:21,QQQ,ETF,BUY,12,608.06
2026-01-21 10:21,VUG,ETF,BUY,12,472.57
2026-01-21 10:21,VEA,ETF,BUY,24,64.27
2026-01-21 10:21,VTV,ETF,BUY,28,195.73
2026-01-21 10:21,IEFA,ETF,BUY,21,91.42
2026-01-21 10:21,AGG,ETF,SELL,22,99.67
2026-01-21 10:21,IEMG,ETF,BUY,24,70.37
2026-01-21 10:21,IJH,ETF,BUY,23,69.09
2026-01-21 10:21,IJR,ETF,BUY,25,126.82
2026-01-21 10:21,VIG,ETF,BUY,12,221.87
2026-01-21 10:21,VYM,ETF,BUY,25,146.57
2026-01-21 10:21,SCHD,ETF,BUY,24,28.7
2026-01-21 10:21,XLK,ETF,BUY,11,141.84
2026-01-21 10:21,VT,ETF,BUY,13,142.45
2026-01-21 10:21,ACWI,ETF,BUY,13,142.36
2026-01-21 11:19,AAPL,Stock,BUY,12,246.7
2026-01-21 11:19,MSFT,Stock,SELL,21,454.52
2026-01-21 11:19,NVDA,Stock,BUY,11,178.07
2026-01-21 11:19,AMZN,Stock,BUY,7,231.0
2026-01-21 11:19,GOOGL,Stock,BUY,33,322.0
2026-01-21 11:19,GOOG,Stock,SELL,25,322.16
2026-01-21 11:19,TSLA,Stock,BUY,15,419.25
2026-01-21 11:19,META,Stock,SELL,30,604.12
2026-01-21 11:19,ADBE,Stock,SELL,25,290.37
2026-01-21 11:19,AMD,Stock,BUY,27,231.92
2026-01-21 11:19,INTC,Stock,BUY,28,48.56
2026-01-21 11:19,CSCO,Stock,BUY,9,73.35
2026-01-21 11:19,QCOM,Stock,SELL,13,154.07
2026-01-21 11:19,CRM,Stock,SELL,16,220.07
2026-01-21 11:19,AVGO,Stock,BUY,10,332.6
2026-01-21 11:19,ORCL,Stock,SELL,11,179.92
2026-01-21 11:19,IBM,Stock,SELL,16,291.35
2026-01-21 11:19,TXN,Stock,BUY,27,189.59
2026-01-21 11:19,AMGN,Stock,SELL,12,331.0
2026-01-21 11:19,HON,Stock,BUY,35,215.07
2026-01-21 11:19,PEP,Stock,BUY,8,147.66
2026-01-21 11:19,KO,Stock,BUY,21,71.75
2026-01-21 11:19,MCD,Stock,SELL,12,302.84
2026-01-21 11:19,WMT,Stock,BUY,28,118.71
2026-01-21 11:19,CAT,Stock,BUY,25,629.0
2026-01-21 11:19,JNJ,Stock,BUY,32,218.21
2026-01-21 11:19,V,Stock,SELL,26,325.82
2026-01-21 11:19,HD,Stock,BUY,35,375.11
2026-01-21 11:19,BAC,Stock,BUY,14,52.1
2026-01-21 11:19,JPM,Stock,BUY,14,302.74
2026-01-21 11:19,UNH,Stock,BUY,11,338.43
2026-01-21 11:19,CVX,Stock,BUY,24,165.3
2026-01-21 11:19,XOM,Stock,BUY,20,130.46
2026-01-21 11:19,NFLX,Stock,SELL,13,87.26
2026-01-21 11:19,LMT,Stock,BUY,44,576.06
2026-01-21 11:19,BLK,Stock,BUY,31,1110.05
2026-01-21 11:19,SPGI,Stock,BUY,16,519.04
2026-01-21 11:19,MS,Stock,BUY,14,182.1
2026-01-21 11:19,RTX,Stock,BUY,26,196.36
2026-01-21 11:19,SPY,ETF,BUY,12,677.58
2026-01-21 11:19,VOO,ETF,BUY,13,623.15
2026-01-21 11:19,IVV,ETF,BUY,12,680.6
2026-01-21 11:19,VTI,ETF,BUY,13,335.11
2026-01-21 11:19,QQQ,ETF,BUY,12,608.06
2026-01-21 11:19,VUG,ETF,BUY,12,472.57
2026-01-21 11:19,VEA,ETF,BUY,24,64.27
2026-01-21 11:19,VTV,ETF,BUY,28,195.73
2026-01-21 11:19,IEFA,ETF,BUY,21,91.42
2026-01-21 11:19,AGG,ETF,SELL,22,99.67
2026-01-21 11:19,IEMG,ETF,BUY,24,70.37
2026-01-21 11:19,IJH,ETF,BUY,23,69.09
2026-01-21 11:19,IJR,ETF,BUY,25,126.82
2026-01-21 11:19,VIG,ETF,BUY,12,221.87
2026-01-21 11:19,VYM,ETF,BUY,25,146.57
2026-01-21 11:19,SCHD,ETF,BUY,24,28.7
2026-01-21 11:19,XLK,ETF,BUY,11,141.84
2026-01-21 11:19,VT,ETF,BUY,13,142.45
2026-01-21 11:19,ACWI,ETF,BUY,13,142.36
2026-01-21 12:35,AAPL,Stock,BUY,12,246.7
2026-01-21 12:35,MSFT,Stock,SELL,21,454.52
2026-01-21 12:35,NVDA,Stock,BUY,11,178.07
2026-01-21 12:35,AMZN,Stock,BUY,7,231.0
2026-01-21 12:35,GOOGL,Stock,BUY,33,322.0
2026-01-21 12:35,GOOG,Stock,SELL,25,322.16
2026-01-21 12:35,TSLA,Stock,BUY,15,419.25
2026-01-21 12:35,META,Stock,SELL,30,604.12
2026-01-21 12:35,ADBE,Stock,SELL,25,290.37
2026-01-21 12:35,AMD,Stock,BUY,27,231.92
2026-01-21 12:35,INTC,Stock,BUY,28,48.56
2026-01-21 12:35,CSCO,Stock,BUY,9,73.35
2026-01-21 12:35,QCOM,Stock,SELL,13,154.07
2026-01-21 12:35,CRM,Stock,SELL,16,220.07
2026-01-21 12:35,AVGO,Stock,BUY,10,332.6
2026-01-21 12:35,ORCL,Stock,SELL,11,179.92
2026-01-21 12:35,IBM,Stock,SELL,16,291.35
2026-01-21 12:35,TXN,Stock,BUY,27,189.59
2026-01-21 12:35,AMGN,Stock,SELL,12,331.0
2026-01-21 12:35,HON,Stock,BUY,35,215.07
2026-01-21 12:35,PEP,Stock,BUY,8,147.66
2026-01-21 12:35,KO,Stock,BUY,21,71.75
2026-01-21 12:35,MCD,Stock,SELL,12,302.84
2026-01-21 12:35,WMT,Stock,BUY,28,118.71
2026-01-21 12:35,CAT,Stock,BUY,25,629.0
2026-01-21 12:35,JNJ,Stock,BUY,32,218.21
2026-01-21 12:35,V,Stock,SELL,26,325.82
2026-01-21 12:35,HD,Stock,BUY,35,375.11
2026-01-21 12:35,BAC,Stock,BUY,14,52.1
2026-01-21 12:35,JPM,Stock,BUY,14,302.74
2026-01-21 12:35,UNH,Stock,BUY,11,338.43
2026-01-21 12:35,CVX,Stock,BUY,24,165.3
2026-01-21 12:35,XOM,Stock,BUY,20,130.46
2026-01-21 12:35,NFLX,Stock,SELL,13,87.26
2026-01-21 12:35,LMT,Stock,BUY,44,576.06
2026-01-21 12:35,BLK,Stock,BUY,31,1110.05
2026-01-21 12:35,SPGI,Stock,BUY,16,519.04
2026-01-21 12:35,MS,Stock,BUY,14,182.1
2026-01-21 12:35,RTX,Stock,BUY,26,196.36
2026-01-21 12:35,SPY,ETF,BUY,12,677.58
2026-01-21 12:35,VOO,ETF,BUY,13,623.15
2026-01-21 12:35,IVV,ETF,BUY,12,680.6
2026-01-21 12:35,VTI,ETF,BUY,13,335.11
2026-01-21 12:35,QQQ,ETF,BUY,12,608.06
2026-01-21 12:35,VUG,ETF,BUY,12,472.57
2026-01-21 12:35,VEA,ETF,BUY,24,64.27
2026-01-21 12:35,VTV,ETF,BUY,28,195.73
2026-01-21 12:35,IEFA,ETF,BUY,21,91.42
2026-01-21 12:35,AGG,ETF,SELL,22,99.67
2026-01-21 12:35,IEMG,ETF,BUY,24,70.37
2026-01-21 12:35,IJH,ETF,BUY,23,69.09
2026-01-21 12:35,IJR,ETF,BUY,25,126.82
2026-01-21 12:35,VIG,ETF,BUY,12,221.87
2026-01-21 12:35,VYM,ETF,BUY,25,146.57
2026-01-21 12:35,SCHD,ETF,BUY,24,28.7
2026-01-21 12:35,XLK,ETF,BUY,11,141.84
2026-01-21 12:35,VT,ETF,BUY,13,142.45
2026-01-21 12:35,ACWI,ETF,BUY,13,142.36
2026-01-21 13:40,AAPL,Stock,BUY,12,246.7
2026-01-21 13:40,MSFT,Stock,SELL,21,454.52
2026-01-21 13:40,NVDA,Stock,BUY,11,178.07
2026-01-21 13:40,AMZN,Stock,BUY,7,231.0
2026-01-21 13:40,GOOGL,Stock,BUY,33,322.0
2026-01-21 13:40,GOOG,Stock,SELL,25,322.16
2026-01-21 13:40,TSLA,Stock,BUY,15,419.25
2026-01-21 13:40,META,Stock,SELL,30,604.12
2026-01-21 13:40,ADBE,Stock,SELL,25,290.37
2026-01-21 13:40,AMD,Stock,BUY,27,231.92
2026-01-21 13:40,INTC,Stock,BUY,28,48.56
2026-01-21 13:40,CSCO,Stock,BUY,9,73.35
2026-01-21 13:40,QCOM,Stock,SELL,13,154.07
2026-01-21 13:40,CRM,Stock,SELL,16,220.07
2026-01-21 13:40,AVGO,Stock,BUY,10,332.6
2026-01-21 13:40,ORCL,Stock,SELL,11,179.92
2026-01-21 13:40,IBM,Stock,SELL,16,291.35
2026-01-21 13:40,TXN,Stock,BUY,27,189.59
2026-01-21 13:40,AMGN,Stock,SELL,12,331.0
2026-01-21 13:40,HON,Stock,BUY,35,215.07
2026-01-21 13:40,PEP,Stock,BUY,8,147.66
2026-01-21 13:40,KO,Stock,BUY,21,71.75
2026-01-21 13:40,MCD,Stock,SELL,12,302.84
2026-01-21 13:40,WMT,Stock,BUY,28,118.71
2026-01-21 13:40,CAT,Stock,BUY,25,629.0
2026-01-21 13:40,JNJ,Stock,BUY,32,218.21
2026-01-21 13:40,V,Stock,SELL,26,325.82
2026-01-21 13:40,HD,Stock,BUY,35,375.11
2026-01-21 13:40,BAC,Stock,BUY,14,52.1
2026-01-21 13:40,JPM,Stock,BUY,14,302.74
2026-01-21 13:40,UNH,Stock,BUY,11,338.43
2026-01-21 13:40,CVX,Stock,BUY,24,165.3
2026-01-21 13:40,XOM,Stock,BUY,20,130.46
2026-01-21 13:40,NFLX,Stock,SELL,13,87.26
2026-01-21 13:40,LMT,Stock,BUY,44,576.06
2026-01-21 13:40,BLK,Stock,BUY,31,1110.05
2026-01-21 13:40,SPGI,Stock,BUY,16,519.04
2026-01-21 13:40,MS,Stock,BUY,14,182.1
2026-01-21 13:40,RTX,Stock,BUY,26,196.36
2026-01-21 13:40,SPY,ETF,BUY,12,677.58
2026-01-21 13:40,VOO,ETF,BUY,13,623.15
2026-01-21 13:40,IVV,ETF,BUY,12,680.6
2026-01-21 13:40,VTI,ETF,BUY,13,335.11
2026-01-21 13:40,QQQ,ETF,BUY,12,608.06
2026-01-21 13:40,VUG,ETF,BUY,12,472.57
2026-01-21 13:40,VEA,ETF,BUY,24,64.27
2026-01-21 13:40,VTV,ETF,BUY,28,195.73
2026-01-21 13:40,IEFA,ETF,BUY,21,91.42
2026-01-21 13:40,AGG,ETF,SELL,22,99.67
2026-01-21 13:40,IEMG,ETF,BUY,24,70.37
2026-01-21 13:40,IJH,ETF,BUY,23,69.09
2026-01-21 13:40,IJR,ETF,BUY,25,126.82
2026-01-21 13:40,VIG,ETF,BUY,12,221.87
2026-01-21 13:40,VYM,ETF,BUY,25,146.57
2026-01-21 13:40,SCHD,ETF,BUY,24,28.7
2026-01-21 13:40,XLK,ETF,BUY,11,141.84
2026-01-21 13:40,VT,ETF,BUY,13,142.45
2026-01-21 13:40,ACWI,ETF,BUY,13,142.36
2026-01-21 16:33,AAPL,Stock,HOLD,0,246.88
2026-01-21 16:33,MSFT,Stock,SELL,22,448.2
2026-01-21 16:33,NVDA,Stock,BUY,11,182.19
2026-01-21 16:33,AMZN,Stock,BUY,7,230.95
2026-01-21 16:33,GOOGL,Stock,SELL,25,330.79
2026-01-21 16:33,GOOG,Stock,SELL,25,331.12
2026-01-21 16:33,TSLA,Stock,BUY,15,426.9
2026-01-21 16:33,META,Stock,SELL,31,612.99
2026-01-21 16:33,ADBE,Stock,SELL,25,289.8
2026-01-21 16:33,AMD,Stock,BUY,27,251.71
2026-01-21 16:33,INTC,Stock,BUY,28,53.83
2026-01-21 16:33,CSCO,Stock,BUY,9,74.19
2026-01-21 16:33,QCOM,Stock,SELL,13,156.58
2026-01-21 16:33,CRM,Stock,SELL,16,221.51
2026-01-21 16:33,AVGO,Stock,SELL,18,329.44
2026-01-21 16:33,ORCL,Stock,SELL,22,173.7
2026-01-21 16:33,IBM,Stock,SELL,16,296.61
2026-01-21 16:33,TXN,Stock,BUY,29,194.72
2026-01-21 16:33,AMGN,Stock,BUY,22,338.34
2026-01-21 16:33,HON,Stock,BUY,37,218.62
2026-01-21 16:33,PEP,Stock,BUY,8,146.05
2026-01-21 16:33,KO,Stock,BUY,21,71.1
2026-01-21 16:33,MCD,Stock,SELL,12,304.71
2026-01-21 16:33,WMT,Stock,BUY,27,118.42
2026-01-21 16:33,CAT,Stock,BUY,25,636.5
2026-01-21 16:33,JNJ,Stock,BUY,32,214.16
2026-01-21 16:33,V,Stock,SELL,26,324.49
2026-01-21 16:33,HD,Stock,BUY,35,381.6
2026-01-21 16:33,BAC,Stock,BUY,14,52.48
2026-01-21 16:33,JPM,Stock,BUY,14,302.4
2026-01-21 16:33,UNH,Stock,BUY,24,346.71
2026-01-21 16:33,CVX,Stock,BUY,25,167.79
2026-01-21 16:33,XOM,Stock,BUY,20,133.13
2026-01-21 16:33,NFLX,Stock,SELL,26,83.45
2026-01-21 16:33,LMT,Stock,BUY,44,587.23
2026-01-21 16:33,BLK,Stock,BUY,31,1126.7
2026-01-21 16:33,SPGI,Stock,BUY,16,528.48
2026-01-21 16:33,MS,Stock,BUY,14,183.3
2026-01-21 16:33,RTX,Stock,BUY,27,197.02
2026-01-21 16:33,SPY,ETF,HOLD,0,683.6
2026-01-21 16:33,VOO,ETF,BUY,12,628.68
2026-01-21 16:33,IVV,ETF,BUY,12,686.64
2026-01-21 16:33,VTI,ETF,BUY,13,338.2
2026-01-21 16:33,QQQ,ETF,BUY,12,614.86
2026-01-21 16:33,VUG,ETF,HOLD,0,476.55
2026-01-21 16:33,VEA,ETF,BUY,25,64.74
2026-01-21 16:33,VTV,ETF,BUY,29,197.71
2026-01-21 16:33,IEFA,ETF,BUY,10,91.83
2026-01-21 16:33,AGG,ETF,SELL,22,99.88
2026-01-21 16:33,IEMG,ETF,BUY,24,71.46
2026-01-21 16:33,IJH,ETF,BUY,23,70.11
2026-01-21 16:33,IJR,ETF,BUY,25,129.09
2026-01-21 16:33,VIG,ETF,HOLD,0,223.14
2026-01-21 16:33,VYM,ETF,BUY,25,147.8
2026-01-21 16:33,SCHD,ETF,BUY,25,29.04
2026-01-21 16:33,XLK,ETF,BUY,11,143.87
2026-01-21 16:33,VT,ETF,BUY,13,143.73
2026-01-21 16:33,ACWI,ETF,BUY,13,143.61
2026-01-21 17:49,AAPL,Stock,HOLD,0,246.12
2026-01-21 17:49,MSFT,Stock,SELL,22,443.11
2026-01-21 17:49,NVDA,Stock,SELL,10,179.79
2026-01-21 17:49,AMZN,Stock,BUY,7,227.65
2026-01-21 17:49,GOOGL,Stock,SELL,25,326.83
2026-01-21 17:49,GOOG,Stock,SELL,25,327.08
2026-01-21 17:49,TSLA,Stock,BUY,15,423.3
2026-01-21 17:49,META,Stock,SELL,31,610.15
2026-01-21 17:49,ADBE,Stock,SELL,25,290.1
2026-01-21 17:49,AMD,Stock,BUY,27,244.92
2026-01-21 17:49,INTC,Stock,BUY,28,52.81
2026-01-21 17:49,CSCO,Stock,BUY,9,73.23
2026-01-21 17:49,QCOM,Stock,SELL,13,155.03
2026-01-21 17:49,CRM,Stock,SELL,16,219.53
2026-01-21 17:49,AVGO,Stock,SELL,18,324.7
2026-01-21 17:49,ORCL,Stock,SELL,22,171.69
2026-01-21 17:49,IBM,Stock,SELL,16,294.51
2026-01-21 17:49,TXN,Stock,BUY,29,193.5
2026-01-21 17:49,AMGN,Stock,BUY,22,338.83
2026-01-21 17:49,HON,Stock,BUY,37,217.21
2026-01-21 17:49,PEP,Stock,BUY,8,146.5
2026-01-21 17:49,KO,Stock,BUY,21,71.49
2026-01-21 17:49,MCD,Stock,SELL,12,304.55
2026-01-21 17:49,WMT,Stock,BUY,27,118.0
2026-01-21 17:49,CAT,Stock,BUY,25,628.82
2026-01-21 17:49,JNJ,Stock,BUY,32,216.55
2026-01-21 17:49,V,Stock,SELL,26,323.69
2026-01-21 17:49,HD,Stock,BUY,35,380.49
2026-01-21 17:49,BAC,Stock,BUY,14,52.4
2026-01-21 17:49,JPM,Stock,BUY,14,301.68
2026-01-21 17:49,UNH,Stock,BUY,24,344.38
2026-01-21 17:49,CVX,Stock,BUY,25,167.07
2026-01-21 17:49,XOM,Stock,BUY,20,132.86
2026-01-21 17:49,NFLX,Stock,SELL,26,83.07
2026-01-21 17:49,LMT,Stock,BUY,44,582.36
2026-01-21 17:49,BLK,Stock,BUY,31,1117.27
2026-01-21 17:49,SPGI,Stock,BUY,16,527.08
2026-01-21 17:49,MS,Stock,BUY,14,182.4
2026-01-21 17:49,RTX,Stock,BUY,27,196.01
2026-01-21 17:49,SPY,ETF,HOLD,0,679.25
2026-01-21 17:49,VOO,ETF,BUY,12,624.68
2026-01-21 17:49,IVV,ETF,BUY,12,682.28
2026-01-21 17:49,VTI,ETF,BUY,13,335.95
2026-01-21 17:49,QQQ,ETF,BUY,12,609.26
2026-01-21 17:49,VUG,ETF,HOLD,0,472.14
2026-01-21 17:49,VEA,ETF,BUY,12,64.42
2026-01-21 17:49,VTV,ETF,BUY,29,197.17
2026-01-21 17:49,IEFA,ETF,BUY,10,91.43
2026-01-21 17:49,AGG,ETF,SELL,22,99.83
2026-01-21 17:49,IEMG,ETF,BUY,24,71.04
2026-01-21 17:49,IJH,ETF,BUY,23,69.65
2026-01-21 17:49,IJR,ETF,BUY,25,128.23
2026-01-21 17:49,VIG,ETF,HOLD,0,222.29
2026-01-21 17:49,VYM,ETF,BUY,24,147.31
2026-01-21 17:49,SCHD,ETF,BUY,25,29.0
2026-01-21 17:49,XLK,ETF,BUY,11,142.14
2026-01-21 17:49,VT,ETF,BUY,13,142.9
2026-01-21 17:49,ACWI,ETF,BUY,13,142.77
2026-01-21 18:34,AAPL,Stock,HOLD,0,245.94
2026-01-21 18:34,MSFT,Stock,SELL,22,440.21
2026-01-21 18:34,NVDA,Stock,SELL,10,180.35
2026-01-21 18:34,AMZN,Stock,BUY,7,227.63
2026-01-21 18:34,GOOGL,Stock,SELL,25,326.67
2026-01-21 18:34,GOOG,Stock,SELL,25,326.94
2026-01-21 18:34,TSLA,Stock,BUY,15,426.06
2026-01-21 18:34,META,Stock,SELL,31,608.45
2026-01-21 18:34,ADBE,Stock,SELL,25,290.01
2026-01-21 18:34,AMD,Stock,BUY,27,245.7
2026-01-21 18:34,INTC,Stock,BUY,28,53.08
2026-01-21 18:34,CSCO,Stock,BUY,9,73.32
2026-01-21 18:34,QCOM,Stock,SELL,13,155.2
2026-01-21 18:34,CRM,Stock,SELL,16,220.33
2026-01-21 18:34,AVGO,Stock,SELL,18,327.17
2026-01-21 18:34,ORCL,Stock,SELL,22,171.7
2026-01-21 18:34,IBM,Stock,SELL,16,294.84
2026-01-21 18:34,TXN,Stock,BUY,29,193.2
2026-01-21 18:34,AMGN,Stock,BUY,22,339.14
2026-01-21 18:34,HON,Stock,BUY,37,217.9
2026-01-21 18:34,PEP,Stock,BUY,8,146.18
2026-01-21 18:34,KO,Stock,BUY,21,71.61
2026-01-21 18:34,MCD,Stock,SELL,12,304.76
2026-01-21 18:34,WMT,Stock,BUY,27,118.4
2026-01-21 18:34,CAT,Stock,BUY,25,634.4
2026-01-21 18:34,JNJ,Stock,BUY,32,216.24
2026-01-21 18:34,V,Stock,SELL,26,323.49
2026-01-21 18:34,HD,Stock,BUY,35,381.23
2026-01-21 18:34,BAC,Stock,BUY,14,52.47
2026-01-21 18:34,JPM,Stock,BUY,14,303.28
2026-01-21 18:34,UNH,Stock,BUY,24,345.44
2026-01-21 18:34,CVX,Stock,BUY,25,167.01
2026-01-21 18:34,XOM,Stock,BUY,20,133.44
2026-01-21 18:34,NFLX,Stock,SELL,26,83.55
2026-01-21 18:34,LMT,Stock,BUY,44,583.38
2026-01-21 18:34,BLK,Stock,BUY,31,1121.46
2026-01-21 18:34,SPGI,Stock,BUY,16,529.33
2026-01-21 18:34,MS,Stock,BUY,14,183.42
2026-01-21 18:34,RTX,Stock,BUY,27,197.26
2026-01-21 18:34,SPY,ETF,HOLD,0,680.7
2026-01-21 18:34,VOO,ETF,BUY,12,625.96
2026-01-21 18:34,IVV,ETF,BUY,12,683.69
2026-01-21 18:34,VTI,ETF,BUY,13,336.72
2026-01-21 18:34,QQQ,ETF,BUY,12,610.77
2026-01-21 18:34,VUG,ETF,HOLD,0,472.93
2026-01-21 18:34,VEA,ETF,BUY,25,64.58
2026-01-21 18:34,VTV,ETF,BUY,29,197.74
2026-01-21 18:34,IEFA,ETF,BUY,10,91.65
2026-01-21 18:34,AGG,ETF,SELL,22,99.86
2026-01-21 18:34,IEMG,ETF,BUY,24,71.21
2026-01-21 18:34,IJH,ETF,BUY,23,69.9
2026-01-21 18:34,IJR,ETF,BUY,25,128.77
2026-01-21 18:34,VIG,ETF,HOLD,0,222.9
2026-01-21 18:34,VYM,ETF,BUY,25,147.78
2026-01-21 18:34,SCHD,ETF,BUY,25,29.04
2026-01-21 18:34,XLK,ETF,BUY,11,142.55
2026-01-21 18:34,VT,ETF,BUY,13,143.26
2026-01-21 18:34,ACWI,ETF,BUY,13,143.1
2026-01-21 19:22,AAPL,Stock,HOLD,0,245.97
2026-01-21 19:22,MSFT,Stock,SELL,22,439.38
2026-01-21 19:22,NVDA,Stock,SELL,10,181.07
2026-01-21 19:22,AMZN,Stock,BUY,7,227.46
2026-01-21 19:22,GOOGL,Stock,SELL,25,326.2
2026-01-21 19:22,GOOG,Stock,SELL,25,326.4
2026-01-21 19:22,TSLA,Stock,BUY,15,426.81
2026-01-21 19:22,META,Stock,SELL,31,607.88
2026-01-21 19:22,ADBE,Stock,SELL,25,290.15
2026-01-21 19:22,AMD,Stock,BUY,27,244.93
2026-01-21 19:22,INTC,Stock,BUY,28,53.24
2026-01-21 19:22,CSCO,Stock,BUY,9,73.11
2026-01-21 19:22,QCOM,Stock,SELL,13,155.26
2026-01-21 19:22,CRM,Stock,SELL,16,220.1
2026-01-21 19:22,AVGO,Stock,SELL,18,327.1
2026-01-21 19:22,ORCL,Stock,SELL,22,171.27
2026-01-21 19:22,IBM,Stock,SELL,16,294.72
2026-01-21 19:22,TXN,Stock,BUY,29,193.17
2026-01-21 19:22,AMGN,Stock,BUY,22,339.68
2026-01-21 19:22,HON,Stock,BUY,37,217.51
2026-01-21 19:22,PEP,Stock,BUY,8,145.8
2026-01-21 19:22,KO,Stock,BUY,21,71.43
2026-01-21 19:22,MCD,Stock,SELL,12,304.1
2026-01-21 19:22,WMT,Stock,BUY,27,118.89
2026-01-21 19:22,CAT,Stock,BUY,25,636.82
2026-01-21 19:22,JNJ,Stock,BUY,32,215.69
2026-01-21 19:22,V,Stock,SELL,26,323.71
2026-01-21 19:22,HD,Stock,BUY,35,381.6
2026-01-21 19:22,BAC,Stock,BUY,14,52.26
2026-01-21 19:22,JPM,Stock,BUY,14,303.34
2026-01-21 19:22,UNH,Stock,BUY,24,344.99
2026-01-21 19:22,CVX,Stock,BUY,25,166.65
2026-01-21 19:22,XOM,Stock,BUY,20,133.04
2026-01-21 19:22,NFLX,Stock,SELL,26,84.26
2026-01-21 19:22,LMT,Stock,BUY,44,583.82
2026-01-21 19:22,BLK,Stock,BUY,31,1120.29
2026-01-21 19:22,SPGI,Stock,BUY,16,528.1
2026-01-21 19:22,MS,Stock,BUY,14,183.02
2026-01-21 19:22,RTX,Stock,BUY,27,197.18
2026-01-21 19:22,SPY,ETF,HOLD,0,680.31
2026-01-21 19:22,VOO,ETF,BUY,12,625.84
2026-01-21 19:22,IVV,ETF,BUY,12,683.34
2026-01-21 19:22,VTI,ETF,BUY,13,336.49
2026-01-21 19:22,QQQ,ETF,BUY,12,611.02
2026-01-21 19:22,VUG,ETF,HOLD,0,472.76
2026-01-21 19:22,VEA,ETF,BUY,25,64.57
2026-01-21 19:22,VTV,ETF,BUY,29,197.59
2026-01-21 19:22,IEFA,ETF,BUY,10,91.68
2026-01-21 19:22,AGG,ETF,SELL,22,99.89
2026-01-21 19:22,IEMG,ETF,BUY,24,71.22
2026-01-21 19:22,IJH,ETF,BUY,23,69.84
2026-01-21 19:22,IJR,ETF,BUY,25,128.84
2026-01-21 19:22,VIG,ETF,HOLD,0,222.62
2026-01-21 19:22,VYM,ETF,BUY,24,147.57
2026-01-21 19:22,SCHD,ETF,BUY,25,29.0
2026-01-21 19:22,XLK,ETF,BUY,11,142.45
2026-01-21 19:22,VT,ETF,BUY,13,143.2
2026-01-21 19:22,ACWI,ETF,BUY,13,143.04
2026-01-21 20:23,AAPL,Stock,HOLD,0,248.93
2026-01-21 20:23,MSFT,Stock,SELL,22,444.21
2026-01-21 20:23,NVDA,Stock,BUY,11,184.43
2026-01-21 20:23,AMZN,Stock,BUY,7,230.77
2026-01-21 20:23,GOOGL,Stock,SELL,25,329.3
2026-01-21 20:23,GOOG,Stock,SELL,25,329.45
2026-01-21 20:23,TSLA,Stock,BUY,15,434.02
2026-01-21 20:23,META,Stock,SELL,31,614.53
2026-01-21 20:23,ADBE,Stock,SELL,25,292.78
2026-01-21 20:24,AMD,Stock,BUY,27,250.35
2026-01-21 20:24,INTC,Stock,BUY,28,53.9
2026-01-21 20:24,CSCO,Stock,BUY,9,73.94
2026-01-21 20:24,QCOM,Stock,SELL,13,156.93
2026-01-21 20:24,CRM,Stock,SELL,16,222.27
2026-01-21 20:24,AVGO,Stock,SELL,18,328.67
2026-01-21 20:24,ORCL,Stock,SELL,22,174.44
2026-01-21 20:24,IBM,Stock,SELL,16,296.96
2026-01-21 20:24,TXN,Stock,BUY,29,194.92
2026-01-21 20:24,AMGN,Stock,BUY,22,342.42
2026-01-21 20:24,HON,Stock,BUY,37,219.41
2026-01-21 20:24,PEP,Stock,BUY,8,146.56
2026-01-21 20:24,KO,Stock,BUY,21,71.94
2026-01-21 20:24,MCD,Stock,SELL,12,304.79
2026-01-21 20:24,WMT,Stock,BUY,27,120.28
2026-01-21 20:24,CAT,Stock,BUY,25,642.03
2026-01-21 20:24,JNJ,Stock,BUY,32,216.95
2026-01-21 20:24,V,Stock,SELL,26,326.09
2026-01-21 20:24,HD,Stock,BUY,35,384.02
2026-01-21 20:24,BAC,Stock,BUY,14,52.38
2026-01-21 20:24,JPM,Stock,BUY,14,303.17
2026-01-21 20:24,UNH,Stock,BUY,24,347.2
2026-01-21 20:24,CVX,Stock,BUY,25,166.76
2026-01-21 20:24,XOM,Stock,BUY,20,133.44
2026-01-21 20:24,NFLX,Stock,SELL,26,84.96
2026-01-21 20:24,LMT,Stock,BUY,44,585.14
2026-01-21 20:24,BLK,Stock,BUY,31,1130.88
2026-01-21 20:24,SPGI,Stock,BUY,16,532.11
2026-01-21 20:24,MS,Stock,BUY,14,184.32
2026-01-21 20:24,RTX,Stock,BUY,27,197.75
2026-01-21 20:24,SPY,ETF,HOLD,0,686.26
2026-01-21 20:24,VOO,ETF,BUY,12,631.12
2026-01-21 20:24,IVV,ETF,BUY,12,689.25
2026-01-21 20:24,VTI,ETF,BUY,13,339.48
2026-01-21 20:24,QQQ,ETF,BUY,12,617.81
2026-01-21 20:24,VUG,ETF,BUY,12,478.28
2026-01-21 20:24,VEA,ETF,BUY,25,65.0
2026-01-21 20:24,VTV,ETF,BUY,29,198.47
2026-01-21 20:24,IEFA,ETF,BUY,21,92.36
2026-01-21 20:24,AGG,ETF,SELL,22,99.97
2026-01-21 20:24,IEMG,ETF,BUY,24,71.49
2026-01-21 20:24,IJH,ETF,BUY,23,70.26
2026-01-21 20:24,IJR,ETF,BUY,25,129.79
2026-01-21 20:24,VIG,ETF,HOLD,0,224.07
2026-01-21 20:24,VYM,ETF,BUY,25,148.26
2026-01-21 20:24,SCHD,ETF,BUY,25,29.12
2026-01-21 20:24,XLK,ETF,BUY,11,144.32
2026-01-21 20:24,VT,ETF,BUY,13,144.27
2026-01-21 20:24,ACWI,ETF,BUY,13,144.17
2026-01-21 21:23,AAPL,Stock,SELL,25,247.65
2026-01-21 21:23,MSFT,Stock,SELL,24,444.11
2026-01-21 21:23,NVDA,Stock,BUY,12,183.32
2026-01-21 21:23,AMZN,Stock,BUY,9,231.31
2026-01-21 21:23,GOOGL,Stock,BUY,16,328.38
2026-01-21 21:23,GOOG,Stock,SELL,16,328.38
2026-01-21 21:23,TSLA,Stock,BUY,15,431.44
2026-01-21 21:23,META,Stock,SELL,32,612.96
2026-01-21 21:23,ADBE,Stock,SELL,28,294.23
2026-01-21 21:23,AMD,Stock,BUY,27,249.8
2026-01-21 21:23,INTC,Stock,BUY,28,54.25
2026-01-21 21:23,CSCO,Stock,BUY,10,73.69
2026-01-21 21:23,QCOM,Stock,SELL,11,156.37
2026-01-21 21:23,CRM,Stock,SELL,17,221.58
2026-01-21 21:23,AVGO,Stock,SELL,25,328.8
2026-01-21 21:23,ORCL,Stock,SELL,23,173.88
2026-01-21 21:23,IBM,Stock,SELL,15,297.54
2026-01-21 21:23,TXN,Stock,BUY,31,194.41
2026-01-21 21:23,AMGN,Stock,BUY,21,343.6
2026-01-21 21:23,HON,Stock,BUY,43,219.17
2026-01-21 21:23,PEP,Stock,SELL,9,146.74
2026-01-21 21:23,KO,Stock,BUY,21,72.01
2026-01-21 21:23,MCD,Stock,SELL,13,305.69
2026-01-21 21:23,WMT,Stock,BUY,27,119.36
2026-01-21 21:23,CAT,Stock,BUY,25,645.38
2026-01-21 21:23,JNJ,Stock,BUY,31,218.01
2026-01-21 21:23,V,Stock,SELL,27,325.28
2026-01-21 21:23,HD,Stock,BUY,34,384.64
2026-01-21 21:23,BAC,Stock,BUY,13,52.07
2026-01-21 21:23,JPM,Stock,BUY,14,302.04
2026-01-21 21:23,UNH,Stock,BUY,25,347.75
2026-01-21 21:23,CVX,Stock,BUY,25,166.73
2026-01-21 21:23,XOM,Stock,BUY,20,133.61
2026-01-21 21:23,NFLX,Stock,BUY,16,85.36
2026-01-21 21:23,LMT,Stock,BUY,44,586.23
2026-01-21 21:23,BLK,Stock,BUY,30,1127.85
2026-01-21 21:23,SPGI,Stock,BUY,16,531.16
2026-01-21 21:23,MS,Stock,BUY,14,183.32
2026-01-21 21:23,RTX,Stock,BUY,27,197.5
2026-01-21 21:23,SPY,ETF,SELL,12,685.4
2026-01-21 21:23,VOO,ETF,BUY,12,630.34
2026-01-21 21:23,IVV,ETF,HOLD,0,688.42
2026-01-21 21:23,VTI,ETF,BUY,13,339.08
2026-01-21 21:23,QQQ,ETF,HOLD,0,616.28
2026-01-21 21:23,VUG,ETF,SELL,25,477.05
2026-01-21 21:23,VEA,ETF,BUY,25,65.01
2026-01-21 21:23,VTV,ETF,BUY,28,198.47
2026-01-21 21:23,IEFA,ETF,BUY,21,92.39
2026-01-21 21:23,AGG,ETF,SELL,16,100.0
2026-01-21 21:23,IEMG,ETF,BUY,24,71.38
2026-01-21 21:23,IJH,ETF,BUY,22,70.34
2026-01-21 21:23,IJR,ETF,BUY,28,130.12
2026-01-21 21:23,VIG,ETF,BUY,12,223.88
2026-01-21 21:23,VYM,ETF,BUY,24,148.28
2026-01-21 21:23,SCHD,ETF,BUY,22,29.15
2026-01-21 21:23,XLK,ETF,SELL,12,143.81
2026-01-21 21:23,VT,ETF,BUY,13,144.12
2026-01-21 21:23,ACWI,ETF,BUY,13,144.01
2026-01-21 22:19,AAPL,Stock,SELL,25,247.65
2026-01-21 22:19,MSFT,Stock,SELL,24,444.11
2026-01-21 22:19,NVDA,Stock,BUY,12,183.32
2026-01-21 22:19,AMZN,Stock,BUY,9,231.31
2026-01-21 22:19,GOOGL,Stock,BUY,16,328.38
2026-01-21 22:19,GOOG,Stock,SELL,16,328.38
2026-01-21 22:19,TSLA,Stock,BUY,15,431.44
2026-01-21 22:19,META,Stock,SELL,32,612.96
2026-01-21 22:19,ADBE,Stock,SELL,28,294.23
2026-01-21 22:19,AMD,Stock,BUY,27,249.8
2026-01-21 22:19,INTC,Stock,BUY,28,54.25
2026-01-21 22:19,CSCO,Stock,BUY,10,73.69
2026-01-21 22:19,QCOM,Stock,SELL,11,156.37
2026-01-21 22:19,CRM,Stock,SELL,17,221.58
2026-01-21 22:19,AVGO,Stock,SELL,25,328.8
2026-01-21 22:19,ORCL,Stock,SELL,23,173.88
2026-01-21 22:19,IBM,Stock,SELL,15,297.54
2026-01-21 22:19,TXN,Stock,BUY,31,194.41
2026-01-21 22:19,AMGN,Stock,BUY,21,343.6
2026-01-21 22:19,HON,Stock,BUY,43,219.17
2026-01-21 22:19,PEP,Stock,SELL,9,146.74
2026-01-21 22:19,KO,Stock,BUY,21,72.01
2026-01-21 22:19,MCD,Stock,SELL,13,305.69
2026-01-21 22:19,WMT,Stock,BUY,27,119.36
2026-01-21 22:19,CAT,Stock,BUY,25,645.38
2026-01-21 22:19,JNJ,Stock,BUY,31,218.01
2026-01-21 22:19,V,Stock,SELL,27,325.28
2026-01-21 22:19,HD,Stock,BUY,34,384.64
2026-01-21 22:19,BAC,Stock,BUY,13,52.07
2026-01-21 22:19,JPM,Stock,BUY,14,302.04
2026-01-21 22:19,UNH,Stock,BUY,25,347.75
2026-01-21 22:19,CVX,Stock,BUY,25,166.73
2026-01-21 22:19,XOM,Stock,BUY,20,133.61
2026-01-21 22:19,NFLX,Stock,BUY,16,85.36
2026-01-21 22:19,LMT,Stock,BUY,44,586.23
2026-01-21 22:19,BLK,Stock,BUY,30,1127.85
2026-01-21 22:19,SPGI,Stock,BUY,16,531.16
2026-01-21 22:19,MS,Stock,BUY,14,183.32
2026-01-21 22:19,RTX,Stock,BUY,27,197.5
2026-01-21 22:19,SPY,ETF,SELL,12,685.4
2026-01-21 22:19,VOO,ETF,BUY,12,630.29
2026-01-21 22:19,IVV,ETF,HOLD,0,688.32
2026-01-21 22:19,VTI,ETF,BUY,13,339.08
2026-01-21 22:19,QQQ,ETF,HOLD,0,616.28
2026-01-21 22:19,VUG,ETF,SELL,25,477.05
2026-01-21 22:19,VEA,ETF,BUY,25,65.01
2026-01-21 22:19,VTV,ETF,BUY,28,198.46
2026-01-21 22:19,IEFA,ETF,BUY,21,92.43
2026-01-21 22:19,AGG,ETF,SELL,16,100.0
2026-01-21 22:19,IEMG,ETF,BUY,24,71.38
2026-01-21 22:19,IJH,ETF,BUY,22,70.34
2026-01-21 22:19,IJR,ETF,BUY,28,130.12
2026-01-21 22:19,VIG,ETF,BUY,12,223.88
2026-01-21 22:19,VYM,ETF,BUY,24,148.28
2026-01-21 22:19,SCHD,ETF,BUY,22,29.15
2026-01-21 22:19,XLK,ETF,SELL,12,143.81
2026-01-21 22:19,VT,ETF,BUY,13,144.12
2026-01-21 22:19,ACWI,ETF,BUY,13,144.01
2026-01-21 23:19,AAPL,Stock,SELL,25,247.65
2026-01-21 23:19,MSFT,Stock,SELL,24,444.11
2026-01-21 23:19,NVDA,Stock,BUY,12,183.32
2026-01-21 23:19,AMZN,Stock,BUY,9,231.31
2026-01-21 23:19,GOOGL,Stock,BUY,16,328.38
2026-01-21 23:19,GOOG,Stock,SELL,16,328.38
2026-01-21 23:19,TSLA,Stock,BUY,15,431.44
2026-01-21 23:19,META,Stock,SELL,32,612.96
2026-01-21 23:19,ADBE,Stock,SELL,28,294.23
2026-01-21 23:19,AMD,Stock,BUY,27,249.8
2026-01-21 23:19,INTC,Stock,BUY,28,54.25
2026-01-21 23:19,CSCO,Stock,BUY,10,73.69
2026-01-21 23:19,QCOM,Stock,SELL,11,156.37
2026-01-21 23:19,CRM,Stock,SELL,17,221.58
2026-01-21 23:19,AVGO,Stock,SELL,25,328.8
2026-01-21 23:19,ORCL,Stock,SELL,23,173.88
2026-01-21 23:19,IBM,Stock,SELL,15,297.54
2026-01-21 23:19,TXN,Stock,BUY,31,194.41
2026-01-21 23:19,AMGN,Stock,BUY,21,343.6
2026-01-21 23:19,HON,Stock,BUY,43,219.17
2026-01-21 23:19,PEP,Stock,SELL,9,146.74
2026-01-21 23:19,KO,Stock,BUY,21,72.01
2026-01-21 23:19,MCD,Stock,SELL,13,305.69
2026-01-21 23:19,WMT,Stock,BUY,27,119.36
2026-01-21 23:19,CAT,Stock,BUY,25,645.38
2026-01-21 23:19,JNJ,Stock,BUY,31,218.01
2026-01-21 23:19,V,Stock,SELL,27,325.28
2026-01-21 23:19,HD,Stock,BUY,34,384.64
2026-01-21 23:19,BAC,Stock,BUY,13,52.07
2026-01-21 23:19,JPM,Stock,BUY,14,302.04
2026-01-21 23:19,UNH,Stock,BUY,25,347.75
2026-01-21 23:19,CVX,Stock,BUY,25,166.73
2026-01-21 23:19,XOM,Stock,BUY,20,133.61
2026-01-21 23:19,NFLX,Stock,BUY,16,85.36
2026-01-21 23:19,LMT,Stock,BUY,44,586.23
2026-01-21 23:19,BLK,Stock,BUY,30,1127.85
2026-01-21 23:19,SPGI,Stock,BUY,16,531.16
2026-01-21 23:19,MS,Stock,BUY,14,183.32
2026-01-21 23:19,RTX,Stock,BUY,27,197.5
2026-01-21 23:19,SPY,ETF,SELL,12,685.4
2026-01-21 23:19,VOO,ETF,BUY,12,630.29
2026-01-21 23:19,IVV,ETF,HOLD,0,688.32
2026-01-21 23:19,VTI,ETF,BUY,13,339.08
2026-01-21 23:19,QQQ,ETF,HOLD,0,616.28
2026-01-21 23:19,VUG,ETF,SELL,25,477.05
2026-01-21 23:19,VEA,ETF,BUY,25,65.01
2026-01-21 23:19,VTV,ETF,BUY,28,198.46
2026-01-21 23:19,IEFA,ETF,BUY,21,92.43
2026-01-21 23:19,AGG,ETF,SELL,16,100.0
2026-01-21 23:19,IEMG,ETF,BUY,24,71.38
2026-01-21 23:19,IJH,ETF,BUY,22,70.34
2026-01-21 23:19,IJR,ETF,BUY,28,130.12
2026-01-21 23:19,VIG,ETF,BUY,12,223.88
2026-01-21 23:19,VYM,ETF,BUY,24,148.28
2026-01-21 23:19,SCHD,ETF,BUY,22,29.15
2026-01-21 23:19,XLK,ETF,SELL,12,143.81
2026-01-21 23:19,VT,ETF,BUY,13,144.12
2026-01-21 23:19,ACWI,ETF,BUY,13,144.01
2026-01-22 01:13,AAPL,Stock,SELL,25,247.65
2026-01-22 01:13,MSFT,Stock,SELL,24,444.11
2026-01-22 01:13,NVDA,Stock,BUY,12,183.32
2026-01-22 01:13,AMZN,Stock,BUY,9,231.31
2026-01-22 01:13,GOOGL,Stock,BUY,16,328.38
2026-01-22 01:13,GOOG,Stock,SELL,16,328.38
2026-01-22 01:13,TSLA,Stock,BUY,15,431.44
2026-01-22 01:13,META,Stock,SELL,32,612.96
2026-01-22 01:14,ADBE,Stock,SELL,28,294.23
2026-01-22 01:14,AMD,Stock,BUY,27,249.8
2026-01-22 01:14,INTC,Stock,BUY,28,54.25
2026-01-22 01:14,CSCO,Stock,BUY,10,73.69
2026-01-22 01:14,QCOM,Stock,SELL,11,156.37
2026-01-22 01:14,CRM,Stock,SELL,17,221.58
2026-01-22 01:14,AVGO,Stock,SELL,25,328.8
2026-01-22 01:14,ORCL,Stock,SELL,23,173.88
2026-01-22 01:14,IBM,Stock,SELL,15,297.54
2026-01-22 01:14,TXN,Stock,BUY,31,194.41
2026-01-22 01:14,AMGN,Stock,BUY,21,343.6
2026-01-22 01:14,HON,Stock,BUY,43,219.17
2026-01-22 01:14,PEP,Stock,SELL,9,146.74
2026-01-22 01:14,KO,Stock,BUY,21,72.01
2026-01-22 01:14,MCD,Stock,SELL,13,305.69
2026-01-22 01:14,WMT,Stock,BUY,27,119.36
2026-01-22 01:14,CAT,Stock,BUY,25,645.38
2026-01-22 01:14,JNJ,Stock,BUY,31,218.01
2026-01-22 01:14,V,Stock,SELL,27,325.28
2026-01-22 01:14,HD,Stock,BUY,34,384.64
2026-01-22 01:14,BAC,Stock,BUY,13,52.07
2026-01-22 01:14,JPM,Stock,BUY,14,302.04
2026-01-22 01:14,UNH,Stock,BUY,25,347.75
2026-01-22 01:14,CVX,Stock,BUY,25,166.73
2026-01-22 01:14,XOM,Stock,BUY,20,133.61
2026-01-22 01:14,NFLX,Stock,BUY,16,85.36
2026-01-22 01:14,LMT,Stock,BUY,44,586.23
2026-01-22 01:14,BLK,Stock,BUY,30,1127.85
2026-01-22 01:14,SPGI,Stock,BUY,16,531.16
2026-01-22 01:14,MS,Stock,BUY,14,183.32
2026-01-22 01:14,RTX,Stock,BUY,27,197.5
2026-01-22 01:14,SPY,ETF,SELL,12,685.4
2026-01-22 01:14,VOO,ETF,BUY,12,630.29
2026-01-22 01:14,IVV,ETF,HOLD,0,688.32
2026-01-22 01:14,VTI,ETF,BUY,13,339.08
2026-01-22 01:14,QQQ,ETF,HOLD,0,616.28
2026-01-22 01:14,VUG,ETF,SELL,25,477.05
2026-01-22 01:14,VEA,ETF,BUY,25,65.01
2026-01-22 01:14,VTV,ETF,BUY,28,198.46
2026-01-22 01:14,IEFA,ETF,BUY,21,92.43
2026-01-22 01:14,AGG,ETF,SELL,16,100.0
2026-01-22 01:14,IEMG,ETF,BUY,24,71.38
2026-01-22 01:14,IJH,ETF,BUY,22,70.34
2026-01-22 01:14,IJR,ETF,BUY,28,130.12
2026-01-22 01:14,VIG,ETF,BUY,12,223.88
2026-01-22 01:14,VYM,ETF,BUY,24,148.28
2026-01-22 01:14,SCHD,ETF,BUY,22,29.15
2026-01-22 01:14,XLK,ETF,SELL,12,143.81
2026-01-22 01:14,VT,ETF,BUY,13,144.12
2026-01-22 01:14,ACWI,ETF,BUY,13,144.01
2026-01-22 03:42,AAPL,Stock,SELL,25,247.65
2026-01-22 03:42,MSFT,Stock,SELL,24,444.11
2026-01-22 03:42,NVDA,Stock,BUY,12,183.32
2026-01-22 03:42,AMZN,Stock,BUY,9,231.31
2026-01-22 03:42,GOOGL,Stock,BUY,16,328.38
2026-01-22 03:42,GOOG,Stock,SELL,16,328.38
2026-01-22 03:42,TSLA,Stock,BUY,15,431.44
2026-01-22 03:42,META,Stock,SELL,32,612.96
2026-01-22 03:42,ADBE,Stock,SELL,28,294.23
2026-01-22 03:42,AMD,Stock,BUY,27,249.8
2026-01-22 03:42,INTC,Stock,BUY,28,54.25
2026-01-22 03:42,CSCO,Stock,BUY,10,73.69
2026-01-22 03:42,QCOM,Stock,SELL,11,156.37
2026-01-22 03:42,CRM,Stock,SELL,17,221.58
2026-01-22 03:42,AVGO,Stock,SELL,25,328.8
2026-01-22 03:42,ORCL,Stock,SELL,23,173.88
2026-01-22 03:42,IBM,Stock,SELL,15,297.54
2026-01-22 03:42,TXN,Stock,BUY,31,194.41
2026-01-22 03:42,AMGN,Stock,BUY,21,343.6
2026-01-22 03:42,HON,Stock,BUY,43,219.17
2026-01-22 03:42,PEP,Stock,SELL,9,146.74
2026-01-22 03:42,KO,Stock,BUY,21,72.01
2026-01-22 03:42,MCD,Stock,SELL,13,305.69
2026-01-22 03:42,WMT,Stock,BUY,27,119.36
2026-01-22 03:42,CAT,Stock,BUY,25,645.38
2026-01-22 03:42,JNJ,Stock,BUY,31,218.01
2026-01-22 03:42,V,Stock,SELL,27,325.28
2026-01-22 03:42,HD,Stock,BUY,34,384.64
2026-01-22 03:42,BAC,Stock,BUY,13,52.07
2026-01-22 03:42,JPM,Stock,BUY,14,302.04
2026-01-22 03:42,UNH,Stock,BUY,25,347.75
2026-01-22 03:42,CVX,Stock,BUY,25,166.73
2026-01-22 03:42,XOM,Stock,BUY,20,133.61
2026-01-22 03:42,NFLX,Stock,BUY,16,85.36
2026-01-22 03:42,LMT,Stock,BUY,44,586.23
2026-01-22 03:42,BLK,Stock,BUY,30,1127.85
2026-01-22 03:42,SPGI,Stock,BUY,16,531.16
2026-01-22 03:42,MS,Stock,BUY,14,183.32
2026-01-22 03:42,RTX,Stock,BUY,27,197.5
2026-01-22 03:42,SPY,ETF,SELL,12,685.4
2026-01-22 03:42,VOO,ETF,BUY,12,630.29
2026-01-22 03:42,IVV,ETF,HOLD,0,688.32
2026-01-22 03:42,VTI,ETF,BUY,13,339.08
2026-01-22 03:42,QQQ,ETF,HOLD,0,616.28
2026-01-22 03:42,VUG,ETF,SELL,25,477.05
2026-01-22 03:42,VEA,ETF,BUY,25,65.01
2026-01-22 03:42,VTV,ETF,BUY,28,198.46
2026-01-22 03:42,IEFA,ETF,BUY,21,92.43
2026-01-22 03:42,AGG,ETF,SELL,16,100.0
2026-01-22 03:42,IEMG,ETF,BUY,24,71.38
2026-01-22 03:42,IJH,ETF,BUY,22,70.34
2026-01-22 03:42,IJR,ETF,BUY,28,130.12
2026-01-22 03:42,VIG,ETF,BUY,12,223.88
2026-01-22 03:42,VYM,ETF,BUY,24,148.28
2026-01-22 03:42,SCHD,ETF,BUY,22,29.15
2026-01-22 03:42,XLK,ETF,SELL,12,143.81
2026-01-22 03:42,VT,ETF,BUY,13,144.12
2026-01-22 03:42,ACWI,ETF,BUY,13,144.01
2026-01-22 04:42,AAPL,Stock,SELL,25,247.65
2026-01-22 04:42,MSFT,Stock,SELL,24,444.11
2026-01-22 04:42,NVDA,Stock,BUY,12,183.32
2026-01-22 04:42,AMZN,Stock,BUY,9,231.31
2026-01-22 04:42,GOOGL,Stock,BUY,16,328.38
2026-01-22 04:42,GOOG,Stock,SELL,16,328.38
2026-01-22 04:42,TSLA,Stock,BUY,15,431.44
2026-01-22 04:42,META,Stock,SELL,32,612.96
2026-01-22 04:42,ADBE,Stock,SELL,28,294.23
2026-01-22 04:42,AMD,Stock,BUY,27,249.8
2026-01-22 04:42,INTC,Stock,BUY,28,54.25
2026-01-22 04:42,CSCO,Stock,BUY,10,73.69
2026-01-22 04:42,QCOM,Stock,SELL,11,156.37
2026-01-22 04:42,CRM,Stock,SELL,17,221.58
2026-01-22 04:42,AVGO,Stock,SELL,25,328.8
2026-01-22 04:42,ORCL,Stock,SELL,23,173.88
2026-01-22 04:42,IBM,Stock,SELL,15,297.54
2026-01-22 04:42,TXN,Stock,BUY,31,194.41
2026-01-22 04:42,AMGN,Stock,BUY,21,343.6
2026-01-22 04:42,HON,Stock,BUY,43,219.17
2026-01-22 04:42,PEP,Stock,SELL,9,146.74
2026-01-22 04:42,KO,Stock,BUY,21,72.01
2026-01-22 04:42,MCD,Stock,SELL,13,305.69
2026-01-22 04:42,WMT,Stock,BUY,27,119.36
2026-01-22 04:42,CAT,Stock,BUY,25,645.38
2026-01-22 04:42,JNJ,Stock,BUY,31,218.01
2026-01-22 04:42,V,Stock,SELL,27,325.28
2026-01-22 04:42,HD,Stock,BUY,34,384.64
2026-01-22 04:42,BAC,Stock,BUY,13,52.07
2026-01-22 04:42,JPM,Stock,BUY,14,302.04
2026-01-22 04:42,UNH,Stock,BUY,25,347.75
2026-01-22 04:42,CVX,Stock,BUY,25,166.73
2026-01-22 04:42,XOM,Stock,BUY,20,133.61
2026-01-22 04:42,NFLX,Stock,BUY,16,85.36
2026-01-22 04:42,LMT,Stock,BUY,44,586.23
2026-01-22 04:42,BLK,Stock,BUY,30,1127.85
2026-01-22 04:42,SPGI,Stock,BUY,16,531.16
2026-01-22 04:42,MS,Stock,BUY,14,183.32
2026-01-22 04:42,RTX,Stock,BUY,27,197.5
2026-01-22 04:42,SPY,ETF,SELL,12,685.4
2026-01-22 04:42,VOO,ETF,BUY,12,630.29
2026-01-22 04:42,IVV,ETF,HOLD,0,688.32
2026-01-22 04:42,VTI,ETF,BUY,13,339.08
2026-01-22 04:42,QQQ,ETF,HOLD,0,616.28
2026-01-22 04:42,VUG,ETF,SELL,25,477.05
2026-01-22 04:42,VEA,ETF,BUY,25,65.01
2026-01-22 04:42,VTV,ETF,BUY,28,198.46
2026-01-22 04:42,IEFA,ETF,BUY,21,92.43
2026-01-22 04:42,AGG,ETF,SELL,16,100.0
2026-01-22 04:42,IEMG,ETF,BUY,24,71.38
2026-01-22 04:42,IJH,ETF,BUY,22,70.34
2026-01-22 04:42,IJR,ETF,BUY,28,130.12
2026-01-22 04:42,VIG,ETF,BUY,12,223.88
2026-01-22 04:42,VYM,ETF,BUY,24,148.28
2026-01-22 04:42,SCHD,ETF,BUY,22,29.15
2026-01-22 04:42,XLK,ETF,SELL,12,143.81
2026-01-22 04:42,VT,ETF,BUY,13,144.12
2026-01-22 04:42,ACWI,ETF,BUY,13,144.01
2026-01-22 05:23,AAPL,Stock,SELL,25,247.65
2026-01-22 05:23,MSFT,Stock,SELL,24,444.11
2026-01-22 05:23,NVDA,Stock,BUY,12,183.32
2026-01-22 05:23,AMZN,Stock,BUY,9,231.31
2026-01-22 05:23,GOOGL,Stock,BUY,16,328.38
2026-01-22 05:23,GOOG,Stock,SELL,16,328.38
2026-01-22 05:23,TSLA,Stock,BUY,15,431.44
2026-01-22 05:23,META,Stock,SELL,32,612.96
2026-01-22 05:23,ADBE,Stock,SELL,28,294.23
2026-01-22 05:23,AMD,Stock,BUY,27,249.8
2026-01-22 05:23,INTC,Stock,BUY,28,54.25
2026-01-22 05:23,CSCO,Stock,BUY,10,73.69
2026-01-22 05:23,QCOM,Stock,SELL,11,156.37
2026-01-22 05:23,CRM,Stock,SELL,17,221.58
2026-01-22 05:23,AVGO,Stock,SELL,25,328.8
2026-01-22 05:23,ORCL,Stock,SELL,23,173.88
2026-01-22 05:23,IBM,Stock,SELL,15,297.54
2026-01-22 05:23,TXN,Stock,BUY,31,194.41
2026-01-22 05:23,AMGN,Stock,BUY,21,343.6
2026-01-22 05:23,HON,Stock,BUY,43,219.17
2026-01-22 05:23,PEP,Stock,SELL,9,146.74
2026-01-22 05:23,KO,Stock,BUY,21,72.01
2026-01-22 05:23,MCD,Stock,SELL,13,305.69
2026-01-22 05:23,WMT,Stock,BUY,27,119.36
2026-01-22 05:23,CAT,Stock,BUY,25,645.38
2026-01-22 05:23,JNJ,Stock,BUY,31,218.01
2026-01-22 05:23,V,Stock,SELL,27,325.28
2026-01-22 05:23,HD,Stock,BUY,34,384.64
2026-01-22 05:23,BAC,Stock,BUY,13,52.07
2026-01-22 05:23,JPM,Stock,BUY,14,302.04
2026-01-22 05:23,UNH,Stock,BUY,25,347.75
2026-01-22 05:23,CVX,Stock,BUY,25,166.73
2026-01-22 05:23,XOM,Stock,BUY,20,133.61
2026-01-22 05:23,NFLX,Stock,BUY,16,85.36
2026-01-22 05:23,LMT,Stock,BUY,44,586.23
2026-01-22 05:23,BLK,Stock,BUY,30,1127.85
2026-01-22 05:23,SPGI,Stock,BUY,16,531.16
2026-01-22 05:23,MS,Stock,BUY,14,183.32
2026-01-22 05:23,RTX,Stock,BUY,27,197.5
2026-01-22 05:23,SPY,ETF,SELL,12,685.4
2026-01-22 05:23,VOO,ETF,BUY,12,630.29
2026-01-22 05:23,IVV,ETF,HOLD,0,688.32
2026-01-22 05:23,VTI,ETF,BUY,13,339.08
2026-01-22 05:23,QQQ,ETF,HOLD,0,616.28
2026-01-22 05:23,VUG,ETF,SELL,25,477.05
2026-01-22 05:23,VEA,ETF,BUY,25,65.01
2026-01-22 05:23,VTV,ETF,BUY,28,198.46
2026-01-22 05:23,IEFA,ETF,BUY,21,92.43
2026-01-22 05:23,AGG,ETF,SELL,16,100.0
2026-01-22 05:23,IEMG,ETF,BUY,24,71.38
2026-01-22 05:23,IJH,ETF,BUY,22,70.34
2026-01-22 05:23,IJR,ETF,BUY,28,130.12
2026-01-22 05:23,VIG,ETF,BUY,12,223.88
2026-01-22 05:23,VYM,ETF,BUY,24,148.28
2026-01-22 05:23,SCHD,ETF,BUY,22,29.15
2026-01-22 05:23,XLK,ETF,SELL,12,143.81
2026-01-22 05:23,VT,ETF,BUY,13,144.12
2026-01-22 05:23,ACWI,ETF,BUY,13,144.01
2026-01-22 06:25,AAPL,Stock,SELL,25,247.65
2026-01-22 06:25,MSFT,Stock,SELL,24,444.11
2026-01-22 06:25,NVDA,Stock,BUY,12,183.32
2026-01-22 06:25,AMZN,Stock,BUY,9,231.31
2026-01-22 06:25,GOOGL,Stock,BUY,16,328.38
2026-01-22 06:25,GOOG,Stock,SELL,16,328.38
2026-01-22 06:25,TSLA,Stock,BUY,15,431.44
2026-01-22 06:25,META,Stock,SELL,32,612.96
2026-01-22 06:25,ADBE,Stock,SELL,28,294.23
2026-01-22 06:25,AMD,Stock,BUY,27,249.8
2026-01-22 06:25,INTC,Stock,BUY,28,54.25
2026-01-22 06:25,CSCO,Stock,BUY,10,73.69
2026-01-22 06:25,QCOM,Stock,SELL,11,156.37
2026-01-22 06:25,CRM,Stock,SELL,17,221.58
2026-01-22 06:25,AVGO,Stock,SELL,25,328.8
2026-01-22 06:25,ORCL,Stock,SELL,23,173.88
2026-01-22 06:25,IBM,Stock,SELL,15,297.54
2026-01-22 06:25,TXN,Stock,BUY,31,194.41
2026-01-22 06:25,AMGN,Stock,BUY,21,343.6
2026-01-22 06:25,HON,Stock,BUY,43,219.17
2026-01-22 06:25,PEP,Stock,SELL,9,146.74
2026-01-22 06:25,KO,Stock,BUY,21,72.01
2026-01-22 06:25,MCD,Stock,SELL,13,305.69
2026-01-22 06:25,WMT,Stock,BUY,27,119.36
2026-01-22 06:25,CAT,Stock,BUY,25,645.38
2026-01-22 06:25,JNJ,Stock,BUY,31,218.01
2026-01-22 06:25,V,Stock,SELL,27,325.28
2026-01-22 06:25,HD,Stock,BUY,34,384.64
2026-01-22 06:25,BAC,Stock,BUY,13,52.07
2026-01-22 06:25,JPM,Stock,BUY,14,302.04
2026-01-22 06:25,UNH,Stock,BUY,25,347.75
2026-01-22 06:25,CVX,Stock,BUY,25,166.73
2026-01-22 06:25,XOM,Stock,BUY,20,133.61
2026-01-22 06:25,NFLX,Stock,BUY,16,85.36
2026-01-22 06:25,LMT,Stock,BUY,44,586.23
2026-01-22 06:25,BLK,Stock,BUY,30,1127.85
2026-01-22 06:26,SPGI,Stock,BUY,16,531.16
2026-01-22 06:26,MS,Stock,BUY,14,183.32
2026-01-22 06:26,RTX,Stock,BUY,27,197.5
2026-01-22 06:26,SPY,ETF,SELL,12,685.4
2026-01-22 06:26,VOO,ETF,BUY,12,630.29
2026-01-22 06:26,IVV,ETF,HOLD,0,688.32
2026-01-22 06:26,VTI,ETF,BUY,13,339.08
2026-01-22 06:26,QQQ,ETF,HOLD,0,616.28
2026-01-22 06:26,VUG,ETF,SELL,25,477.05
2026-01-22 06:26,VEA,ETF,BUY,25,65.01
2026-01-22 06:26,VTV,ETF,BUY,28,198.46
2026-01-22 06:26,IEFA,ETF,BUY,21,92.43
2026-01-22 06:26,AGG,ETF,SELL,16,100.0
2026-01-22 06:26,IEMG,ETF,BUY,24,71.38
2026-01-22 06:26,IJH,ETF,BUY,22,70.34
2026-01-22 06:26,IJR,ETF,BUY,28,130.12
2026-01-22 06:26,VIG,ETF,BUY,12,223.88
2026-01-22 06:26,VYM,ETF,BUY,24,148.28
2026-01-22 06:26,SCHD,ETF,BUY,22,29.15
2026-01-22 06:26,XLK,ETF,SELL,12,143.81
2026-01-22 06:26,VT,ETF,BUY,13,144.12
2026-01-22 06:26,ACWI,ETF,BUY,13,144.01
2026-01-22 07:22,AAPL,Stock,SELL,25,247.65
2026-01-22 07:22,MSFT,Stock,SELL,24,444.11
2026-01-22 07:22,NVDA,Stock,BUY,12,183.32
2026-01-22 07:22,AMZN,Stock,BUY,9,231.31
2026-01-22 07:22,GOOGL,Stock,BUY,16,328.38
2026-01-22 07:22,GOOG,Stock,SELL,16,328.38
2026-01-22 07:22,TSLA,Stock,BUY,15,431.44
2026-01-22 07:22,META,Stock,SELL,32,612.96
2026-01-22 07:22,ADBE,Stock,SELL,28,294.23
2026-01-22 07:22,AMD,Stock,BUY,27,249.8
2026-01-22 07:22,INTC,Stock,BUY,28,54.25
2026-01-22 07:22,CSCO,Stock,BUY,10,73.69
2026-01-22 07:22,QCOM,Stock,SELL,11,156.37
2026-01-22 07:22,CRM,Stock,SELL,17,221.58
2026-01-22 07:22,AVGO,Stock,SELL,25,328.8
2026-01-22 07:22,ORCL,Stock,SELL,23,173.88
2026-01-22 07:22,IBM,Stock,SELL,15,297.54
2026-01-22 07:22,TXN,Stock,BUY,31,194.41
2026-01-22 07:22,AMGN,Stock,BUY,21,343.6
2026-01-22 07:22,HON,Stock,BUY,43,219.17
2026-01-22 07:22,PEP,Stock,SELL,9,146.74
2026-01-22 07:22,KO,Stock,BUY,21,72.01
2026-01-22 07:22,MCD,Stock,SELL,13,305.69
2026-01-22 07:22,WMT,Stock,BUY,27,119.36
2026-01-22 07:22,CAT,Stock,BUY,25,645.38
2026-01-22 07:22,JNJ,Stock,BUY,31,218.01
2026-01-22 07:22,V,Stock,SELL,27,325.28
2026-01-22 07:22,HD,Stock,BUY,34,384.64
2026-01-22 07:22,BAC,Stock,BUY,13,52.07
2026-01-22 07:22,JPM,Stock,BUY,14,302.04
2026-01-22 07:22,UNH,Stock,BUY,25,347.75
2026-01-22 07:22,CVX,Stock,BUY,25,166.73
2026-01-22 07:22,XOM,Stock,BUY,20,133.61
2026-01-22 07:22,NFLX,Stock,BUY,16,85.36
2026-01-22 07:22,LMT,Stock,BUY,44,586.23
2026-01-22 07:22,BLK,Stock,BUY,30,1127.85
2026-01-22 07:22,SPGI,Stock,BUY,16,531.16
2026-01-22 07:22,MS,Stock,BUY,14,183.32
2026-01-22 07:22,RTX,Stock,BUY,27,197.5
2026-01-22 07:22,SPY,ETF,SELL,12,685.4
2026-01-22 07:22,VOO,ETF,BUY,12,630.29
2026-01-22 07:22,IVV,ETF,HOLD,0,688.32
2026-01-22 07:22,VTI,ETF,BUY,13,339.08
2026-01-22 07:22,QQQ,ETF,HOLD,0,616.28
2026-01-22 07:22,VUG,ETF,SELL,25,477.05
2026-01-22 07:22,VEA,ETF,BUY,25,65.01
2026-01-22 07:22,VTV,ETF,BUY,28,198.46
2026-01-22 07:22,IEFA,ETF,BUY,21,92.43
2026-01-22 07:22,AGG,ETF,SELL,16,100.0
2026-01-22 07:22,IEMG,ETF,BUY,24,71.38
2026-01-22 07:22,IJH,ETF,BUY,22,70.34
2026-01-22 07:22,IJR,ETF,BUY,28,130.12
2026-01-22 07:22,VIG,ETF,BUY,12,223.88
2026-01-22 07:22,VYM,ETF,BUY,24,148.28
2026-01-22 07:22,SCHD,ETF,BUY,22,29.15
2026-01-22 07:22,XLK,ETF,SELL,12,143.81
2026-01-22 07:22,VT,ETF,BUY,13,144.12
2026-01-22 07:22,ACWI,ETF,BUY,13,144.01
2026-01-22 08:23,AAPL,Stock,SELL,25,247.65
2026-01-22 08:23,MSFT,Stock,SELL,24,444.11
2026-01-22 08:23,NVDA,Stock,BUY,12,183.32
2026-01-22 08:23,AMZN,Stock,BUY,9,231.31
2026-01-22 08:23,GOOGL,Stock,BUY,16,328.38
2026-01-22 08:23,GOOG,Stock,SELL,16,328.38
2026-01-22 08:23,TSLA,Stock,BUY,15,431.44
2026-01-22 08:23,META,Stock,SELL,32,612.96
2026-01-22 08:23,ADBE,Stock,SELL,28,294.23
2026-01-22 08:23,AMD,Stock,BUY,27,249.8
2026-01-22 08:23,INTC,Stock,BUY,28,54.25
2026-01-22 08:23,CSCO,Stock,BUY,10,73.69
2026-01-22 08:23,QCOM,Stock,SELL,11,156.37
2026-01-22 08:23,CRM,Stock,SELL,17,221.58
2026-01-22 08:23,AVGO,Stock,SELL,25,328.8
2026-01-22 08:23,ORCL,Stock,SELL,23,173.88
2026-01-22 08:23,IBM,Stock,SELL,15,297.54
2026-01-22 08:23,TXN,Stock,BUY,31,194.41
2026-01-22 08:23,AMGN,Stock,BUY,21,343.6
2026-01-22 08:23,HON,Stock,BUY,43,219.17
2026-01-22 08:23,PEP,Stock,SELL,9,146.74
2026-01-22 08:23,KO,Stock,BUY,21,72.01
2026-01-22 08:23,MCD,Stock,SELL,13,305.69
2026-01-22 08:23,WMT,Stock,BUY,27,119.36
2026-01-22 08:23,CAT,Stock,BUY,25,645.38
2026-01-22 08:23,JNJ,Stock,BUY,31,218.01
2026-01-22 08:23,V,Stock,SELL,27,325.28
2026-01-22 08:23,HD,Stock,BUY,34,384.64
2026-01-22 08:23,BAC,Stock,BUY,13,52.07
2026-01-22 08:23,JPM,Stock,BUY,14,302.04
2026-01-22 08:23,UNH,Stock,BUY,25,347.75
2026-01-22 08:23,CVX,Stock,BUY,25,166.73
2026-01-22 08:23,XOM,Stock,BUY,20,133.61
2026-01-22 08:23,NFLX,Stock,BUY,16,85.36
2026-01-22 08:23,LMT,Stock,BUY,44,586.23
2026-01-22 08:23,BLK,Stock,BUY,30,1127.85
2026-01-22 08:23,SPGI,Stock,BUY,16,531.16
2026-01-22 08:23,MS,Stock,BUY,14,183.32
2026-01-22 08:23,RTX,Stock,BUY,27,197.5
2026-01-22 08:23,SPY,ETF,SELL,12,685.4
2026-01-22 08:23,VOO,ETF,BUY,12,630.29
2026-01-22 08:23,IVV,ETF,HOLD,0,688.32
2026-01-22 08:23,VTI,ETF,BUY,13,339.08
2026-01-22 08:23,QQQ,ETF,HOLD,0,616.28
2026-01-22 08:23,VUG,ETF,SELL,25,477.05
2026-01-22 08:23,VEA,ETF,BUY,25,65.01
2026-01-22 08:23,VTV,ETF,BUY,28,198.46
2026-01-22 08:23,IEFA,ETF,BUY,21,92.43
2026-01-22 08:23,AGG,ETF,SELL,16,100.0
2026-01-22 08:23,IEMG,ETF,BUY,24,71.38
2026-01-22 08:23,IJH,ETF,BUY,22,70.34
2026-01-22 08:23,IJR,ETF,BUY,28,130.12
2026-01-22 08:23,VIG,ETF,BUY,12,223.88
2026-01-22 08:23,VYM,ETF,BUY,24,148.28
2026-01-22 08:23,SCHD,ETF,BUY,22,29.15
2026-01-22 08:23,XLK,ETF,SELL,12,143.81
2026-01-22 08:23,VT,ETF,BUY,13,144.12
2026-01-22 08:23,ACWI,ETF,BUY,13,144.01
2026-01-22 09:27,AAPL,Stock,SELL,25,247.65
2026-01-22 09:27,MSFT,Stock,SELL,24,444.11
2026-01-22 09:27,NVDA,Stock,BUY,12,183.32
2026-01-22 09:27,AMZN,Stock,BUY,9,231.31
2026-01-22 09:27,GOOGL,Stock,BUY,16,328.38
2026-01-22 09:27,GOOG,Stock,SELL,16,328.38
2026-01-22 09:27,TSLA,Stock,BUY,15,431.44
2026-01-22 09:27,META,Stock,SELL,32,612.96
2026-01-22 09:27,ADBE,Stock,SELL,28,294.23
2026-01-22 09:27,AMD,Stock,BUY,27,249.8
2026-01-22 09:27,INTC,Stock,BUY,28,54.25
2026-01-22 09:27,CSCO,Stock,BUY,10,73.69
2026-01-22 09:27,QCOM,Stock,SELL,11,156.37
2026-01-22 09:27,CRM,Stock,SELL,17,221.58
2026-01-22 09:27,AVGO,Stock,SELL,25,328.8
2026-01-22 09:27,ORCL,Stock,SELL,23,173.88
2026-01-22 09:27,IBM,Stock,SELL,15,297.54
2026-01-22 09:27,TXN,Stock,BUY,31,194.41
2026-01-22 09:27,AMGN,Stock,BUY,21,343.6
2026-01-22 09:27,HON,Stock,BUY,43,219.17
2026-01-22 09:27,PEP,Stock,SELL,9,146.74
2026-01-22 09:27,KO,Stock,BUY,21,72.01
2026-01-22 09:27,MCD,Stock,SELL,13,305.69
2026-01-22 09:27,WMT,Stock,BUY,27,119.36
2026-01-22 09:27,CAT,Stock,BUY,25,645.38
2026-01-22 09:27,JNJ,Stock,BUY,31,218.01
2026-01-22 09:27,V,Stock,SELL,27,325.28
2026-01-22 09:27,HD,Stock,BUY,34,384.64
2026-01-22 09:27,BAC,Stock,BUY,13,52.07
2026-01-22 09:27,JPM,Stock,BUY,14,302.04
2026-01-22 09:27,UNH,Stock,BUY,25,347.75
2026-01-22 09:27,CVX,Stock,BUY,25,166.73
2026-01-22 09:27,XOM,Stock,BUY,20,133.61
2026-01-22 09:27,NFLX,Stock,BUY,16,85.36
2026-01-22 09:27,LMT,Stock,BUY,44,586.23
2026-01-22 09:27,BLK,Stock,BUY,30,1127.85
2026-01-22 09:27,SPGI,Stock,BUY,16,531.16
2026-01-22 09:27,MS,Stock,BUY,14,183.32
2026-01-22 09:27,RTX,Stock,BUY,27,197.5
2026-01-22 09:27,SPY,ETF,SELL,12,685.4
2026-01-22 09:27,VOO,ETF,BUY,12,630.29
2026-01-22 09:27,IVV,ETF,HOLD,0,688.32
2026-01-22 09:27,VTI,ETF,BUY,13,339.08
2026-01-22 09:27,QQQ,ETF,HOLD,0,616.28
2026-01-22 09:27,VUG,ETF,SELL,25,477.05
2026-01-22 09:27,VEA,ETF,BUY,25,65.01
2026-01-22 09:27,VTV,ETF,BUY,28,198.46
2026-01-22 09:27,IEFA,ETF,BUY,21,92.43
2026-01-22 09:27,AGG,ETF,SELL,16,100.0
2026-01-22 09:27,IEMG,ETF,BUY,24,71.38
2026-01-22 09:27,IJH,ETF,BUY,22,70.34
2026-01-22 09:27,IJR,ETF,BUY,28,130.12
2026-01-22 09:27,VIG,ETF,BUY,12,223.88
2026-01-22 09:27,VYM,ETF,BUY,24,148.28
2026-01-22 09:27,SCHD,ETF,BUY,22,29.15
2026-01-22 09:27,XLK,ETF,SELL,12,143.81
2026-01-22 09:27,VT,ETF,BUY,13,144.12
2026-01-22 09:27,ACWI,ETF,BUY,13,144.01
2026-01-22 10:21,AAPL,Stock,SELL,25,247.65
2026-01-22 10:21,MSFT,Stock,SELL,24,444.11
2026-01-22 10:21,NVDA,Stock,BUY,12,183.32
2026-01-22 10:21,AMZN,Stock,BUY,9,231.31
2026-01-22 10:21,GOOGL,Stock,BUY,16,328.38
2026-01-22 10:21,GOOG,Stock,SELL,16,328.38
2026-01-22 10:21,TSLA,Stock,BUY,15,431.44
2026-01-22 10:21,META,Stock,SELL,32,612.96
2026-01-22 10:21,ADBE,Stock,SELL,28,294.23
2026-01-22 10:21,AMD,Stock,BUY,27,249.8
2026-01-22 10:21,INTC,Stock,BUY,28,54.25
2026-01-22 10:21,CSCO,Stock,BUY,10,73.69
2026-01-22 10:21,QCOM,Stock,SELL,11,156.37
2026-01-22 10:21,CRM,Stock,SELL,17,221.58
2026-01-22 10:21,AVGO,Stock,SELL,25,328.8
2026-01-22 10:21,ORCL,Stock,SELL,23,173.88
2026-01-22 10:21,IBM,Stock,SELL,15,297.54
2026-01-22 10:21,TXN,Stock,BUY,31,194.41
2026-01-22 10:21,AMGN,Stock,BUY,21,343.6
2026-01-22 10:21,HON,Stock,BUY,43,219.17
2026-01-22 10:21,PEP,Stock,SELL,9,146.74
2026-01-22 10:21,KO,Stock,BUY,21,72.01
2026-01-22 10:21,MCD,Stock,SELL,13,305.69
2026-01-22 10:21,WMT,Stock,BUY,27,119.36
2026-01-22 10:21,CAT,Stock,BUY,25,645.38
2026-01-22 10:21,JNJ,Stock,BUY,31,218.01
2026-01-22 10:21,V,Stock,SELL,27,325.28
2026-01-22 10:21,HD,Stock,BUY,34,384.64
2026-01-22 10:21,BAC,Stock,BUY,13,52.07
2026-01-22 10:21,JPM,Stock,BUY,14,302.04
2026-01-22 10:21,UNH,Stock,BUY,25,347.75
2026-01-22 10:21,CVX,Stock,BUY,25,166.73
2026-01-22 10:21,XOM,Stock,BUY,20,133.61
2026-01-22 10:21,NFLX,Stock,BUY,16,85.36
2026-01-22 10:21,LMT,Stock,BUY,44,586.23
2026-01-22 10:21,BLK,Stock,BUY,30,1127.85
2026-01-22 10:21,SPGI,Stock,BUY,16,531.16
2026-01-22 10:21,MS,Stock,BUY,14,183.32
2026-01-22 10:21,RTX,Stock,BUY,27,197.5
2026-01-22 10:21,SPY,ETF,SELL,12,685.4
2026-01-22 10:21,VOO,ETF,BUY,12,630.29
2026-01-22 10:21,IVV,ETF,HOLD,0,688.32
2026-01-22 10:21,VTI,ETF,BUY,13,339.08
2026-01-22 10:21,QQQ,ETF,HOLD,0,616.28
2026-01-22 10:21,VUG,ETF,SELL,25,477.05
2026-01-22 10:21,VEA,ETF,BUY,25,65.01
2026-01-22 10:21,VTV,ETF,BUY,28,198.46
2026-01-22 10:21,IEFA,ETF,BUY,21,92.43
2026-01-22 10:21,AGG,ETF,SELL,16,100.0
2026-01-22 10:21,IEMG,ETF,BUY,24,71.38
2026-01-22 10:21,IJH,ETF,BUY,22,70.34
2026-01-22 10:21,IJR,ETF,BUY,28,130.12
2026-01-22 10:21,VIG,ETF,BUY,12,223.88
2026-01-22 10:21,VYM,ETF,BUY,24,148.28
2026-01-22 10:21,SCHD,ETF,BUY,22,29.15
2026-01-22 10:21,XLK,ETF,SELL,12,143.81
2026-01-22 10:21,VT,ETF,BUY,13,144.12
2026-01-22 10:21,ACWI,ETF,BUY,13,144.01
2026-01-22 11:18,AAPL,Stock,SELL,25,247.65
2026-01-22 11:18,MSFT,Stock,SELL,24,444.11
2026-01-22 11:18,NVDA,Stock,BUY,12,183.32
2026-01-22 11:18,AMZN,Stock,BUY,9,231.31
2026-01-22 11:18,GOOGL,Stock,BUY,16,328.38
2026-01-22 11:18,GOOG,Stock,SELL,16,328.38
2026-01-22 11:18,TSLA,Stock,BUY,15,431.44
2026-01-22 11:18,META,Stock,SELL,32,612.96
2026-01-22 11:18,ADBE,Stock,SELL,28,294.23
2026-01-22 11:18,AMD,Stock,BUY,27,249.8
2026-01-22 11:18,INTC,Stock,BUY,28,54.25
2026-01-22 11:18,CSCO,Stock,BUY,10,73.69
2026-01-22 11:18,QCOM,Stock,SELL,11,156.37
2026-01-22 11:18,CRM,Stock,SELL,17,221.58
2026-01-22 11:18,AVGO,Stock,SELL,25,328.8
2026-01-22 11:18,ORCL,Stock,SELL,23,173.88
2026-01-22 11:18,IBM,Stock,SELL,15,297.54
2026-01-22 11:18,TXN,Stock,BUY,31,194.41
2026-01-22 11:18,AMGN,Stock,BUY,21,343.6
2026-01-22 11:18,HON,Stock,BUY,43,219.17
2026-01-22 11:18,PEP,Stock,SELL,9,146.74
2026-01-22 11:18,KO,Stock,BUY,21,72.01
2026-01-22 11:18,MCD,Stock,SELL,13,305.69
2026-01-22 11:18,WMT,Stock,BUY,27,119.36
2026-01-22 11:18,CAT,Stock,BUY,25,645.38
2026-01-22 11:18,JNJ,Stock,BUY,31,218.01
2026-01-22 11:18,V,Stock,SELL,27,325.28
2026-01-22 11:18,HD,Stock,BUY,34,384.64
2026-01-22 11:18,BAC,Stock,BUY,13,52.07
2026-01-22 11:18,JPM,Stock,BUY,14,302.04
2026-01-22 11:18,UNH,Stock,BUY,25,347.75
2026-01-22 11:18,CVX,Stock,BUY,25,166.73
2026-01-22 11:18,XOM,Stock,BUY,20,133.61
2026-01-22 11:18,NFLX,Stock,BUY,16,85.36
2026-01-22 11:18,LMT,Stock,BUY,44,586.23
2026-01-22 11:18,BLK,Stock,BUY,30,1127.85
2026-01-22 11:18,SPGI,Stock,BUY,16,531.16
2026-01-22 11:18,MS,Stock,BUY,14,183.32
2026-01-22 11:18,RTX,Stock,BUY,27,197.5
2026-01-22 11:18,SPY,ETF,SELL,12,685.4
2026-01-22 11:18,VOO,ETF,BUY,12,630.29
2026-01-22 11:18,IVV,ETF,HOLD,0,688.32
2026-01-22 11:18,VTI,ETF,BUY,13,339.08
2026-01-22 11:18,QQQ,ETF,HOLD,0,616.28
2026-01-22 11:18,VUG,ETF,SELL,25,477.05
2026-01-22 11:18,VEA,ETF,BUY,25,65.01
2026-01-22 11:18,VTV,ETF,BUY,28,198.46
2026-01-22 11:18,IEFA,ETF,BUY,21,92.43
2026-01-22 11:18,AGG,ETF,SELL,16,100.0
2026-01-22 11:18,IEMG,ETF,BUY,24,71.38
2026-01-22 11:18,IJH,ETF,BUY,22,70.34
2026-01-22 11:18,IJR,ETF,BUY,28,130.12
2026-01-22 11:18,VIG,ETF,BUY,12,223.88
2026-01-22 11:18,VYM,ETF,BUY,24,148.28
2026-01-22 11:18,SCHD,ETF,BUY,22,29.15
2026-01-22 11:18,XLK,ETF,SELL,12,143.81
2026-01-22 11:18,VT,ETF,BUY,13,144.12
2026-01-22 11:18,ACWI,ETF,BUY,13,144.01
2026-01-22 12:34,AAPL,Stock,SELL,25,247.65
2026-01-22 12:34,MSFT,Stock,SELL,24,444.11
2026-01-22 12:34,NVDA,Stock,BUY,12,183.32
2026-01-22 12:34,AMZN,Stock,BUY,9,231.31
2026-01-22 12:34,GOOGL,Stock,BUY,16,328.38
2026-01-22 12:34,GOOG,Stock,SELL,16,328.38
2026-01-22 12:34,TSLA,Stock,BUY,15,431.44
2026-01-22 12:34,META,Stock,SELL,32,612.96
2026-01-22 12:34,ADBE,Stock,SELL,28,294.23
2026-01-22 12:34,AMD,Stock,BUY,27,249.8
2026-01-22 12:34,INTC,Stock,BUY,28,54.25
2026-01-22 12:34,CSCO,Stock,BUY,10,73.69
2026-01-22 12:34,QCOM,Stock,SELL,11,156.37
2026-01-22 12:34,CRM,Stock,SELL,17,221.58
2026-01-22 12:34,AVGO,Stock,SELL,25,328.8
2026-01-22 12:34,ORCL,Stock,SELL,23,173.88
2026-01-22 12:34,IBM,Stock,SELL,15,297.54
2026-01-22 12:34,TXN,Stock,BUY,31,194.41
2026-01-22 12:34,AMGN,Stock,BUY,21,343.6
2026-01-22 12:34,HON,Stock,BUY,43,219.17
2026-01-22 12:34,PEP,Stock,SELL,9,146.74
2026-01-22 12:34,KO,Stock,BUY,21,72.01
2026-01-22 12:34,MCD,Stock,SELL,13,305.69
2026-01-22 12:34,WMT,Stock,BUY,27,119.36
2026-01-22 12:34,CAT,Stock,BUY,25,645.38
2026-01-22 12:34,JNJ,Stock,BUY,31,218.01
2026-01-22 12:34,V,Stock,SELL,27,325.28
2026-01-22 12:34,HD,Stock,BUY,34,384.64
2026-01-22 12:34,BAC,Stock,BUY,13,52.07
2026-01-22 12:34,JPM,Stock,BUY,14,302.04
2026-01-22 12:34,UNH,Stock,BUY,25,347.75
2026-01-22 12:34,CVX,Stock,BUY,25,166.73
2026-01-22 12:34,XOM,Stock,BUY,20,133.61
2026-01-22 12:34,NFLX,Stock,BUY,16,85.36
2026-01-22 12:34,LMT,Stock,BUY,44,586.23
2026-01-22 12:34,BLK,Stock,BUY,30,1127.85
2026-01-22 12:34,SPGI,Stock,BUY,16,531.16
2026-01-22 12:34,MS,Stock,BUY,14,183.32
2026-01-22 12:34,RTX,Stock,BUY,27,197.5
2026-01-22 12:34,SPY,ETF,SELL,12,685.4
2026-01-22 12:34,VOO,ETF,BUY,12,630.29
2026-01-22 12:34,IVV,ETF,HOLD,0,688.32
2026-01-22 12:34,VTI,ETF,BUY,13,339.08
2026-01-22 12:34,QQQ,ETF,HOLD,0,616.28
2026-01-22 12:34,VUG,ETF,SELL,25,477.05
2026-01-22 12:34,VEA,ETF,BUY,25,65.01
2026-01-22 12:34,VTV,ETF,BUY,28,198.46
2026-01-22 12:34,IEFA,ETF,BUY,21,92.43
2026-01-22 12:34,AGG,ETF,SELL,16,100.0
2026-01-22 12:34,IEMG,ETF,BUY,24,71.38
2026-01-22 12:34,IJH,ETF,BUY,22,70.34
2026-01-22 12:34,IJR,ETF,BUY,28,130.12
2026-01-22 12:34,VIG,ETF,BUY,12,223.88
2026-01-22 12:34,VYM,ETF,BUY,24,148.28
2026-01-22 12:34,SCHD,ETF,BUY,22,29.15
2026-01-22 12:34,XLK,ETF,SELL,12,143.81
2026-01-22 12:34,VT,ETF,BUY,13,144.12
2026-01-22 12:34,ACWI,ETF,BUY,13,144.01
2026-01-22 13:41,AAPL,Stock,SELL,25,247.65
2026-01-22 13:41,MSFT,Stock,SELL,24,444.11
2026-01-22 13:41,NVDA,Stock,BUY,12,183.32
2026-01-22 13:41,AMZN,Stock,BUY,9,231.31
2026-01-22 13:41,GOOGL,Stock,BUY,16,328.38
2026-01-22 13:41,GOOG,Stock,SELL,16,328.38
2026-01-22 13:41,TSLA,Stock,BUY,15,431.44
2026-01-22 13:41,META,Stock,SELL,32,612.96
2026-01-22 13:41,ADBE,Stock,SELL,28,294.23
2026-01-22 13:41,AMD,Stock,BUY,27,249.8
2026-01-22 13:41,INTC,Stock,BUY,28,54.25
2026-01-22 13:41,CSCO,Stock,BUY,10,73.69
2026-01-22 13:41,QCOM,Stock,SELL,11,156.37
2026-01-22 13:41,CRM,Stock,SELL,17,221.58
2026-01-22 13:41,AVGO,Stock,SELL,25,328.8
2026-01-22 13:41,ORCL,Stock,SELL,23,173.88
2026-01-22 13:41,IBM,Stock,SELL,15,297.54
2026-01-22 13:41,TXN,Stock,BUY,31,194.41
2026-01-22 13:41,AMGN,Stock,BUY,21,343.6
2026-01-22 13:41,HON,Stock,BUY,43,219.17
2026-01-22 13:41,PEP,Stock,SELL,9,146.74
2026-01-22 13:41,KO,Stock,BUY,21,72.01
2026-01-22 13:41,MCD,Stock,SELL,13,305.69
2026-01-22 13:41,WMT,Stock,BUY,27,119.36
2026-01-22 13:41,CAT,Stock,BUY,25,645.38
2026-01-22 13:41,JNJ,Stock,BUY,31,218.01
2026-01-22 13:41,V,Stock,SELL,27,325.28
2026-01-22 13:41,HD,Stock,BUY,34,384.64
2026-01-22 13:41,BAC,Stock,BUY,13,52.07
2026-01-22 13:41,JPM,Stock,BUY,14,302.04
2026-01-22 13:41,UNH,Stock,BUY,25,347.75
2026-01-22 13:41,CVX,Stock,BUY,25,166.73
2026-01-22 13:41,XOM,Stock,BUY,20,133.61
2026-01-22 13:41,NFLX,Stock,BUY,16,85.36
2026-01-22 13:41,LMT,Stock,BUY,44,586.23
2026-01-22 13:41,BLK,Stock,BUY,30,1127.85
2026-01-22 13:41,SPGI,Stock,BUY,16,531.16
2026-01-22 13:41,MS,Stock,BUY,14,183.32
2026-01-22 13:41,RTX,Stock,BUY,27,197.5
2026-01-22 13:41,SPY,ETF,SELL,12,685.4
2026-01-22 13:41,VOO,ETF,BUY,12,630.29
2026-01-22 13:41,IVV,ETF,HOLD,0,688.32
2026-01-22 13:41,VTI,ETF,BUY,13,339.08
2026-01-22 13:41,QQQ,ETF,HOLD,0,616.28
2026-01-22 13:41,VUG,ETF,SELL,25,477.05
2026-01-22 13:41,VEA,ETF,BUY,25,65.01
2026-01-22 13:41,VTV,ETF,BUY,28,198.46
2026-01-22 13:41,IEFA,ETF,BUY,21,92.43
2026-01-22 13:41,AGG,ETF,SELL,16,100.0
2026-01-22 13:41,IEMG,ETF,BUY,24,71.38
2026-01-22 13:41,IJH,ETF,BUY,22,70.34
2026-01-22 13:41,IJR,ETF,BUY,28,130.12
2026-01-22 13:41,VIG,ETF,BUY,12,223.88
2026-01-22 13:41,VYM,ETF,BUY,24,148.28
2026-01-22 13:41,SCHD,ETF,BUY,22,29.15
2026-01-22 13:41,XLK,ETF,SELL,12,143.81
2026-01-22 13:41,VT,ETF,BUY,13,144.12
2026-01-22 13:41,ACWI,ETF,BUY,13,144.01
2026-01-22 14:24,AAPL,Stock,SELL,25,247.65
2026-01-22 14:24,MSFT,Stock,SELL,24,444.11
2026-01-22 14:24,NVDA,Stock,BUY,12,183.32
2026-01-22 14:24,AMZN,Stock,BUY,9,231.31
2026-01-22 14:24,GOOGL,Stock,BUY,16,328.38
2026-01-22 14:24,GOOG,Stock,SELL,16,328.38
2026-01-22 14:24,TSLA,Stock,BUY,15,431.44
2026-01-22 14:24,META,Stock,SELL,32,612.96
2026-01-22 14:24,ADBE,Stock,SELL,28,294.23
2026-01-22 14:24,AMD,Stock,BUY,27,249.8
2026-01-22 14:24,INTC,Stock,BUY,28,54.25
2026-01-22 14:24,CSCO,Stock,BUY,10,73.69
2026-01-22 14:24,QCOM,Stock,SELL,11,156.37
2026-01-22 14:24,CRM,Stock,SELL,17,221.58
2026-01-22 14:24,AVGO,Stock,SELL,25,328.8
2026-01-22 14:24,ORCL,Stock,SELL,23,173.88
2026-01-22 14:24,IBM,Stock,SELL,15,297.54
2026-01-22 14:24,TXN,Stock,BUY,31,194.41
2026-01-22 14:24,AMGN,Stock,BUY,21,343.6
2026-01-22 14:24,HON,Stock,BUY,43,219.17
2026-01-22 14:24,PEP,Stock,SELL,9,146.74
2026-01-22 14:24,KO,Stock,BUY,21,72.01
2026-01-22 14:24,MCD,Stock,SELL,13,305.69
2026-01-22 14:24,WMT,Stock,BUY,27,119.36
2026-01-22 14:24,CAT,Stock,BUY,25,645.38
2026-01-22 14:24,JNJ,Stock,BUY,31,218.01
2026-01-22 14:24,V,Stock,SELL,27,325.28
2026-01-22 14:24,HD,Stock,BUY,34,384.64
2026-01-22 14:24,BAC,Stock,BUY,13,52.07
2026-01-22 14:24,JPM,Stock,BUY,14,302.04
2026-01-22 14:24,UNH,Stock,BUY,25,347.75
2026-01-22 14:24,CVX,Stock,BUY,25,166.73
2026-01-22 14:24,XOM,Stock,BUY,20,133.61
2026-01-22 14:24,NFLX,Stock,BUY,16,85.36
2026-01-22 14:24,LMT,Stock,BUY,44,586.23
2026-01-22 14:24,BLK,Stock,BUY,30,1127.85
2026-01-22 14:24,SPGI,Stock,BUY,16,531.16
2026-01-22 14:24,MS,Stock,BUY,14,183.32
2026-01-22 14:24,RTX,Stock,BUY,27,197.5
2026-01-22 14:24,SPY,ETF,SELL,12,685.4
2026-01-22 14:24,VOO,ETF,BUY,12,630.29
2026-01-22 14:24,IVV,ETF,HOLD,0,688.32
2026-01-22 14:24,VTI,ETF,BUY,13,339.08
2026-01-22 14:24,QQQ,ETF,HOLD,0,616.28
2026-01-22 14:24,VUG,ETF,SELL,25,477.05
2026-01-22 14:24,VEA,ETF,BUY,25,65.01
2026-01-22 14:24,VTV,ETF,BUY,28,198.46
2026-01-22 14:24,IEFA,ETF,BUY,21,92.43
2026-01-22 14:24,AGG,ETF,SELL,16,100.0
2026-01-22 14:24,IEMG,ETF,BUY,24,71.38
2026-01-22 14:24,IJH,ETF,BUY,22,70.34
2026-01-22 14:24,IJR,ETF,BUY,28,130.12
2026-01-22 14:24,VIG,ETF,BUY,12,223.88
2026-01-22 14:24,VYM,ETF,BUY,24,148.28
2026-01-22 14:24,SCHD,ETF,BUY,22,29.15
2026-01-22 14:24,XLK,ETF,SELL,12,143.81
2026-01-22 14:24,VT,ETF,BUY,13,144.12
2026-01-22 14:24,ACWI,ETF,BUY,13,144.01
2026-01-22 15:24,AAPL,Stock,SELL,26,249.82
2026-01-22 15:24,MSFT,Stock,SELL,25,446.61
2026-01-22 15:24,NVDA,Stock,BUY,12,184.74
2026-01-22 15:24,AMZN,Stock,BUY,9,232.6
2026-01-22 15:24,GOOGL,Stock,BUY,16,330.86
2026-01-22 15:24,GOOG,Stock,SELL,16,331.03
2026-01-22 15:24,TSLA,Stock,BUY,15,435.77
2026-01-22 15:24,META,Stock,SELL,31,635.48
2026-01-22 15:24,ADBE,Stock,SELL,28,299.98
2026-01-22 15:24,AMD,Stock,BUY,27,250.7
2026-01-22 15:24,INTC,Stock,BUY,29,53.51
2026-01-22 15:24,CSCO,Stock,BUY,10,74.09
2026-01-22 15:24,QCOM,Stock,SELL,11,158.06
2026-01-22 15:24,CRM,Stock,SELL,17,223.48
2026-01-22 15:24,AVGO,Stock,SELL,25,329.94
2026-01-22 15:24,ORCL,Stock,SELL,23,177.8
2026-01-22 15:24,IBM,Stock,SELL,15,297.76
2026-01-22 15:24,TXN,Stock,BUY,33,195.56
2026-01-22 15:24,AMGN,Stock,BUY,21,348.98
2026-01-22 15:24,HON,Stock,BUY,44,220.92
2026-01-22 15:24,PEP,Stock,SELL,9,146.36
2026-01-22 15:24,KO,Stock,BUY,22,71.91
2026-01-22 15:24,MCD,Stock,SELL,13,306.28
2026-01-22 15:24,WMT,Stock,BUY,26,118.45
2026-01-22 15:24,CAT,Stock,BUY,26,644.23
2026-01-22 15:24,JNJ,Stock,BUY,31,219.29
2026-01-22 15:24,V,Stock,SELL,27,325.17
2026-01-22 15:24,HD,Stock,BUY,34,384.42
2026-01-22 15:24,BAC,Stock,BUY,13,52.6
2026-01-22 15:24,JPM,Stock,BUY,14,305.16
2026-01-22 15:24,UNH,Stock,BUY,26,353.33
2026-01-22 15:24,CVX,Stock,BUY,24,166.3
2026-01-22 15:24,XOM,Stock,BUY,20,132.6
2026-01-22 15:24,NFLX,Stock,SELL,25,84.72
2026-01-22 15:24,LMT,Stock,BUY,44,586.2
2026-01-22 15:24,BLK,Stock,BUY,30,1139.15
2026-01-22 15:24,SPGI,Stock,BUY,16,536.24
2026-01-22 15:24,MS,Stock,BUY,14,182.79
2026-01-22 15:24,RTX,Stock,BUY,26,196.89
2026-01-22 15:24,SPY,ETF,SELL,12,687.68
2026-01-22 15:24,VOO,ETF,BUY,12,632.43
2026-01-22 15:24,IVV,ETF,SELL,12,690.75
2026-01-22 15:24,VTI,ETF,BUY,13,340.43
2026-01-22 15:24,QQQ,ETF,SELL,12,618.52
2026-01-22 15:24,VUG,ETF,SELL,25,479.5
2026-01-22 15:24,VEA,ETF,BUY,25,65.26
2026-01-22 15:24,VTV,ETF,BUY,28,198.78
2026-01-22 15:24,IEFA,ETF,BUY,21,92.74
2026-01-22 15:24,AGG,ETF,SELL,16,99.93
2026-01-22 15:24,IEMG,ETF,BUY,24,71.97
2026-01-22 15:24,IJH,ETF,BUY,23,70.46
2026-01-22 15:24,IJR,ETF,BUY,28,131.21
2026-01-22 15:24,VIG,ETF,BUY,12,224.28
2026-01-22 15:24,VYM,ETF,BUY,25,148.71
2026-01-22 15:24,SCHD,ETF,BUY,23,29.2
2026-01-22 15:24,XLK,ETF,SELL,12,144.35
2026-01-22 15:24,VT,ETF,BUY,13,144.74
2026-01-22 15:24,ACWI,ETF,BUY,12,144.66
2026-01-22 16:26,AAPL,Stock,SELL,26,249.79
2026-01-22 16:26,MSFT,Stock,SELL,25,448.33
2026-01-22 16:26,NVDA,Stock,BUY,12,185.74
2026-01-22 16:26,AMZN,Stock,BUY,9,234.84
2026-01-22 16:26,GOOGL,Stock,BUY,16,331.99
2026-01-22 16:26,GOOG,Stock,SELL,16,332.14
2026-01-22 16:26,TSLA,Stock,BUY,15,438.18
2026-01-22 16:26,META,Stock,SELL,31,639.0
2026-01-22 16:26,ADBE,Stock,SELL,28,300.83
2026-01-22 16:26,AMD,Stock,BUY,27,253.42
2026-01-22 16:26,INTC,Stock,BUY,29,54.17
2026-01-22 16:26,CSCO,Stock,BUY,10,74.22
2026-01-22 16:26,QCOM,Stock,SELL,11,158.31
2026-01-22 16:26,CRM,Stock,SELL,17,225.54
2026-01-22 16:26,AVGO,Stock,SELL,25,330.14
2026-01-22 16:26,ORCL,Stock,SELL,23,177.79
2026-01-22 16:26,IBM,Stock,SELL,15,296.44
2026-01-22 16:26,TXN,Stock,BUY,33,195.45
2026-01-22 16:26,AMGN,Stock,BUY,21,349.51
2026-01-22 16:26,HON,Stock,BUY,44,221.79
2026-01-22 16:26,PEP,Stock,SELL,9,146.37
2026-01-22 16:26,KO,Stock,BUY,22,71.79
2026-01-22 16:26,MCD,Stock,SELL,13,306.9
2026-01-22 16:26,WMT,Stock,BUY,26,118.48
2026-01-22 16:26,CAT,Stock,BUY,26,648.36
2026-01-22 16:26,JNJ,Stock,BUY,31,219.94
2026-01-22 16:26,V,Stock,SELL,27,324.77
2026-01-22 16:26,HD,Stock,BUY,34,383.78
2026-01-22 16:26,BAC,Stock,BUY,13,52.85
2026-01-22 16:27,JPM,Stock,BUY,14,305.97
2026-01-22 16:27,UNH,Stock,BUY,26,354.04
2026-01-22 16:27,CVX,Stock,BUY,24,166.83
2026-01-22 16:27,XOM,Stock,BUY,20,132.71
2026-01-22 16:27,NFLX,Stock,SELL,25,83.98
2026-01-22 16:27,LMT,Stock,BUY,44,589.3
2026-01-22 16:27,BLK,Stock,BUY,30,1144.84
2026-01-22 16:27,SPGI,Stock,BUY,16,536.34
2026-01-22 16:27,MS,Stock,BUY,14,184.32
2026-01-22 16:27,RTX,Stock,BUY,26,197.71
2026-01-22 16:27,SPY,ETF,SELL,12,689.89
2026-01-22 16:27,VOO,ETF,BUY,12,634.48
2026-01-22 16:27,IVV,ETF,SELL,12,692.94
2026-01-22 16:27,VTI,ETF,BUY,13,341.45
2026-01-22 16:27,QQQ,ETF,BUY,12,621.14
2026-01-22 16:27,VUG,ETF,SELL,25,481.16
2026-01-22 16:27,VEA,ETF,BUY,25,65.46
2026-01-22 16:27,VTV,ETF,BUY,28,199.24
2026-01-22 16:27,IEFA,ETF,BUY,21,93.01
2026-01-22 16:27,AGG,ETF,SELL,16,99.94
2026-01-22 16:27,IEMG,ETF,BUY,24,72.2
2026-01-22 16:27,IJH,ETF,BUY,23,70.62
2026-01-22 16:27,IJR,ETF,BUY,28,131.48
2026-01-22 16:27,VIG,ETF,BUY,12,224.62
2026-01-22 16:27,VYM,ETF,BUY,25,148.98
2026-01-22 16:27,SCHD,ETF,BUY,23,29.22
2026-01-22 16:27,XLK,ETF,HOLD,0,145.07
2026-01-22 16:27,VT,ETF,BUY,13,145.21
2026-01-22 16:27,ACWI,ETF,BUY,13,145.05
2026-01-22 17:23,AAPL,Stock,SELL,26,249.74
2026-01-22 17:23,MSFT,Stock,SELL,25,449.82
2026-01-22 17:23,NVDA,Stock,BUY,12,184.7
2026-01-22 17:23,AMZN,Stock,BUY,9,234.91
2026-01-22 17:23,GOOGL,Stock,BUY,16,331.61
2026-01-22 17:23,GOOG,Stock,SELL,16,331.79
2026-01-22 17:23,TSLA,Stock,BUY,15,438.35
2026-01-22 17:23,META,Stock,SELL,31,642.83
2026-01-22 17:23,ADBE,Stock,SELL,28,298.56
2026-01-22 17:23,AMD,Stock,BUY,27,254.45
2026-01-22 17:23,INTC,Stock,BUY,29,54.34
2026-01-22 17:23,CSCO,Stock,BUY,10,74.31
2026-01-22 17:23,QCOM,Stock,SELL,11,158.23
2026-01-22 17:23,CRM,Stock,SELL,17,226.26
2026-01-22 17:23,AVGO,Stock,SELL,25,329.95
2026-01-22 17:23,ORCL,Stock,SELL,23,178.35
2026-01-22 17:23,IBM,Stock,SELL,15,296.45
2026-01-22 17:23,TXN,Stock,BUY,33,194.8
2026-01-22 17:23,AMGN,Stock,BUY,21,348.28
2026-01-22 17:23,HON,Stock,BUY,44,222.46
2026-01-22 17:23,PEP,Stock,SELL,9,146.08
2026-01-22 17:23,KO,Stock,BUY,22,71.86
2026-01-22 17:23,MCD,Stock,SELL,13,306.03
2026-01-22 17:23,WMT,Stock,BUY,26,118.59
2026-01-22 17:23,CAT,Stock,BUY,26,648.65
2026-01-22 17:23,JNJ,Stock,BUY,31,219.62
2026-01-22 17:23,V,Stock,SELL,27,324.37
2026-01-22 17:23,HD,Stock,BUY,34,384.27
2026-01-22 17:23,BAC,Stock,BUY,13,52.97
2026-01-22 17:23,JPM,Stock,BUY,14,305.28
2026-01-22 17:23,UNH,Stock,BUY,26,353.43
2026-01-22 17:23,CVX,Stock,BUY,25,167.31
2026-01-22 17:23,XOM,Stock,BUY,20,133.35
2026-01-22 17:23,NFLX,Stock,SELL,25,83.85
2026-01-22 17:23,LMT,Stock,BUY,44,589.45
2026-01-22 17:23,BLK,Stock,BUY,30,1145.64
2026-01-22 17:23,SPGI,Stock,BUY,16,536.64
2026-01-22 17:23,MS,Stock,BUY,14,185.51
2026-01-22 17:23,RTX,Stock,BUY,26,197.93
2026-01-22 17:23,SPY,ETF,SELL,12,690.0
2026-01-22 17:23,VOO,ETF,BUY,12,634.58
2026-01-22 17:23,IVV,ETF,SELL,12,693.07
2026-01-22 17:23,VTI,ETF,BUY,13,341.48
2026-01-22 17:23,QQQ,ETF,BUY,12,620.93
2026-01-22 17:23,VUG,ETF,SELL,25,481.1
2026-01-22 17:23,VEA,ETF,BUY,25,65.36
2026-01-22 17:23,VTV,ETF,BUY,28,199.36
2026-01-22 17:23,IEFA,ETF,BUY,21,92.82
2026-01-22 17:23,AGG,ETF,SELL,16,99.99
2026-01-22 17:23,IEMG,ETF,BUY,24,72.12
2026-01-22 17:23,IJH,ETF,BUY,23,70.59
2026-01-22 17:23,IJR,ETF,BUY,28,131.29
2026-01-22 17:23,VIG,ETF,BUY,12,224.73
2026-01-22 17:23,VYM,ETF,BUY,25,149.05
2026-01-22 17:23,SCHD,ETF,BUY,23,29.22
2026-01-22 17:23,XLK,ETF,HOLD,0,144.98
2026-01-22 17:23,VT,ETF,BUY,13,145.12
2026-01-22 17:23,ACWI,ETF,BUY,13,144.96
2026-01-22 18:22,AAPL,Stock,SELL,26,250.32
2026-01-22 18:22,MSFT,Stock,SELL,25,451.97
2026-01-22 18:22,NVDA,Stock,BUY,12,184.99
2026-01-22 18:22,AMZN,Stock,BUY,9,235.37
2026-01-22 18:22,GOOGL,Stock,BUY,16,331.25
2026-01-22 18:22,GOOG,Stock,SELL,16,331.4
2026-01-22 18:22,TSLA,Stock,BUY,15,446.73
2026-01-22 18:22,META,Stock,SELL,31,646.99
2026-01-22 18:22,ADBE,Stock,SELL,28,298.13
2026-01-22 18:22,AMD,Stock,BUY,27,253.98
2026-01-22 18:22,INTC,Stock,BUY,29,54.33
2026-01-22 18:22,CSCO,Stock,BUY,10,74.28
2026-01-22 18:22,QCOM,Stock,SELL,11,157.94
2026-01-22 18:22,CRM,Stock,SELL,17,227.09
2026-01-22 18:22,AVGO,Stock,SELL,25,329.59
2026-01-22 18:22,ORCL,Stock,SELL,23,179.84
2026-01-22 18:22,IBM,Stock,SELL,15,297.1
2026-01-22 18:22,TXN,Stock,BUY,33,194.64
2026-01-22 18:22,AMGN,Stock,BUY,21,348.23
2026-01-22 18:22,HON,Stock,BUY,44,222.97
2026-01-22 18:22,PEP,Stock,SELL,9,145.53
2026-01-22 18:22,KO,Stock,BUY,22,71.88
2026-01-22 18:22,MCD,Stock,SELL,13,306.82
2026-01-22 18:22,WMT,Stock,BUY,26,118.3
2026-01-22 18:23,CAT,Stock,BUY,26,647.71
2026-01-22 18:23,JNJ,Stock,BUY,31,219.47
2026-01-22 18:23,V,Stock,SELL,27,324.52
2026-01-22 18:23,HD,Stock,BUY,34,383.84
2026-01-22 18:23,BAC,Stock,BUY,13,52.77
2026-01-22 18:23,JPM,Stock,BUY,14,305.36
2026-01-22 18:23,UNH,Stock,BUY,26,354.55
2026-01-22 18:23,CVX,Stock,BUY,24,167.16
2026-01-22 18:23,XOM,Stock,BUY,20,133.07
2026-01-22 18:23,NFLX,Stock,SELL,25,83.19
2026-01-22 18:23,LMT,Stock,BUY,44,592.27
2026-01-22 18:23,BLK,Stock,BUY,30,1141.93
2026-01-22 18:23,SPGI,Stock,BUY,16,537.0
2026-01-22 18:23,MS,Stock,BUY,14,184.58
2026-01-22 18:23,RTX,Stock,BUY,26,197.91
2026-01-22 18:23,SPY,ETF,HOLD,0,690.73
2026-01-22 18:23,VOO,ETF,BUY,13,635.23
2026-01-22 18:23,IVV,ETF,BUY,12,693.78
2026-01-22 18:23,VTI,ETF,BUY,13,341.75
2026-01-22 18:23,QQQ,ETF,BUY,12,621.85
2026-01-22 18:23,VUG,ETF,SELL,25,482.08
2026-01-22 18:23,VEA,ETF,BUY,25,65.44
2026-01-22 18:23,VTV,ETF,BUY,28,199.3
2026-01-22 18:23,IEFA,ETF,BUY,21,92.9
2026-01-22 18:23,AGG,ETF,SELL,16,100.04
2026-01-22 18:23,IEMG,ETF,BUY,24,72.18
2026-01-22 18:23,IJH,ETF,BUY,23,70.51
2026-01-22 18:23,IJR,ETF,BUY,28,131.04
2026-01-22 18:23,VIG,ETF,BUY,12,224.76
2026-01-22 18:23,VYM,ETF,BUY,25,148.93
2026-01-22 18:23,SCHD,ETF,BUY,23,29.18
2026-01-22 18:23,XLK,ETF,HOLD,0,145.21
2026-01-22 18:23,VT,ETF,BUY,13,145.24
2026-01-22 18:23,ACWI,ETF,BUY,13,145.08
2026-01-22 19:20,AAPL,Stock,SELL,26,250.71
2026-01-22 19:20,MSFT,Stock,SELL,25,451.71
2026-01-22 19:20,NVDA,Stock,BUY,12,184.68
2026-01-22 19:20,AMZN,Stock,BUY,9,234.95
2026-01-22 19:20,GOOGL,Stock,BUY,16,331.76
2026-01-22 19:20,GOOG,Stock,SELL,16,332.05
2026-01-22 19:20,TSLA,Stock,BUY,15,448.55
2026-01-22 19:20,META,Stock,SELL,31,646.35
2026-01-22 19:20,ADBE,Stock,SELL,28,299.65
2026-01-22 19:20,AMD,Stock,BUY,27,253.55
2026-01-22 19:20,INTC,Stock,BUY,29,54.37
2026-01-22 19:20,CSCO,Stock,BUY,10,74.35
2026-01-22 19:20,QCOM,Stock,SELL,11,157.88
2026-01-22 19:20,CRM,Stock,SELL,17,227.0
2026-01-22 19:20,AVGO,Stock,SELL,25,327.25
2026-01-22 19:20,ORCL,Stock,SELL,23,178.66
2026-01-22 19:20,IBM,Stock,SELL,15,296.36
2026-01-22 19:20,TXN,Stock,BUY,33,195.04
2026-01-22 19:20,AMGN,Stock,BUY,21,349.14
2026-01-22 19:20,HON,Stock,BUY,44,222.93
2026-01-22 19:20,PEP,Stock,SELL,9,145.2
2026-01-22 19:20,KO,Stock,BUY,22,71.79
2026-01-22 19:20,MCD,Stock,SELL,13,306.54
2026-01-22 19:20,WMT,Stock,BUY,26,118.07
2026-01-22 19:20,CAT,Stock,BUY,26,649.42
2026-01-22 19:20,JNJ,Stock,BUY,31,219.4
2026-01-22 19:20,V,Stock,SELL,27,326.22
2026-01-22 19:20,HD,Stock,BUY,34,383.81
2026-01-22 19:20,BAC,Stock,BUY,13,52.7
2026-01-22 19:20,JPM,Stock,BUY,14,304.9
2026-01-22 19:20,UNH,Stock,BUY,26,354.09
2026-01-22 19:20,CVX,Stock,BUY,24,167.12
2026-01-22 19:20,XOM,Stock,BUY,20,133.76
2026-01-22 19:20,NFLX,Stock,SELL,25,83.21
2026-01-22 19:20,LMT,Stock,BUY,44,593.08
2026-01-22 19:20,BLK,Stock,BUY,30,1140.24
2026-01-22 19:20,SPGI,Stock,BUY,16,538.19
2026-01-22 19:20,MS,Stock,BUY,14,183.97
2026-01-22 19:20,RTX,Stock,BUY,26,197.35
2026-01-22 19:20,SPY,ETF,HOLD,0,690.61
2026-01-22 19:20,VOO,ETF,BUY,13,635.14
2026-01-22 19:20,IVV,ETF,BUY,12,693.64
2026-01-22 19:20,VTI,ETF,BUY,13,341.73
2026-01-22 19:20,QQQ,ETF,BUY,12,621.72
2026-01-22 19:20,VUG,ETF,SELL,25,482.14
2026-01-22 19:20,VEA,ETF,BUY,25,65.44
2026-01-22 19:20,VTV,ETF,BUY,28,199.29
2026-01-22 19:20,IEFA,ETF,BUY,21,92.9
2026-01-22 19:20,AGG,ETF,SELL,16,100.03
2026-01-22 19:20,IEMG,ETF,BUY,24,72.18
2026-01-22 19:20,IJH,ETF,BUY,23,70.5
2026-01-22 19:20,IJR,ETF,BUY,28,130.88
2026-01-22 19:20,VIG,ETF,BUY,12,224.68
2026-01-22 19:20,VYM,ETF,BUY,25,148.87
2026-01-22 19:20,SCHD,ETF,BUY,23,29.21
2026-01-22 19:20,XLK,ETF,HOLD,0,145.14
2026-01-22 19:20,VT,ETF,BUY,13,145.24
2026-01-22 19:20,ACWI,ETF,BUY,13,145.1
2026-01-22 20:19,AAPL,Stock,SELL,26,248.98
2026-01-22 20:19,MSFT,Stock,SELL,25,450.86
2026-01-22 20:19,NVDA,Stock,BUY,12,184.51
2026-01-22 20:19,AMZN,Stock,BUY,9,234.65
2026-01-22 20:19,GOOGL,Stock,BUY,16,330.34
2026-01-22 20:19,GOOG,Stock,SELL,16,330.57
2026-01-22 20:19,TSLA,Stock,BUY,15,447.64
2026-01-22 20:19,META,Stock,SELL,31,646.22
2026-01-22 20:19,ADBE,Stock,SELL,28,299.47
2026-01-22 20:19,AMD,Stock,BUY,27,253.62
2026-01-22 20:19,INTC,Stock,BUY,29,53.98
2026-01-22 20:19,CSCO,Stock,BUY,10,74.33
2026-01-22 20:19,QCOM,Stock,SELL,11,157.67
2026-01-22 20:19,CRM,Stock,SELL,17,227.65
2026-01-22 20:19,AVGO,Stock,SELL,25,326.15
2026-01-22 20:19,ORCL,Stock,SELL,23,178.48
2026-01-22 20:19,IBM,Stock,SELL,15,294.7
2026-01-22 20:19,TXN,Stock,BUY,33,194.59
2026-01-22 20:19,AMGN,Stock,BUY,21,348.29
2026-01-22 20:19,HON,Stock,BUY,44,222.71
2026-01-22 20:19,PEP,Stock,SELL,9,144.89
2026-01-22 20:19,KO,Stock,BUY,22,71.93
2026-01-22 20:19,MCD,Stock,SELL,13,305.6
2026-01-22 20:19,WMT,Stock,BUY,26,117.86
2026-01-22 20:19,CAT,Stock,BUY,26,648.28
2026-01-22 20:19,JNJ,Stock,BUY,31,219.32
2026-01-22 20:19,V,Stock,SELL,27,327.11
2026-01-22 20:19,HD,Stock,BUY,34,381.93
2026-01-22 20:19,BAC,Stock,BUY,13,52.47
2026-01-22 20:19,JPM,Stock,BUY,14,303.63
2026-01-22 20:19,UNH,Stock,BUY,26,354.26
2026-01-22 20:19,CVX,Stock,BUY,25,167.26
2026-01-22 20:19,XOM,Stock,BUY,20,133.82
2026-01-22 20:19,NFLX,Stock,SELL,25,83.39
2026-01-22 20:19,LMT,Stock,BUY,44,593.49
2026-01-22 20:19,BLK,Stock,BUY,30,1139.55
2026-01-22 20:19,SPGI,Stock,BUY,16,539.35
2026-01-22 20:19,MS,Stock,BUY,14,183.3
2026-01-22 20:19,RTX,Stock,BUY,26,197.1
2026-01-22 20:19,SPY,ETF,SELL,12,689.17
2026-01-22 20:19,VOO,ETF,BUY,12,633.8
2026-01-22 20:19,IVV,ETF,SELL,12,692.22
2026-01-22 20:19,VTI,ETF,BUY,13,341.05
2026-01-22 20:19,QQQ,ETF,BUY,12,620.52
2026-01-22 20:19,VUG,ETF,SELL,25,480.98
2026-01-22 20:19,VEA,ETF,BUY,25,65.43
2026-01-22 20:19,VTV,ETF,BUY,28,198.93
2026-01-22 20:19,IEFA,ETF,BUY,21,92.89
2026-01-22 20:19,AGG,ETF,SELL,16,100.04
2026-01-22 20:19,IEMG,ETF,BUY,24,72.08
2026-01-22 20:19,IJH,ETF,BUY,23,70.37
2026-01-22 20:19,IJR,ETF,BUY,28,130.57
2026-01-22 20:19,VIG,ETF,BUY,12,224.27
2026-01-22 20:19,VYM,ETF,BUY,25,148.56
2026-01-22 20:19,SCHD,ETF,BUY,23,29.17
2026-01-22 20:19,XLK,ETF,HOLD,0,144.85
2026-01-22 20:19,VT,ETF,BUY,13,145.0
2026-01-22 20:19,ACWI,ETF,BUY,13,144.86
2026-01-22 21:17,AAPL,Stock,SELL,25,248.35
2026-01-22 21:17,MSFT,Stock,SELL,25,451.14
2026-01-22 21:17,NVDA,Stock,BUY,12,184.84
2026-01-22 21:17,AMZN,Stock,BUY,8,234.34
2026-01-22 21:17,GOOGL,Stock,SELL,25,330.54
2026-01-22 21:17,GOOG,Stock,SELL,25,330.84
2026-01-22 21:17,TSLA,Stock,BUY,16,449.36
2026-01-22 21:17,META,Stock,SELL,30,647.63
2026-01-22 21:17,ADBE,Stock,SELL,28,299.73
2026-01-22 21:17,AMD,Stock,BUY,26,253.73
2026-01-22 21:17,INTC,Stock,BUY,29,54.32
2026-01-22 21:17,CSCO,Stock,BUY,10,74.33
2026-01-22 21:17,QCOM,Stock,SELL,18,157.8
2026-01-22 21:17,CRM,Stock,SELL,17,228.09
2026-01-22 21:17,AVGO,Stock,SELL,25,325.49
2026-01-22 21:17,ORCL,Stock,SELL,25,178.16
2026-01-22 21:17,IBM,Stock,SELL,15,294.67
2026-01-22 21:17,TXN,Stock,BUY,25,194.99
2026-01-22 21:17,AMGN,Stock,BUY,23,347.07
2026-01-22 21:17,HON,Stock,BUY,50,222.54
2026-01-22 21:17,PEP,Stock,SELL,9,144.4
2026-01-22 21:17,KO,Stock,BUY,20,71.87
2026-01-22 21:17,MCD,Stock,SELL,12,306.03
2026-01-22 21:17,WMT,Stock,BUY,26,117.83
2026-01-22 21:17,CAT,Stock,BUY,26,648.41
2026-01-22 21:17,JNJ,Stock,BUY,30,218.49
2026-01-22 21:17,V,Stock,SELL,28,326.36
2026-01-22 21:17,HD,Stock,BUY,36,381.03
2026-01-22 21:17,BAC,Stock,BUY,14,52.45
2026-01-22 21:17,JPM,Stock,BUY,14,303.63
2026-01-22 21:17,UNH,Stock,BUY,28,354.47
2026-01-22 21:17,CVX,Stock,BUY,25,166.66
2026-01-22 21:17,XOM,Stock,BUY,19,133.64
2026-01-22 21:17,NFLX,Stock,SELL,23,83.54
2026-01-22 21:17,LMT,Stock,BUY,45,593.91
2026-01-22 21:17,BLK,Stock,BUY,28,1139.72
2026-01-22 21:17,SPGI,Stock,BUY,15,539.8
2026-01-22 21:17,MS,Stock,BUY,14,183.05
2026-01-22 21:17,RTX,Stock,BUY,27,196.34
2026-01-22 21:17,SPY,ETF,BUY,11,688.73
2026-01-22 21:17,VOO,ETF,BUY,12,633.55
2026-01-22 21:17,IVV,ETF,BUY,12,691.93
2026-01-22 21:17,VTI,ETF,BUY,13,340.87
2026-01-22 21:17,QQQ,ETF,BUY,12,620.76
2026-01-22 21:17,VUG,ETF,SELL,25,480.99
2026-01-22 21:17,VEA,ETF,BUY,26,65.36
2026-01-22 21:17,VTV,ETF,BUY,30,198.78
2026-01-22 21:17,IEFA,ETF,BUY,23,92.81
2026-01-22 21:17,AGG,ETF,SELL,20,100.02
2026-01-22 21:17,IEMG,ETF,BUY,25,71.96
2026-01-22 21:17,IJH,ETF,BUY,26,70.34
2026-01-22 21:17,IJR,ETF,BUY,29,130.43
2026-01-22 21:17,VIG,ETF,BUY,12,224.07
2026-01-22 21:17,VYM,ETF,BUY,26,148.44
2026-01-22 21:17,SCHD,ETF,BUY,26,29.17
2026-01-22 21:17,XLK,ETF,SELL,12,144.88
2026-01-22 21:17,VT,ETF,BUY,15,144.92
2026-01-22 21:17,ACWI,ETF,BUY,14,144.81
2026-01-22 22:17,AAPL,Stock,SELL,25,248.35
2026-01-22 22:17,MSFT,Stock,SELL,25,451.14
2026-01-22 22:17,NVDA,Stock,BUY,12,184.84
2026-01-22 22:17,AMZN,Stock,BUY,8,234.34
2026-01-22 22:17,GOOGL,Stock,SELL,25,330.54
2026-01-22 22:17,GOOG,Stock,SELL,25,330.84
2026-01-22 22:17,TSLA,Stock,BUY,16,449.36
2026-01-22 22:17,META,Stock,SELL,30,647.63
2026-01-22 22:17,ADBE,Stock,SELL,28,299.73
2026-01-22 22:17,AMD,Stock,BUY,26,253.73
2026-01-22 22:17,INTC,Stock,BUY,29,54.32
2026-01-22 22:17,CSCO,Stock,BUY,10,74.33
2026-01-22 22:17,QCOM,Stock,SELL,18,157.8
2026-01-22 22:17,CRM,Stock,SELL,17,228.09
2026-01-22 22:17,AVGO,Stock,SELL,25,325.49
2026-01-22 22:17,ORCL,Stock,SELL,25,178.18
2026-01-22 22:17,IBM,Stock,SELL,15,294.67
2026-01-22 22:17,TXN,Stock,BUY,25,194.99
2026-01-22 22:17,AMGN,Stock,BUY,23,347.07
2026-01-22 22:17,HON,Stock,BUY,50,222.54
2026-01-22 22:17,PEP,Stock,SELL,9,144.4
2026-01-22 22:17,KO,Stock,BUY,20,71.87
2026-01-22 22:17,MCD,Stock,SELL,12,306.03
2026-01-22 22:17,WMT,Stock,BUY,26,117.83
2026-01-22 22:17,CAT,Stock,BUY,26,648.41
2026-01-22 22:17,JNJ,Stock,BUY,30,218.49
2026-01-22 22:17,V,Stock,SELL,28,326.36
2026-01-22 22:17,HD,Stock,BUY,36,381.03
2026-01-22 22:17,BAC,Stock,BUY,14,52.45
2026-01-22 22:17,JPM,Stock,BUY,14,303.63
2026-01-22 22:17,UNH,Stock,BUY,28,354.47
2026-01-22 22:17,CVX,Stock,BUY,25,166.66
2026-01-22 22:17,XOM,Stock,BUY,19,133.64
2026-01-22 22:17,NFLX,Stock,SELL,23,83.54
2026-01-22 22:17,LMT,Stock,BUY,45,593.91
2026-01-22 22:17,BLK,Stock,BUY,28,1139.72
2026-01-22 22:17,SPGI,Stock,BUY,15,539.8
2026-01-22 22:17,MS,Stock,BUY,14,183.05
2026-01-22 22:17,RTX,Stock,BUY,27,196.34
2026-01-22 22:17,SPY,ETF,BUY,11,688.98
2026-01-22 22:17,VOO,ETF,BUY,12,633.57
2026-01-22 22:17,IVV,ETF,BUY,12,691.96
2026-01-22 22:17,VTI,ETF,BUY,13,340.87
2026-01-22 22:17,QQQ,ETF,BUY,12,620.76
2026-01-22 22:17,VUG,ETF,SELL,25,480.99
2026-01-22 22:17,VEA,ETF,BUY,26,65.36
2026-01-22 22:17,VTV,ETF,BUY,30,198.78
2026-01-22 22:17,IEFA,ETF,BUY,23,92.81
2026-01-22 22:17,AGG,ETF,SELL,20,100.02
2026-01-22 22:17,IEMG,ETF,BUY,25,71.96
2026-01-22 22:17,IJH,ETF,BUY,26,70.35
2026-01-22 22:17,IJR,ETF,BUY,29,130.43
2026-01-22 22:17,VIG,ETF,BUY,12,224.07
2026-01-22 22:17,VYM,ETF,BUY,26,148.44
2026-01-22 22:17,SCHD,ETF,BUY,26,29.17
2026-01-22 22:17,XLK,ETF,SELL,12,144.88
2026-01-22 22:17,VT,ETF,BUY,15,144.92
2026-01-22 22:17,ACWI,ETF,BUY,14,144.81
2026-01-22 23:15,AAPL,Stock,SELL,25,248.35
2026-01-22 23:15,MSFT,Stock,SELL,25,451.14
2026-01-22 23:15,NVDA,Stock,BUY,12,184.84
2026-01-22 23:15,AMZN,Stock,BUY,8,234.34
2026-01-22 23:15,GOOGL,Stock,SELL,25,330.54
2026-01-22 23:15,GOOG,Stock,SELL,25,330.84
2026-01-22 23:15,TSLA,Stock,BUY,16,449.36
2026-01-22 23:15,META,Stock,SELL,30,647.63
2026-01-22 23:15,ADBE,Stock,SELL,28,299.73
2026-01-22 23:15,AMD,Stock,BUY,26,253.73
2026-01-22 23:15,INTC,Stock,BUY,29,54.32
2026-01-22 23:15,CSCO,Stock,BUY,10,74.33
2026-01-22 23:15,QCOM,Stock,SELL,18,157.8
2026-01-22 23:15,CRM,Stock,SELL,17,228.09
2026-01-22 23:15,AVGO,Stock,SELL,25,325.49
2026-01-22 23:15,ORCL,Stock,SELL,25,178.18
2026-01-22 23:15,IBM,Stock,SELL,15,294.67
2026-01-22 23:15,TXN,Stock,BUY,25,194.99
2026-01-22 23:15,AMGN,Stock,BUY,23,347.07
2026-01-22 23:15,HON,Stock,BUY,50,222.54
2026-01-22 23:15,PEP,Stock,SELL,9,144.4
2026-01-22 23:16,KO,Stock,BUY,20,71.87
2026-01-22 23:16,MCD,Stock,SELL,12,306.03
2026-01-22 23:16,WMT,Stock,BUY,26,117.83
2026-01-22 23:16,CAT,Stock,BUY,26,648.41
2026-01-22 23:16,JNJ,Stock,BUY,30,218.49
2026-01-22 23:16,V,Stock,SELL,28,326.36
2026-01-22 23:16,HD,Stock,BUY,36,381.03
2026-01-22 23:16,BAC,Stock,BUY,14,52.45
2026-01-22 23:16,JPM,Stock,BUY,14,303.63
2026-01-22 23:16,UNH,Stock,BUY,28,354.47
2026-01-22 23:16,CVX,Stock,BUY,25,166.66
2026-01-22 23:16,XOM,Stock,BUY,19,133.64
2026-01-22 23:16,NFLX,Stock,SELL,23,83.54
2026-01-22 23:16,LMT,Stock,BUY,45,593.91
2026-01-22 23:16,BLK,Stock,BUY,28,1139.72
2026-01-22 23:16,SPGI,Stock,BUY,15,539.8
2026-01-22 23:16,MS,Stock,BUY,14,183.05
2026-01-22 23:16,RTX,Stock,BUY,27,196.34
2026-01-22 23:16,SPY,ETF,BUY,11,688.98
2026-01-22 23:16,VOO,ETF,BUY,12,633.57
2026-01-22 23:16,IVV,ETF,BUY,12,691.96
2026-01-22 23:16,VTI,ETF,BUY,13,340.87
2026-01-22 23:16,QQQ,ETF,BUY,12,620.76
2026-01-22 23:16,VUG,ETF,SELL,25,480.99
2026-01-22 23:16,VEA,ETF,BUY,26,65.36
2026-01-22 23:16,VTV,ETF,BUY,30,198.78
2026-01-22 23:16,IEFA,ETF,BUY,23,92.81
2026-01-22 23:16,AGG,ETF,SELL,20,100.02
2026-01-22 23:16,IEMG,ETF,BUY,25,71.96
2026-01-22 23:16,IJH,ETF,BUY,26,70.35
2026-01-22 23:16,IJR,ETF,BUY,29,130.43
2026-01-22 23:16,VIG,ETF,BUY,12,224.07
2026-01-22 23:16,VYM,ETF,BUY,26,148.44
2026-01-22 23:16,SCHD,ETF,BUY,26,29.17
2026-01-22 23:16,XLK,ETF,SELL,12,144.88
2026-01-22 23:16,VT,ETF,BUY,15,144.92
2026-01-22 23:16,ACWI,ETF,BUY,14,144.81
2026-01-23 01:13,AAPL,Stock,SELL,25,248.35
2026-01-23 01:13,MSFT,Stock,SELL,25,451.14
2026-01-23 01:13,NVDA,Stock,BUY,12,184.84
2026-01-23 01:13,AMZN,Stock,BUY,8,234.34
2026-01-23 01:13,GOOGL,Stock,SELL,25,330.54
2026-01-23 01:13,GOOG,Stock,SELL,25,330.84
2026-01-23 01:13,TSLA,Stock,BUY,16,449.36
2026-01-23 01:13,META,Stock,SELL,30,647.63
2026-01-23 01:13,ADBE,Stock,SELL,28,299.73
2026-01-23 01:13,AMD,Stock,BUY,26,253.73
2026-01-23 01:13,INTC,Stock,BUY,29,54.32
2026-01-23 01:13,CSCO,Stock,BUY,10,74.33
2026-01-23 01:13,QCOM,Stock,SELL,18,157.8
2026-01-23 01:13,CRM,Stock,SELL,17,228.09
2026-01-23 01:13,AVGO,Stock,SELL,25,325.49
2026-01-23 01:13,ORCL,Stock,SELL,25,178.18
2026-01-23 01:13,IBM,Stock,SELL,15,294.67
2026-01-23 01:13,TXN,Stock,BUY,25,194.99
2026-01-23 01:13,AMGN,Stock,BUY,23,347.07
2026-01-23 01:13,HON,Stock,BUY,50,222.54
2026-01-23 01:13,PEP,Stock,SELL,9,144.4
2026-01-23 01:13,KO,Stock,BUY,20,71.87
2026-01-23 01:13,MCD,Stock,SELL,12,306.03
2026-01-23 01:13,WMT,Stock,BUY,26,117.83
2026-01-23 01:13,CAT,Stock,BUY,26,648.41
2026-01-23 01:13,JNJ,Stock,BUY,30,218.49
2026-01-23 01:13,V,Stock,SELL,28,326.36
2026-01-23 01:13,HD,Stock,BUY,36,381.03
2026-01-23 01:13,BAC,Stock,BUY,14,52.45
2026-01-23 01:13,JPM,Stock,BUY,14,303.63
2026-01-23 01:13,UNH,Stock,BUY,28,354.47
2026-01-23 01:13,CVX,Stock,BUY,25,166.66
2026-01-23 01:13,XOM,Stock,BUY,19,133.64
2026-01-23 01:13,NFLX,Stock,SELL,23,83.54
2026-01-23 01:13,LMT,Stock,BUY,45,593.91
2026-01-23 01:13,BLK,Stock,BUY,28,1139.72
2026-01-23 01:13,SPGI,Stock,BUY,15,539.8
2026-01-23 01:13,MS,Stock,BUY,14,183.05
2026-01-23 01:13,RTX,Stock,BUY,27,196.34
2026-01-23 01:13,SPY,ETF,BUY,11,688.98
2026-01-23 01:13,VOO,ETF,BUY,12,633.57
2026-01-23 01:13,IVV,ETF,BUY,12,691.96
2026-01-23 01:13,VTI,ETF,BUY,13,340.87
2026-01-23 01:13,QQQ,ETF,BUY,12,620.76
2026-01-23 01:13,VUG,ETF,SELL,25,480.99
2026-01-23 01:13,VEA,ETF,BUY,26,65.36
2026-01-23 01:13,VTV,ETF,BUY,30,198.78
2026-01-23 01:13,IEFA,ETF,BUY,23,92.81
2026-01-23 01:13,AGG,ETF,SELL,20,100.02
2026-01-23 01:13,IEMG,ETF,BUY,25,71.96
2026-01-23 01:13,IJH,ETF,BUY,26,70.35
2026-01-23 01:13,IJR,ETF,BUY,29,130.43
2026-01-23 01:13,VIG,ETF,BUY,12,224.07
2026-01-23 01:13,VYM,ETF,BUY,26,148.44
2026-01-23 01:13,SCHD,ETF,BUY,26,29.17
2026-01-23 01:13,XLK,ETF,SELL,12,144.88
2026-01-23 01:13,VT,ETF,BUY,15,144.92
2026-01-23 01:13,ACWI,ETF,BUY,14,144.81
2026-01-23 03:28,AAPL,Stock,SELL,25,248.35
2026-01-23 03:28,MSFT,Stock,SELL,25,451.14
2026-01-23 03:28,NVDA,Stock,BUY,12,184.84
2026-01-23 03:28,AMZN,Stock,BUY,8,234.34
2026-01-23 03:28,GOOGL,Stock,SELL,25,330.54
2026-01-23 03:28,GOOG,Stock,SELL,25,330.84
2026-01-23 03:28,TSLA,Stock,BUY,16,449.36
2026-01-23 03:28,META,Stock,SELL,30,647.63
2026-01-23 03:28,ADBE,Stock,SELL,28,299.73
2026-01-23 03:28,AMD,Stock,BUY,26,253.73
2026-01-23 03:28,INTC,Stock,BUY,29,54.32
2026-01-23 03:28,CSCO,Stock,BUY,10,74.33
2026-01-23 03:28,QCOM,Stock,SELL,18,157.8
2026-01-23 03:28,CRM,Stock,SELL,17,228.09
2026-01-23 03:28,AVGO,Stock,SELL,25,325.49
2026-01-23 03:28,ORCL,Stock,SELL,25,178.18
2026-01-23 03:28,IBM,Stock,SELL,15,294.67
2026-01-23 03:28,TXN,Stock,BUY,25,194.99
2026-01-23 03:28,AMGN,Stock,BUY,23,347.07
2026-01-23 03:28,HON,Stock,BUY,50,222.54
2026-01-23 03:28,PEP,Stock,SELL,9,144.4
2026-01-23 03:28,KO,Stock,BUY,20,71.87
2026-01-23 03:28,MCD,Stock,SELL,12,306.03
2026-01-23 03:28,WMT,Stock,BUY,26,117.83
2026-01-23 03:28,CAT,Stock,BUY,26,648.41
2026-01-23 03:28,JNJ,Stock,BUY,30,218.49
2026-01-23 03:28,V,Stock,SELL,28,326.36
2026-01-23 03:28,HD,Stock,BUY,36,381.03
2026-01-23 03:28,BAC,Stock,BUY,14,52.45
2026-01-23 03:28,JPM,Stock,BUY,14,303.63
2026-01-23 03:28,UNH,Stock,BUY,28,354.47
2026-01-23 03:28,CVX,Stock,BUY,25,166.66
2026-01-23 03:28,XOM,Stock,BUY,19,133.64
2026-01-23 03:28,NFLX,Stock,SELL,23,83.54
2026-01-23 03:28,LMT,Stock,BUY,45,593.91
2026-01-23 03:28,BLK,Stock,BUY,28,1139.72
2026-01-23 03:28,SPGI,Stock,BUY,15,539.8
2026-01-23 03:28,MS,Stock,BUY,14,183.05
2026-01-23 03:28,RTX,Stock,BUY,27,196.34
2026-01-23 03:28,SPY,ETF,BUY,11,688.98
2026-01-23 03:28,VOO,ETF,BUY,12,633.57
2026-01-23 03:28,IVV,ETF,BUY,12,691.96
2026-01-23 03:28,VTI,ETF,BUY,13,340.87
2026-01-23 03:28,QQQ,ETF,BUY,12,620.76
2026-01-23 03:28,VUG,ETF,SELL,25,480.99
2026-01-23 03:28,VEA,ETF,BUY,26,65.36
2026-01-23 03:28,VTV,ETF,BUY,30,198.78
2026-01-23 03:28,IEFA,ETF,BUY,23,92.81
2026-01-23 03:28,AGG,ETF,SELL,20,100.02
2026-01-23 03:28,IEMG,ETF,BUY,25,71.96
2026-01-23 03:28,IJH,ETF,BUY,26,70.35
2026-01-23 03:28,IJR,ETF,BUY,29,130.43
2026-01-23 03:28,VIG,ETF,BUY,12,224.07
2026-01-23 03:28,VYM,ETF,BUY,26,148.44
2026-01-23 03:28,SCHD,ETF,BUY,26,29.17
2026-01-23 03:28,XLK,ETF,SELL,12,144.88
2026-01-23 03:28,VT,ETF,BUY,15,144.92
2026-01-23 03:28,ACWI,ETF,BUY,14,144.81
2026-01-23 04:37,AAPL,Stock,SELL,25,248.35
2026-01-23 04:37,MSFT,Stock,SELL,25,451.14
2026-01-23 04:37,NVDA,Stock,BUY,12,184.84
2026-01-23 04:37,AMZN,Stock,BUY,8,234.34
2026-01-23 04:37,GOOGL,Stock,SELL,25,330.54
2026-01-23 04:37,GOOG,Stock,SELL,25,330.84
2026-01-23 04:37,TSLA,Stock,BUY,16,449.36
2026-01-23 04:37,META,Stock,SELL,30,647.63
2026-01-23 04:37,ADBE,Stock,SELL,28,299.73
2026-01-23 04:37,AMD,Stock,BUY,26,253.73
2026-01-23 04:37,INTC,Stock,BUY,29,54.32
2026-01-23 04:37,CSCO,Stock,BUY,10,74.33
2026-01-23 04:37,QCOM,Stock,SELL,18,157.8
2026-01-23 04:37,CRM,Stock,SELL,17,228.09
2026-01-23 04:37,AVGO,Stock,SELL,25,325.49
2026-01-23 04:37,ORCL,Stock,SELL,25,178.18
2026-01-23 04:37,IBM,Stock,SELL,15,294.67
2026-01-23 04:37,TXN,Stock,BUY,25,194.99
2026-01-23 04:37,AMGN,Stock,BUY,23,347.07
2026-01-23 04:37,HON,Stock,BUY,50,222.54
2026-01-23 04:37,PEP,Stock,SELL,9,144.4
2026-01-23 04:37,KO,Stock,BUY,20,71.87
2026-01-23 04:37,MCD,Stock,SELL,12,306.03
2026-01-23 04:37,WMT,Stock,BUY,26,117.83
2026-01-23 04:37,CAT,Stock,BUY,26,648.41
2026-01-23 04:37,JNJ,Stock,BUY,30,218.49
2026-01-23 04:37,V,Stock,SELL,28,326.36
2026-01-23 04:37,HD,Stock,BUY,36,381.03
2026-01-23 04:37,BAC,Stock,BUY,14,52.45
2026-01-23 04:37,JPM,Stock,BUY,14,303.63
2026-01-23 04:37,UNH,Stock,BUY,28,354.47
2026-01-23 04:37,CVX,Stock,BUY,25,166.66
2026-01-23 04:37,XOM,Stock,BUY,19,133.64
2026-01-23 04:37,NFLX,Stock,SELL,23,83.54
2026-01-23 04:37,LMT,Stock,BUY,45,593.91
2026-01-23 04:37,BLK,Stock,BUY,28,1139.72
2026-01-23 04:37,SPGI,Stock,BUY,15,539.8
2026-01-23 04:37,MS,Stock,BUY,14,183.05
2026-01-23 04:37,RTX,Stock,BUY,27,196.34
2026-01-23 04:37,SPY,ETF,BUY,11,688.98
2026-01-23 04:37,VOO,ETF,BUY,12,633.57
2026-01-23 04:37,IVV,ETF,BUY,12,691.96
2026-01-23 04:37,VTI,ETF,BUY,13,340.87
2026-01-23 04:37,QQQ,ETF,BUY,12,620.76
2026-01-23 04:37,VUG,ETF,SELL,25,480.99
2026-01-23 04:37,VEA,ETF,BUY,26,65.36
2026-01-23 04:37,VTV,ETF,BUY,30,198.78
2026-01-23 04:37,IEFA,ETF,BUY,23,92.81
2026-01-23 04:37,AGG,ETF,SELL,20,100.02
2026-01-23 04:37,IEMG,ETF,BUY,25,71.96
2026-01-23 04:37,IJH,ETF,BUY,26,70.35
2026-01-23 04:37,IJR,ETF,BUY,29,130.43
2026-01-23 04:37,VIG,ETF,BUY,12,224.07
2026-01-23 04:37,VYM,ETF,BUY,26,148.44
2026-01-23 04:37,SCHD,ETF,BUY,26,29.17
2026-01-23 04:37,XLK,ETF,SELL,12,144.88
2026-01-23 04:37,VT,ETF,BUY,15,144.92
2026-01-23 04:37,ACWI,ETF,BUY,14,144.81
2026-01-23 05:23,AAPL,Stock,SELL,25,248.35
2026-01-23 05:23,MSFT,Stock,SELL,25,451.14
2026-01-23 05:23,NVDA,Stock,BUY,12,184.84
2026-01-23 05:23,AMZN,Stock,BUY,8,234.34
2026-01-23 05:23,GOOGL,Stock,SELL,25,330.54
2026-01-23 05:23,GOOG,Stock,SELL,25,330.84
2026-01-23 05:23,TSLA,Stock,BUY,16,449.36
2026-01-23 05:23,META,Stock,SELL,30,647.63
2026-01-23 05:23,ADBE,Stock,SELL,28,299.73
2026-01-23 05:23,AMD,Stock,BUY,26,253.73
2026-01-23 05:23,INTC,Stock,BUY,29,54.32
2026-01-23 05:23,CSCO,Stock,BUY,10,74.33
2026-01-23 05:23,QCOM,Stock,SELL,18,157.8
2026-01-23 05:23,CRM,Stock,SELL,17,228.09
2026-01-23 05:23,AVGO,Stock,SELL,25,325.49
2026-01-23 05:23,ORCL,Stock,SELL,25,178.18
2026-01-23 05:23,IBM,Stock,SELL,15,294.67
2026-01-23 05:23,TXN,Stock,BUY,25,194.99
2026-01-23 05:23,AMGN,Stock,BUY,23,347.07
2026-01-23 05:23,HON,Stock,BUY,50,222.54
2026-01-23 05:23,PEP,Stock,SELL,9,144.4
2026-01-23 05:23,KO,Stock,BUY,20,71.87
2026-01-23 05:23,MCD,Stock,SELL,12,306.03
2026-01-23 05:23,WMT,Stock,BUY,26,117.83
2026-01-23 05:23,CAT,Stock,BUY,26,648.41
2026-01-23 05:23,JNJ,Stock,BUY,30,218.49
2026-01-23 05:23,V,Stock,SELL,28,326.36
2026-01-23 05:23,HD,Stock,BUY,36,381.03
2026-01-23 05:23,BAC,Stock,BUY,14,52.45
2026-01-23 05:23,JPM,Stock,BUY,14,303.63
2026-01-23 05:23,UNH,Stock,BUY,28,354.47
2026-01-23 05:23,CVX,Stock,BUY,25,166.66
2026-01-23 05:23,XOM,Stock,BUY,19,133.64
2026-01-23 05:23,NFLX,Stock,SELL,23,83.54
2026-01-23 05:23,LMT,Stock,BUY,45,593.91
2026-01-23 05:23,BLK,Stock,BUY,28,1139.72
2026-01-23 05:23,SPGI,Stock,BUY,15,539.8
2026-01-23 05:23,MS,Stock,BUY,14,183.05
2026-01-23 05:23,RTX,Stock,BUY,27,196.34
2026-01-23 05:23,SPY,ETF,BUY,11,688.98
2026-01-23 05:23,VOO,ETF,BUY,12,633.57
2026-01-23 05:23,IVV,ETF,BUY,12,691.96
2026-01-23 05:23,VTI,ETF,BUY,13,340.87
2026-01-23 05:23,QQQ,ETF,BUY,12,620.76
2026-01-23 05:23,VUG,ETF,SELL,25,480.99
2026-01-23 05:23,VEA,ETF,BUY,26,65.36
2026-01-23 05:23,VTV,ETF,BUY,30,198.78
2026-01-23 05:23,IEFA,ETF,BUY,23,92.81
2026-01-23 05:23,AGG,ETF,SELL,20,100.02
2026-01-23 05:23,IEMG,ETF,BUY,25,71.96
2026-01-23 05:23,IJH,ETF,BUY,26,70.35
2026-01-23 05:23,IJR,ETF,BUY,29,130.43
2026-01-23 05:23,VIG,ETF,BUY,12,224.07
2026-01-23 05:23,VYM,ETF,BUY,26,148.44
2026-01-23 05:23,SCHD,ETF,BUY,26,29.17
2026-01-23 05:23,XLK,ETF,SELL,12,144.88
2026-01-23 05:23,VT,ETF,BUY,15,144.92
2026-01-23 05:23,ACWI,ETF,BUY,14,144.81
2026-01-23 06:25,AAPL,Stock,SELL,25,248.35
2026-01-23 06:25,MSFT,Stock,SELL,25,451.14
2026-01-23 06:25,NVDA,Stock,BUY,12,184.84
2026-01-23 06:25,AMZN,Stock,BUY,8,234.34
2026-01-23 06:25,GOOGL,Stock,SELL,25,330.54
2026-01-23 06:25,GOOG,Stock,SELL,25,330.84
2026-01-23 06:25,TSLA,Stock,BUY,16,449.36
2026-01-23 06:25,META,Stock,SELL,30,647.63
2026-01-23 06:25,ADBE,Stock,SELL,28,299.73
2026-01-23 06:25,AMD,Stock,BUY,26,253.73
2026-01-23 06:25,INTC,Stock,BUY,29,54.32
2026-01-23 06:25,CSCO,Stock,BUY,10,74.33
2026-01-23 06:25,QCOM,Stock,SELL,18,157.8
2026-01-23 06:25,CRM,Stock,SELL,17,228.09
2026-01-23 06:25,AVGO,Stock,SELL,25,325.49
2026-01-23 06:25,ORCL,Stock,SELL,25,178.18
2026-01-23 06:25,IBM,Stock,SELL,15,294.67
2026-01-23 06:25,TXN,Stock,BUY,25,194.99
2026-01-23 06:25,AMGN,Stock,BUY,23,347.07
2026-01-23 06:25,HON,Stock,BUY,50,222.54
2026-01-23 06:25,PEP,Stock,SELL,9,144.4
2026-01-23 06:25,KO,Stock,BUY,20,71.87
2026-01-23 06:25,MCD,Stock,SELL,12,306.03
2026-01-23 06:25,WMT,Stock,BUY,26,117.83
2026-01-23 06:25,CAT,Stock,BUY,26,648.41
2026-01-23 06:25,JNJ,Stock,BUY,30,218.49
2026-01-23 06:25,V,Stock,SELL,28,326.36
2026-01-23 06:25,HD,Stock,BUY,36,381.03
2026-01-23 06:25,BAC,Stock,BUY,14,52.45
2026-01-23 06:25,JPM,Stock,BUY,14,303.63
2026-01-23 06:25,UNH,Stock,BUY,28,354.47
2026-01-23 06:25,CVX,Stock,BUY,25,166.66
2026-01-23 06:25,XOM,Stock,BUY,19,133.64
2026-01-23 06:25,NFLX,Stock,SELL,23,83.54
2026-01-23 06:25,LMT,Stock,BUY,45,593.91
2026-01-23 06:25,BLK,Stock,BUY,28,1139.72
2026-01-23 06:25,SPGI,Stock,BUY,15,539.8
2026-01-23 06:25,MS,Stock,BUY,14,183.05
2026-01-23 06:25,RTX,Stock,BUY,27,196.34
2026-01-23 06:25,SPY,ETF,BUY,11,688.98
2026-01-23 06:25,VOO,ETF,BUY,12,633.57
2026-01-23 06:25,IVV,ETF,BUY,12,691.96
2026-01-23 06:25,VTI,ETF,BUY,13,340.87
2026-01-23 06:25,QQQ,ETF,BUY,12,620.76
2026-01-23 06:25,VUG,ETF,SELL,25,480.99
2026-01-23 06:25,VEA,ETF,BUY,26,65.36
2026-01-23 06:25,VTV,ETF,BUY,30,198.78
2026-01-23 06:25,IEFA,ETF,BUY,23,92.81
2026-01-23 06:25,AGG,ETF,SELL,20,100.02
2026-01-23 06:25,IEMG,ETF,BUY,25,71.96
2026-01-23 06:25,IJH,ETF,BUY,26,70.35
2026-01-23 06:25,IJR,ETF,BUY,29,130.43
2026-01-23 06:25,VIG,ETF,BUY,12,224.07
2026-01-23 06:25,VYM,ETF,BUY,26,148.44
2026-01-23 06:25,SCHD,ETF,BUY,26,29.17
2026-01-23 06:25,XLK,ETF,SELL,12,144.88
2026-01-23 06:25,VT,ETF,BUY,15,144.92
2026-01-23 06:25,ACWI,ETF,BUY,14,144.81
2026-01-23 07:21,AAPL,Stock,SELL,25,248.35
2026-01-23 07:21,MSFT,Stock,SELL,25,451.14
2026-01-23 07:21,NVDA,Stock,BUY,12,184.84
2026-01-23 07:21,AMZN,Stock,BUY,8,234.34
2026-01-23 07:21,GOOGL,Stock,SELL,25,330.54
2026-01-23 07:21,GOOG,Stock,SELL,25,330.84
2026-01-23 07:21,TSLA,Stock,BUY,16,449.36
2026-01-23 07:21,META,Stock,SELL,30,647.63
2026-01-23 07:21,ADBE,Stock,SELL,28,299.73
2026-01-23 07:21,AMD,Stock,BUY,26,253.73
2026-01-23 07:21,INTC,Stock,BUY,29,54.32
2026-01-23 07:21,CSCO,Stock,BUY,10,74.33
2026-01-23 07:21,QCOM,Stock,SELL,18,157.8
2026-01-23 07:21,CRM,Stock,SELL,17,228.09
2026-01-23 07:21,AVGO,Stock,SELL,25,325.49
2026-01-23 07:21,ORCL,Stock,SELL,25,178.18
2026-01-23 07:21,IBM,Stock,SELL,15,294.67
2026-01-23 07:21,TXN,Stock,BUY,25,194.99
2026-01-23 07:21,AMGN,Stock,BUY,23,347.07
2026-01-23 07:21,HON,Stock,BUY,50,222.54
2026-01-23 07:21,PEP,Stock,SELL,9,144.4
2026-01-23 07:21,KO,Stock,BUY,20,71.87
2026-01-23 07:21,MCD,Stock,SELL,12,306.03
2026-01-23 07:21,WMT,Stock,BUY,26,117.83
2026-01-23 07:21,CAT,Stock,BUY,26,648.41
2026-01-23 07:21,JNJ,Stock,BUY,30,218.49
2026-01-23 07:21,V,Stock,SELL,28,326.36
2026-01-23 07:21,HD,Stock,BUY,36,381.03
2026-01-23 07:21,BAC,Stock,BUY,14,52.45
2026-01-23 07:21,JPM,Stock,BUY,14,303.63
2026-01-23 07:21,UNH,Stock,BUY,28,354.47
2026-01-23 07:21,CVX,Stock,BUY,25,166.66
2026-01-23 07:21,XOM,Stock,BUY,19,133.64
2026-01-23 07:21,NFLX,Stock,SELL,23,83.54
2026-01-23 07:21,LMT,Stock,BUY,45,593.91
2026-01-23 07:21,BLK,Stock,BUY,28,1139.72
2026-01-23 07:21,SPGI,Stock,BUY,15,539.8
2026-01-23 07:21,MS,Stock,BUY,14,183.05
2026-01-23 07:21,RTX,Stock,BUY,27,196.34
2026-01-23 07:21,SPY,ETF,BUY,11,688.98
2026-01-23 07:21,VOO,ETF,BUY,12,633.57
2026-01-23 07:21,IVV,ETF,BUY,12,691.96
2026-01-23 07:21,VTI,ETF,BUY,13,340.87
2026-01-23 07:21,QQQ,ETF,BUY,12,620.76
2026-01-23 07:21,VUG,ETF,SELL,25,480.99
2026-01-23 07:21,VEA,ETF,BUY,26,65.36
2026-01-23 07:21,VTV,ETF,BUY,30,198.78
2026-01-23 07:21,IEFA,ETF,BUY,23,92.81
2026-01-23 07:21,AGG,ETF,SELL,20,100.02
2026-01-23 07:21,IEMG,ETF,BUY,25,71.96
2026-01-23 07:21,IJH,ETF,BUY,26,70.35
2026-01-23 07:21,IJR,ETF,BUY,29,130.43
2026-01-23 07:21,VIG,ETF,BUY,12,224.07
2026-01-23 07:21,VYM,ETF,BUY,26,148.44
2026-01-23 07:21,SCHD,ETF,BUY,26,29.17
2026-01-23 07:21,XLK,ETF,SELL,12,144.88
2026-01-23 07:21,VT,ETF,BUY,15,144.92
2026-01-23 07:21,ACWI,ETF,BUY,14,144.81
2026-01-23 08:22,AAPL,Stock,SELL,25,248.35
2026-01-23 08:22,MSFT,Stock,SELL,25,451.14
2026-01-23 08:22,NVDA,Stock,BUY,12,184.84
2026-01-23 08:22,AMZN,Stock,BUY,8,234.34
2026-01-23 08:22,GOOGL,Stock,SELL,25,330.54
2026-01-23 08:22,GOOG,Stock,SELL,25,330.84
2026-01-23 08:22,TSLA,Stock,BUY,16,449.36
2026-01-23 08:22,META,Stock,SELL,30,647.63
2026-01-23 08:22,ADBE,Stock,SELL,28,299.73
2026-01-23 08:22,AMD,Stock,BUY,26,253.73
2026-01-23 08:22,INTC,Stock,BUY,29,54.32
2026-01-23 08:22,CSCO,Stock,BUY,10,74.33
2026-01-23 08:22,QCOM,Stock,SELL,18,157.8
2026-01-23 08:22,CRM,Stock,SELL,17,228.09
2026-01-23 08:22,AVGO,Stock,SELL,25,325.49
2026-01-23 08:22,ORCL,Stock,SELL,25,178.18
2026-01-23 08:22,IBM,Stock,SELL,15,294.67
2026-01-23 08:22,TXN,Stock,BUY,25,194.99
2026-01-23 08:22,AMGN,Stock,BUY,23,347.07
2026-01-23 08:22,HON,Stock,BUY,50,222.54
2026-01-23 08:22,PEP,Stock,SELL,9,144.4
2026-01-23 08:22,KO,Stock,BUY,20,71.87
2026-01-23 08:22,MCD,Stock,SELL,12,306.03
2026-01-23 08:22,WMT,Stock,BUY,26,117.83
2026-01-23 08:22,CAT,Stock,BUY,26,648.41
2026-01-23 08:22,JNJ,Stock,BUY,30,218.49
2026-01-23 08:22,V,Stock,SELL,28,326.36
2026-01-23 08:22,HD,Stock,BUY,36,381.03
2026-01-23 08:22,BAC,Stock,BUY,14,52.45
2026-01-23 08:22,JPM,Stock,BUY,14,303.63
2026-01-23 08:22,UNH,Stock,BUY,28,354.47
2026-01-23 08:22,CVX,Stock,BUY,25,166.66
2026-01-23 08:22,XOM,Stock,BUY,19,133.64
2026-01-23 08:22,NFLX,Stock,SELL,23,83.54
2026-01-23 08:22,LMT,Stock,BUY,45,593.91
2026-01-23 08:22,BLK,Stock,BUY,28,1139.72
2026-01-23 08:22,SPGI,Stock,BUY,15,539.8
2026-01-23 08:22,MS,Stock,BUY,14,183.05
2026-01-23 08:22,RTX,Stock,BUY,27,196.34
2026-01-23 08:22,SPY,ETF,BUY,11,688.98
2026-01-23 08:22,VOO,ETF,BUY,12,633.57
2026-01-23 08:22,IVV,ETF,BUY,12,691.96
2026-01-23 08:22,VTI,ETF,BUY,13,340.87
2026-01-23 08:22,QQQ,ETF,BUY,12,620.76
2026-01-23 08:22,VUG,ETF,SELL,25,480.99
2026-01-23 08:22,VEA,ETF,BUY,26,65.36
2026-01-23 08:22,VTV,ETF,BUY,30,198.78
2026-01-23 08:22,IEFA,ETF,BUY,23,92.81
2026-01-23 08:22,AGG,ETF,SELL,20,100.02
2026-01-23 08:22,IEMG,ETF,BUY,25,71.96
2026-01-23 08:22,IJH,ETF,BUY,26,70.35
2026-01-23 08:22,IJR,ETF,BUY,29,130.43
2026-01-23 08:22,VIG,ETF,BUY,12,224.07
2026-01-23 08:22,VYM,ETF,BUY,26,148.44
2026-01-23 08:22,SCHD,ETF,BUY,26,29.17
2026-01-23 08:22,XLK,ETF,SELL,12,144.88
2026-01-23 08:22,VT,ETF,BUY,15,144.92
2026-01-23 08:22,ACWI,ETF,BUY,14,144.81
2026-01-23 09:24,AAPL,Stock,SELL,25,248.35
2026-01-23 09:24,MSFT,Stock,SELL,25,451.14
2026-01-23 09:24,NVDA,Stock,BUY,12,184.84
2026-01-23 09:24,AMZN,Stock,BUY,8,234.34
2026-01-23 09:24,GOOGL,Stock,SELL,25,330.54
2026-01-23 09:24,GOOG,Stock,SELL,25,330.84
2026-01-23 09:24,TSLA,Stock,BUY,16,449.36
2026-01-23 09:24,META,Stock,SELL,30,647.63
2026-01-23 09:24,ADBE,Stock,SELL,28,299.73
2026-01-23 09:24,AMD,Stock,BUY,26,253.73
2026-01-23 09:24,INTC,Stock,BUY,29,54.32
2026-01-23 09:24,CSCO,Stock,BUY,10,74.33
2026-01-23 09:24,QCOM,Stock,SELL,18,157.8
2026-01-23 09:24,CRM,Stock,SELL,17,228.09
2026-01-23 09:24,AVGO,Stock,SELL,25,325.49
2026-01-23 09:24,ORCL,Stock,SELL,25,178.18
2026-01-23 09:24,IBM,Stock,SELL,15,294.67
2026-01-23 09:24,TXN,Stock,BUY,25,194.99
2026-01-23 09:24,AMGN,Stock,BUY,23,347.07
2026-01-23 09:24,HON,Stock,BUY,50,222.54
2026-01-23 09:24,PEP,Stock,SELL,9,144.4
2026-01-23 09:24,KO,Stock,BUY,20,71.87
2026-01-23 09:24,MCD,Stock,SELL,12,306.03
2026-01-23 09:24,WMT,Stock,BUY,26,117.83
2026-01-23 09:24,CAT,Stock,BUY,26,648.41
2026-01-23 09:24,JNJ,Stock,BUY,30,218.49
2026-01-23 09:24,V,Stock,SELL,28,326.36
2026-01-23 09:24,HD,Stock,BUY,36,381.03
2026-01-23 09:24,BAC,Stock,BUY,14,52.45
2026-01-23 09:24,JPM,Stock,BUY,14,303.63
2026-01-23 09:24,UNH,Stock,BUY,28,354.47
2026-01-23 09:24,CVX,Stock,BUY,25,166.66
2026-01-23 09:24,XOM,Stock,BUY,19,133.64
2026-01-23 09:24,NFLX,Stock,SELL,23,83.54
2026-01-23 09:24,LMT,Stock,BUY,45,593.91
2026-01-23 09:24,BLK,Stock,BUY,28,1139.72
2026-01-23 09:24,SPGI,Stock,BUY,15,539.8
2026-01-23 09:24,MS,Stock,BUY,14,183.05
2026-01-23 09:24,RTX,Stock,BUY,27,196.34
2026-01-23 09:24,SPY,ETF,BUY,11,688.98
2026-01-23 09:24,VOO,ETF,BUY,12,633.57
2026-01-23 09:24,IVV,ETF,BUY,12,691.96
2026-01-23 09:24,VTI,ETF,BUY,13,340.87
2026-01-23 09:24,QQQ,ETF,BUY,12,620.76
2026-01-23 09:24,VUG,ETF,SELL,25,480.99
2026-01-23 09:24,VEA,ETF,BUY,26,65.36
2026-01-23 09:24,VTV,ETF,BUY,30,198.78
2026-01-23 09:24,IEFA,ETF,BUY,23,92.81
2026-01-23 09:24,AGG,ETF,SELL,20,100.02
2026-01-23 09:24,IEMG,ETF,BUY,25,71.96
2026-01-23 09:24,IJH,ETF,BUY,26,70.35
2026-01-23 09:24,IJR,ETF,BUY,29,130.43
2026-01-23 09:24,VIG,ETF,BUY,12,224.07
2026-01-23 09:24,VYM,ETF,BUY,26,148.44
2026-01-23 09:24,SCHD,ETF,BUY,26,29.17
2026-01-23 09:24,XLK,ETF,SELL,12,144.88
2026-01-23 09:24,VT,ETF,BUY,15,144.92
2026-01-23 09:24,ACWI,ETF,BUY,14,144.81
2026-01-23 10:18,AAPL,Stock,SELL,25,248.35
2026-01-23 10:18,MSFT,Stock,SELL,25,451.14
2026-01-23 10:18,NVDA,Stock,BUY,12,184.84
2026-01-23 10:18,AMZN,Stock,BUY,8,234.34
2026-01-23 10:18,GOOGL,Stock,SELL,25,330.54
2026-01-23 10:18,GOOG,Stock,SELL,25,330.84
2026-01-23 10:18,TSLA,Stock,BUY,16,449.36
2026-01-23 10:18,META,Stock,SELL,30,647.63
2026-01-23 10:18,ADBE,Stock,SELL,28,299.73
2026-01-23 10:18,AMD,Stock,BUY,26,253.73
2026-01-23 10:18,INTC,Stock,BUY,29,54.32
2026-01-23 10:18,CSCO,Stock,BUY,10,74.33
2026-01-23 10:18,QCOM,Stock,SELL,18,157.8
2026-01-23 10:18,CRM,Stock,SELL,17,228.09
2026-01-23 10:18,AVGO,Stock,SELL,25,325.49
2026-01-23 10:18,ORCL,Stock,SELL,25,178.18
2026-01-23 10:18,IBM,Stock,SELL,15,294.67
2026-01-23 10:18,TXN,Stock,BUY,25,194.99
2026-01-23 10:18,AMGN,Stock,BUY,23,347.07
2026-01-23 10:18,HON,Stock,BUY,50,222.54
2026-01-23 10:18,PEP,Stock,SELL,9,144.4
2026-01-23 10:18,KO,Stock,BUY,20,71.87
2026-01-23 10:18,MCD,Stock,SELL,12,306.03
2026-01-23 10:18,WMT,Stock,BUY,26,117.83
2026-01-23 10:18,CAT,Stock,BUY,26,648.41
2026-01-23 10:18,JNJ,Stock,BUY,30,218.49
2026-01-23 10:18,V,Stock,SELL,28,326.36
2026-01-23 10:18,HD,Stock,BUY,36,381.03
2026-01-23 10:18,BAC,Stock,BUY,14,52.45
2026-01-23 10:18,JPM,Stock,BUY,14,303.63
2026-01-23 10:18,UNH,Stock,BUY,28,354.47
2026-01-23 10:18,CVX,Stock,BUY,25,166.66
2026-01-23 10:18,XOM,Stock,BUY,19,133.64
2026-01-23 10:18,NFLX,Stock,SELL,23,83.54
2026-01-23 10:18,LMT,Stock,BUY,45,593.91
2026-01-23 10:18,BLK,Stock,BUY,28,1139.72
2026-01-23 10:18,SPGI,Stock,BUY,15,539.8
2026-01-23 10:18,MS,Stock,BUY,14,183.05
2026-01-23 10:18,RTX,Stock,BUY,27,196.34
2026-01-23 10:18,SPY,ETF,BUY,11,688.98
2026-01-23 10:18,VOO,ETF,BUY,12,633.57
2026-01-23 10:18,IVV,ETF,BUY,12,691.96
2026-01-23 10:18,VTI,ETF,BUY,13,340.87
2026-01-23 10:18,QQQ,ETF,BUY,12,620.76
2026-01-23 10:18,VUG,ETF,SELL,25,480.99
2026-01-23 10:18,VEA,ETF,BUY,26,65.36
2026-01-23 10:18,VTV,ETF,BUY,30,198.78
2026-01-23 10:18,IEFA,ETF,BUY,23,92.81
2026-01-23 10:18,AGG,ETF,SELL,20,100.02
2026-01-23 10:18,IEMG,ETF,BUY,25,71.96
2026-01-23 10:18,IJH,ETF,BUY,26,70.35
2026-01-23 10:18,IJR,ETF,BUY,29,130.43
2026-01-23 10:18,VIG,ETF,BUY,12,224.07
2026-01-23 10:18,VYM,ETF,BUY,26,148.44
2026-01-23 10:18,SCHD,ETF,BUY,26,29.17
2026-01-23 10:18,XLK,ETF,SELL,12,144.88
2026-01-23 10:18,VT,ETF,BUY,15,144.92
2026-01-23 10:18,ACWI,ETF,BUY,14,144.81
2026-01-23 11:15,AAPL,Stock,SELL,25,248.35
2026-01-23 11:15,MSFT,Stock,SELL,25,451.14
2026-01-23 11:15,NVDA,Stock,BUY,12,184.84
2026-01-23 11:15,AMZN,Stock,BUY,8,234.34
2026-01-23 11:15,GOOGL,Stock,SELL,25,330.54
2026-01-23 11:15,GOOG,Stock,SELL,25,330.84
2026-01-23 11:15,TSLA,Stock,BUY,16,449.36
2026-01-23 11:15,META,Stock,SELL,30,647.63
2026-01-23 11:15,ADBE,Stock,SELL,28,299.73
2026-01-23 11:15,AMD,Stock,BUY,26,253.73
2026-01-23 11:15,INTC,Stock,BUY,29,54.32
2026-01-23 11:16,CSCO,Stock,BUY,10,74.33
2026-01-23 11:16,QCOM,Stock,SELL,18,157.8
2026-01-23 11:16,CRM,Stock,SELL,17,228.09
2026-01-23 11:16,AVGO,Stock,SELL,25,325.49
2026-01-23 11:16,ORCL,Stock,SELL,25,178.18
2026-01-23 11:16,IBM,Stock,SELL,15,294.67
2026-01-23 11:16,TXN,Stock,BUY,25,194.99
2026-01-23 11:16,AMGN,Stock,BUY,23,347.07
2026-01-23 11:16,HON,Stock,BUY,50,222.54
2026-01-23 11:16,PEP,Stock,SELL,9,144.4
2026-01-23 11:16,KO,Stock,BUY,20,71.87
2026-01-23 11:16,MCD,Stock,SELL,12,306.03
2026-01-23 11:16,WMT,Stock,BUY,26,117.83
2026-01-23 11:16,CAT,Stock,BUY,26,648.41
2026-01-23 11:16,JNJ,Stock,BUY,30,218.49
2026-01-23 11:16,V,Stock,SELL,28,326.36
2026-01-23 11:16,HD,Stock,BUY,36,381.03
2026-01-23 11:16,BAC,Stock,BUY,14,52.45
2026-01-23 11:16,JPM,Stock,BUY,14,303.63
2026-01-23 11:16,UNH,Stock,BUY,28,354.47
2026-01-23 11:16,CVX,Stock,BUY,25,166.66
2026-01-23 11:16,XOM,Stock,BUY,19,133.64
2026-01-23 11:16,NFLX,Stock,SELL,23,83.54
2026-01-23 11:16,LMT,Stock,BUY,45,593.91
2026-01-23 11:16,BLK,Stock,BUY,28,1139.72
2026-01-23 11:16,SPGI,Stock,BUY,15,539.8
2026-01-23 11:16,MS,Stock,BUY,14,183.05
2026-01-23 11:16,RTX,Stock,BUY,27,196.34
2026-01-23 11:16,SPY,ETF,BUY,11,688.98
2026-01-23 11:16,VOO,ETF,BUY,12,633.57
2026-01-23 11:16,IVV,ETF,BUY,12,691.96
2026-01-23 11:16,VTI,ETF,BUY,13,340.87
2026-01-23 11:16,QQQ,ETF,BUY,12,620.76
2026-01-23 11:16,VUG,ETF,SELL,25,480.99
2026-01-23 11:16,VEA,ETF,BUY,26,65.36
2026-01-23 11:16,VTV,ETF,BUY,30,198.78
2026-01-23 11:16,IEFA,ETF,BUY,23,92.81
2026-01-23 11:16,AGG,ETF,SELL,20,100.02
2026-01-23 11:16,IEMG,ETF,BUY,25,71.96
2026-01-23 11:16,IJH,ETF,BUY,26,70.35
2026-01-23 11:16,IJR,ETF,BUY,29,130.43
2026-01-23 11:16,VIG,ETF,BUY,12,224.07
2026-01-23 11:16,VYM,ETF,BUY,26,148.44
2026-01-23 11:16,SCHD,ETF,BUY,26,29.17
2026-01-23 11:16,XLK,ETF,SELL,12,144.88
2026-01-23 11:16,VT,ETF,BUY,15,144.92
2026-01-23 11:16,ACWI,ETF,BUY,14,144.81
2026-01-23 12:33,AAPL,Stock,SELL,25,248.35
2026-01-23 12:33,MSFT,Stock,SELL,25,451.14
2026-01-23 12:33,NVDA,Stock,BUY,12,184.84
2026-01-23 12:33,AMZN,Stock,BUY,8,234.34
2026-01-23 12:33,GOOGL,Stock,SELL,25,330.54
2026-01-23 12:33,GOOG,Stock,SELL,25,330.84
2026-01-23 12:33,TSLA,Stock,BUY,16,449.36
2026-01-23 12:33,META,Stock,SELL,30,647.63
2026-01-23 12:33,ADBE,Stock,SELL,28,299.73
2026-01-23 12:33,AMD,Stock,BUY,26,253.73
2026-01-23 12:33,INTC,Stock,BUY,29,54.32
2026-01-23 12:33,CSCO,Stock,BUY,10,74.33
2026-01-23 12:33,QCOM,Stock,SELL,18,157.8
2026-01-23 12:33,CRM,Stock,SELL,17,228.09
2026-01-23 12:33,AVGO,Stock,SELL,25,325.49
2026-01-23 12:33,ORCL,Stock,SELL,25,178.18
2026-01-23 12:33,IBM,Stock,SELL,15,294.67
2026-01-23 12:33,TXN,Stock,BUY,25,194.99
2026-01-23 12:33,AMGN,Stock,BUY,23,347.07
2026-01-23 12:33,HON,Stock,BUY,50,222.54
2026-01-23 12:33,PEP,Stock,SELL,9,144.4
2026-01-23 12:33,KO,Stock,BUY,20,71.87
2026-01-23 12:33,MCD,Stock,SELL,12,306.03
2026-01-23 12:33,WMT,Stock,BUY,26,117.83
2026-01-23 12:33,CAT,Stock,BUY,26,648.41
2026-01-23 12:33,JNJ,Stock,BUY,30,218.49
2026-01-23 12:33,V,Stock,SELL,28,326.36
2026-01-23 12:33,HD,Stock,BUY,36,381.03
2026-01-23 12:33,BAC,Stock,BUY,14,52.45
2026-01-23 12:33,JPM,Stock,BUY,14,303.63
2026-01-23 12:33,UNH,Stock,BUY,28,354.47
2026-01-23 12:33,CVX,Stock,BUY,25,166.66
2026-01-23 12:33,XOM,Stock,BUY,19,133.64
2026-01-23 12:33,NFLX,Stock,SELL,23,83.54
2026-01-23 12:33,LMT,Stock,BUY,45,593.91
2026-01-23 12:33,BLK,Stock,BUY,28,1139.72
2026-01-23 12:33,SPGI,Stock,BUY,15,539.8
2026-01-23 12:33,MS,Stock,BUY,14,183.05
2026-01-23 12:33,RTX,Stock,BUY,27,196.34
2026-01-23 12:33,SPY,ETF,BUY,11,688.98
2026-01-23 12:33,VOO,ETF,BUY,12,633.57
2026-01-23 12:33,IVV,ETF,BUY,12,691.96
2026-01-23 12:33,VTI,ETF,BUY,13,340.87
2026-01-23 12:33,QQQ,ETF,BUY,12,620.76
2026-01-23 12:33,VUG,ETF,SELL,25,480.99
2026-01-23 12:33,VEA,ETF,BUY,26,65.36
2026-01-23 12:33,VTV,ETF,BUY,30,198.78
2026-01-23 12:33,IEFA,ETF,BUY,23,92.81
2026-01-23 12:33,AGG,ETF,SELL,20,100.02
2026-01-23 12:33,IEMG,ETF,BUY,25,71.96
2026-01-23 12:33,IJH,ETF,BUY,26,70.35
2026-01-23 12:33,IJR,ETF,BUY,29,130.43
2026-01-23 12:33,VIG,ETF,BUY,12,224.07
2026-01-23 12:33,VYM,ETF,BUY,26,148.44
2026-01-23 12:33,SCHD,ETF,BUY,26,29.17
2026-01-23 12:33,XLK,ETF,SELL,12,144.88
2026-01-23 12:33,VT,ETF,BUY,15,144.92
2026-01-23 12:33,ACWI,ETF,BUY,14,144.81
2026-01-23 13:38,AAPL,Stock,SELL,25,248.35
2026-01-23 13:38,MSFT,Stock,SELL,25,451.14
2026-01-23 13:38,NVDA,Stock,BUY,12,184.84
2026-01-23 13:38,AMZN,Stock,BUY,8,234.34
2026-01-23 13:38,GOOGL,Stock,SELL,25,330.54
2026-01-23 13:38,GOOG,Stock,SELL,25,330.84
2026-01-23 13:38,TSLA,Stock,BUY,16,449.36
2026-01-23 13:38,META,Stock,SELL,30,647.63
2026-01-23 13:38,ADBE,Stock,SELL,28,299.73
2026-01-23 13:38,AMD,Stock,BUY,26,253.73
2026-01-23 13:38,INTC,Stock,BUY,29,54.32
2026-01-23 13:38,CSCO,Stock,BUY,10,74.33
2026-01-23 13:38,QCOM,Stock,SELL,18,157.8
2026-01-23 13:38,CRM,Stock,SELL,17,228.09
2026-01-23 13:38,AVGO,Stock,SELL,25,325.49
2026-01-23 13:38,ORCL,Stock,SELL,25,178.18
2026-01-23 13:38,IBM,Stock,SELL,15,294.67
2026-01-23 13:38,TXN,Stock,BUY,25,194.99
2026-01-23 13:38,AMGN,Stock,BUY,23,347.07
2026-01-23 13:38,HON,Stock,BUY,50,222.54
2026-01-23 13:38,PEP,Stock,SELL,9,144.4
2026-01-23 13:38,KO,Stock,BUY,20,71.87
2026-01-23 13:38,MCD,Stock,SELL,12,306.03
2026-01-23 13:38,WMT,Stock,BUY,26,117.83
2026-01-23 13:38,CAT,Stock,BUY,26,648.41
2026-01-23 13:38,JNJ,Stock,BUY,30,218.49
2026-01-23 13:38,V,Stock,SELL,28,326.36
2026-01-23 13:38,HD,Stock,BUY,36,381.03
2026-01-23 13:38,BAC,Stock,BUY,14,52.45
2026-01-23 13:38,JPM,Stock,BUY,14,303.63
2026-01-23 13:38,UNH,Stock,BUY,28,354.47
2026-01-23 13:38,CVX,Stock,BUY,25,166.66
2026-01-23 13:38,XOM,Stock,BUY,19,133.64
2026-01-23 13:38,NFLX,Stock,SELL,23,83.54
2026-01-23 13:38,LMT,Stock,BUY,45,593.91
2026-01-23 13:38,BLK,Stock,BUY,28,1139.72
2026-01-23 13:38,SPGI,Stock,BUY,15,539.8
2026-01-23 13:38,MS,Stock,BUY,14,183.05
2026-01-23 13:38,RTX,Stock,BUY,27,196.34
2026-01-23 13:38,SPY,ETF,BUY,11,688.98
2026-01-23 13:38,VOO,ETF,BUY,12,633.57
2026-01-23 13:38,IVV,ETF,BUY,12,691.96
2026-01-23 13:38,VTI,ETF,BUY,13,340.87
2026-01-23 13:38,QQQ,ETF,BUY,12,620.76
2026-01-23 13:38,VUG,ETF,SELL,25,480.99
2026-01-23 13:38,VEA,ETF,BUY,26,65.36
2026-01-23 13:38,VTV,ETF,BUY,30,198.78
2026-01-23 13:38,IEFA,ETF,BUY,23,92.81
2026-01-23 13:38,AGG,ETF,SELL,20,100.02
2026-01-23 13:38,IEMG,ETF,BUY,25,71.96
2026-01-23 13:38,IJH,ETF,BUY,26,70.35
2026-01-23 13:38,IJR,ETF,BUY,29,130.43
2026-01-23 13:38,VIG,ETF,BUY,12,224.07
2026-01-23 13:38,VYM,ETF,BUY,26,148.44
2026-01-23 13:38,SCHD,ETF,BUY,26,29.17
2026-01-23 13:38,XLK,ETF,SELL,12,144.88
2026-01-23 13:38,VT,ETF,BUY,15,144.92
2026-01-23 13:38,ACWI,ETF,BUY,14,144.81
2026-01-23 14:20,AAPL,Stock,SELL,25,248.35
2026-01-23 14:20,MSFT,Stock,SELL,25,451.14
2026-01-23 14:20,NVDA,Stock,BUY,12,184.84
2026-01-23 14:20,AMZN,Stock,BUY,8,234.34
2026-01-23 14:20,GOOGL,Stock,SELL,25,330.54
2026-01-23 14:20,GOOG,Stock,SELL,25,330.84
2026-01-23 14:20,TSLA,Stock,BUY,16,449.36
2026-01-23 14:20,META,Stock,SELL,30,647.63
2026-01-23 14:20,ADBE,Stock,SELL,28,299.73
2026-01-23 14:20,AMD,Stock,BUY,26,253.73
2026-01-23 14:20,INTC,Stock,BUY,29,54.32
2026-01-23 14:20,CSCO,Stock,BUY,10,74.33
2026-01-23 14:20,QCOM,Stock,SELL,18,157.8
2026-01-23 14:20,CRM,Stock,SELL,17,228.09
2026-01-23 14:20,AVGO,Stock,SELL,25,325.49
2026-01-23 14:20,ORCL,Stock,SELL,25,178.18
2026-01-23 14:20,IBM,Stock,SELL,15,294.67
2026-01-23 14:20,TXN,Stock,BUY,25,194.99
2026-01-23 14:20,AMGN,Stock,BUY,23,347.07
2026-01-23 14:20,HON,Stock,BUY,50,222.54
2026-01-23 14:20,PEP,Stock,SELL,9,144.4
2026-01-23 14:20,KO,Stock,BUY,20,71.87
2026-01-23 14:20,MCD,Stock,SELL,12,306.03
2026-01-23 14:20,WMT,Stock,BUY,26,117.83
2026-01-23 14:20,CAT,Stock,BUY,26,648.41
2026-01-23 14:20,JNJ,Stock,BUY,30,218.49
2026-01-23 14:20,V,Stock,SELL,28,326.36
2026-01-23 14:20,HD,Stock,BUY,36,381.03
2026-01-23 14:20,BAC,Stock,BUY,14,52.45
2026-01-23 14:20,JPM,Stock,BUY,14,303.63
2026-01-23 14:20,UNH,Stock,BUY,28,354.47
2026-01-23 14:20,CVX,Stock,BUY,25,166.66
2026-01-23 14:20,XOM,Stock,BUY,19,133.64
2026-01-23 14:20,NFLX,Stock,SELL,23,83.54
2026-01-23 14:20,LMT,Stock,BUY,45,593.91
2026-01-23 14:20,BLK,Stock,BUY,28,1139.72
2026-01-23 14:20,SPGI,Stock,BUY,15,539.8
2026-01-23 14:20,MS,Stock,BUY,14,183.05
2026-01-23 14:20,RTX,Stock,BUY,27,196.34
2026-01-23 14:20,SPY,ETF,BUY,11,688.98
2026-01-23 14:20,VOO,ETF,BUY,12,633.57
2026-01-23 14:20,IVV,ETF,BUY,12,691.96
2026-01-23 14:20,VTI,ETF,BUY,13,340.87
2026-01-23 14:20,QQQ,ETF,BUY,12,620.76
2026-01-23 14:20,VUG,ETF,SELL,25,480.99
2026-01-23 14:20,VEA,ETF,BUY,26,65.36
2026-01-23 14:20,VTV,ETF,BUY,30,198.78
2026-01-23 14:20,IEFA,ETF,BUY,23,92.81
2026-01-23 14:20,AGG,ETF,SELL,20,100.02
2026-01-23 14:20,IEMG,ETF,BUY,25,71.96
2026-01-23 14:20,IJH,ETF,BUY,26,70.35
2026-01-23 14:20,IJR,ETF,BUY,29,130.43
2026-01-23 14:20,VIG,ETF,BUY,12,224.07
2026-01-23 14:20,VYM,ETF,BUY,26,148.44
2026-01-23 14:20,SCHD,ETF,BUY,26,29.17
2026-01-23 14:20,XLK,ETF,SELL,12,144.88
2026-01-23 14:20,VT,ETF,BUY,15,144.92
2026-01-23 14:20,ACWI,ETF,BUY,14,144.81
2026-01-23 15:19,AAPL,Stock,SELL,26,245.9
2026-01-23 15:19,MSFT,Stock,SELL,25,462.15
2026-01-23 15:19,NVDA,Stock,BUY,12,187.35
2026-01-23 15:19,AMZN,Stock,BUY,8,237.01
2026-01-23 15:19,GOOGL,Stock,SELL,25,330.6
2026-01-23 15:19,GOOG,Stock,SELL,25,331.07
2026-01-23 15:19,TSLA,Stock,BUY,16,446.11
2026-01-23 15:19,META,Stock,SELL,14,658.86
2026-01-23 15:19,ADBE,Stock,SELL,28,301.39
2026-01-23 15:19,AMD,Stock,BUY,27,263.15
2026-01-23 15:19,INTC,Stock,BUY,28,45.66
2026-01-23 15:19,CSCO,Stock,SELL,18,74.25
2026-01-23 15:19,QCOM,Stock,SELL,18,156.74
2026-01-23 15:19,CRM,Stock,SELL,17,228.88
2026-01-23 15:19,AVGO,Stock,SELL,25,316.7
2026-01-23 15:19,ORCL,Stock,SELL,25,176.29
2026-01-23 15:19,IBM,Stock,SELL,15,293.16
2026-01-23 15:19,TXN,Stock,BUY,26,193.93
2026-01-23 15:19,AMGN,Stock,BUY,23,345.66
2026-01-23 15:19,HON,Stock,BUY,50,221.47
2026-01-23 15:19,PEP,Stock,SELL,9,144.13
2026-01-23 15:19,KO,Stock,BUY,21,72.08
2026-01-23 15:19,MCD,Stock,SELL,12,306.66
2026-01-23 15:19,WMT,Stock,BUY,26,118.16
2026-01-23 15:19,CAT,Stock,BUY,25,631.35
2026-01-23 15:19,JNJ,Stock,BUY,30,219.43
2026-01-23 15:19,V,Stock,SELL,28,326.32
2026-01-23 15:19,HD,Stock,BUY,36,380.59
2026-01-23 15:19,BAC,Stock,BUY,14,51.83
2026-01-23 15:19,JPM,Stock,SELL,14,299.73
2026-01-23 15:19,UNH,Stock,BUY,28,354.49
2026-01-23 15:19,CVX,Stock,BUY,25,167.32
2026-01-23 15:19,XOM,Stock,BUY,20,135.67
2026-01-23 15:19,NFLX,Stock,SELL,23,85.12
2026-01-23 15:19,LMT,Stock,BUY,45,590.96
2026-01-23 15:19,BLK,Stock,BUY,27,1124.08
2026-01-23 15:19,SPGI,Stock,BUY,15,536.85
2026-01-23 15:19,MS,Stock,BUY,14,179.96
2026-01-23 15:19,RTX,Stock,BUY,27,195.59
2026-01-23 15:19,SPY,ETF,BUY,11,688.45
2026-01-23 15:19,VOO,ETF,BUY,12,633.16
2026-01-23 15:19,IVV,ETF,BUY,12,691.51
2026-01-23 15:19,VTI,ETF,BUY,13,340.33
2026-01-23 15:19,QQQ,ETF,BUY,12,621.61
2026-01-23 15:19,VUG,ETF,SELL,25,482.35
2026-01-23 15:19,VEA,ETF,BUY,26,65.23
2026-01-23 15:19,VTV,ETF,BUY,29,197.7
2026-01-23 15:19,IEFA,ETF,BUY,24,92.6
2026-01-23 15:19,AGG,ETF,BUY,10,100.1
2026-01-23 15:19,IEMG,ETF,BUY,25,71.86
2026-01-23 15:19,IJH,ETF,BUY,25,69.77
2026-01-23 15:19,IJR,ETF,BUY,29,128.85
2026-01-23 15:19,VIG,ETF,BUY,12,222.98
2026-01-23 15:19,VYM,ETF,BUY,26,147.66
2026-01-23 15:19,SCHD,ETF,BUY,27,29.18
2026-01-23 15:19,XLK,ETF,SELL,12,144.91
2026-01-23 15:19,VT,ETF,BUY,14,144.74
2026-01-23 15:19,ACWI,ETF,BUY,14,144.63
2026-01-23 16:22,AAPL,Stock,SELL,26,248.61
2026-01-23 16:22,MSFT,Stock,SELL,25,467.66
2026-01-23 16:22,NVDA,Stock,BUY,12,187.54
2026-01-23 16:22,AMZN,Stock,BUY,9,239.32
2026-01-23 16:22,GOOGL,Stock,SELL,25,330.5
2026-01-23 16:22,GOOG,Stock,SELL,25,330.9
2026-01-23 16:22,TSLA,Stock,BUY,16,450.44
2026-01-23 16:22,META,Stock,SELL,14,661.67
2026-01-23 16:22,ADBE,Stock,SELL,28,301.36
2026-01-23 16:22,AMD,Stock,BUY,27,261.67
2026-01-23 16:22,INTC,Stock,BUY,28,45.85
2026-01-23 16:22,CSCO,Stock,SELL,18,74.6
2026-01-23 16:22,QCOM,Stock,SELL,18,157.39
2026-01-23 16:22,CRM,Stock,SELL,17,228.74
2026-01-23 16:22,AVGO,Stock,SELL,25,320.49
2026-01-23 16:22,ORCL,Stock,SELL,25,177.65
2026-01-23 16:22,IBM,Stock,SELL,15,292.05
2026-01-23 16:22,TXN,Stock,BUY,26,193.7
2026-01-23 16:22,AMGN,Stock,BUY,23,347.13
2026-01-23 16:22,HON,Stock,BUY,50,222.57
2026-01-23 16:22,PEP,Stock,SELL,9,143.71
2026-01-23 16:22,KO,Stock,BUY,21,72.05
2026-01-23 16:22,MCD,Stock,SELL,12,307.8
2026-01-23 16:22,WMT,Stock,BUY,26,118.03
2026-01-23 16:22,CAT,Stock,BUY,25,632.85
2026-01-23 16:22,JNJ,Stock,BUY,30,219.03
2026-01-23 16:22,V,Stock,SELL,28,326.89
2026-01-23 16:22,HD,Stock,BUY,36,382.13
2026-01-23 16:22,BAC,Stock,BUY,14,51.58
2026-01-23 16:22,JPM,Stock,SELL,14,298.06
2026-01-23 16:22,UNH,Stock,BUY,28,354.72
2026-01-23 16:22,CVX,Stock,BUY,25,167.18
2026-01-23 16:22,XOM,Stock,BUY,20,135.27
2026-01-23 16:22,NFLX,Stock,SELL,23,85.51
2026-01-23 16:22,LMT,Stock,BUY,45,592.5
2026-01-23 16:22,BLK,Stock,BUY,27,1129.17
2026-01-23 16:22,SPGI,Stock,BUY,15,538.68
2026-01-23 16:22,MS,Stock,BUY,14,179.15
2026-01-23 16:22,RTX,Stock,BUY,27,196.42
2026-01-23 16:22,SPY,ETF,BUY,11,690.28
2026-01-23 16:22,VOO,ETF,BUY,12,634.84
2026-01-23 16:22,IVV,ETF,BUY,12,693.39
2026-01-23 16:22,VTI,ETF,BUY,13,341.2
2026-01-23 16:22,QQQ,ETF,BUY,12,624.54
2026-01-23 16:22,VUG,ETF,SELL,25,484.8
2026-01-23 16:22,VEA,ETF,BUY,26,65.38
2026-01-23 16:22,VTV,ETF,BUY,29,197.59
2026-01-23 16:22,IEFA,ETF,BUY,24,92.75
2026-01-23 16:22,AGG,ETF,BUY,10,100.07
2026-01-23 16:22,IEMG,ETF,BUY,25,72.03
2026-01-23 16:22,IJH,ETF,BUY,25,69.85
2026-01-23 16:22,IJR,ETF,BUY,30,129.07
2026-01-23 16:22,VIG,ETF,BUY,12,223.32
2026-01-23 16:22,VYM,ETF,BUY,26,147.68
2026-01-23 16:22,SCHD,ETF,BUY,27,29.15
2026-01-23 16:22,XLK,ETF,SELL,12,145.57
2026-01-23 16:22,VT,ETF,BUY,15,145.07
2026-01-23 16:22,ACWI,ETF,BUY,14,145.01
2026-01-23 17:21,AAPL,Stock,SELL,26,248.5
2026-01-23 17:21,MSFT,Stock,SELL,25,468.86
2026-01-23 17:21,NVDA,Stock,BUY,12,187.7
2026-01-23 17:21,AMZN,Stock,BUY,9,239.76
2026-01-23 17:21,GOOGL,Stock,SELL,25,328.17
2026-01-23 17:21,GOOG,Stock,SELL,25,328.76
2026-01-23 17:21,TSLA,Stock,BUY,16,447.85
2026-01-23 17:21,META,Stock,SELL,14,661.03
2026-01-23 17:21,ADBE,Stock,SELL,28,302.68
2026-01-23 17:21,AMD,Stock,BUY,27,258.89
2026-01-23 17:21,INTC,Stock,BUY,28,45.28
2026-01-23 17:21,CSCO,Stock,BUY,10,74.96
2026-01-23 17:21,QCOM,Stock,SELL,18,157.51
2026-01-23 17:21,CRM,Stock,SELL,17,230.06
2026-01-23 17:21,AVGO,Stock,SELL,25,320.63
2026-01-23 17:21,ORCL,Stock,SELL,25,179.46
2026-01-23 17:21,IBM,Stock,SELL,15,293.16
2026-01-23 17:21,TXN,Stock,BUY,26,192.71
2026-01-23 17:21,AMGN,Stock,BUY,23,344.57
2026-01-23 17:21,HON,Stock,BUY,50,222.97
2026-01-23 17:21,PEP,Stock,SELL,9,143.57
2026-01-23 17:21,KO,Stock,BUY,21,72.11
2026-01-23 17:21,MCD,Stock,BUY,12,308.18
2026-01-23 17:21,WMT,Stock,BUY,26,118.22
2026-01-23 17:21,CAT,Stock,BUY,25,632.52
2026-01-23 17:21,JNJ,Stock,BUY,30,218.21
2026-01-23 17:21,V,Stock,SELL,28,326.91
2026-01-23 17:21,HD,Stock,BUY,36,383.28
2026-01-23 17:21,BAC,Stock,BUY,14,51.42
2026-01-23 17:22,JPM,Stock,SELL,14,297.02
2026-01-23 17:22,UNH,Stock,BUY,28,355.46
2026-01-23 17:22,CVX,Stock,BUY,25,167.21
2026-01-23 17:22,XOM,Stock,BUY,20,135.38
2026-01-23 17:22,NFLX,Stock,SELL,23,85.91
2026-01-23 17:22,LMT,Stock,BUY,45,590.38
2026-01-23 17:22,BLK,Stock,BUY,27,1125.91
2026-01-23 17:22,SPGI,Stock,BUY,15,537.53
2026-01-23 17:22,MS,Stock,BUY,14,178.84
2026-01-23 17:22,RTX,Stock,BUY,27,196.79
2026-01-23 17:22,SPY,ETF,BUY,11,689.84
2026-01-23 17:22,VOO,ETF,BUY,12,634.46
2026-01-23 17:22,IVV,ETF,BUY,12,692.9
2026-01-23 17:22,VTI,ETF,BUY,13,340.98
2026-01-23 17:22,QQQ,ETF,BUY,12,623.95
2026-01-23 17:22,VUG,ETF,SELL,25,484.6
2026-01-23 17:22,VEA,ETF,BUY,26,65.58
2026-01-23 17:22,VTV,ETF,BUY,29,197.43
2026-01-23 17:22,IEFA,ETF,BUY,24,93.04
2026-01-23 17:22,AGG,ETF,SELL,20,100.04
2026-01-23 17:22,IEMG,ETF,BUY,25,72.18
2026-01-23 17:22,IJH,ETF,BUY,25,69.74
2026-01-23 17:22,IJR,ETF,BUY,29,128.48
2026-01-23 17:22,VIG,ETF,BUY,12,223.24
2026-01-23 17:22,VYM,ETF,BUY,26,147.57
2026-01-23 17:22,SCHD,ETF,BUY,27,29.14
2026-01-23 17:22,XLK,ETF,SELL,12,145.51
2026-01-23 17:22,VT,ETF,BUY,15,145.13
2026-01-23 17:22,ACWI,ETF,BUY,14,145.07
2026-01-23 18:24,AAPL,Stock,SELL,26,247.99
2026-01-23 18:24,MSFT,Stock,SELL,25,470.17
2026-01-23 18:24,NVDA,Stock,BUY,12,187.74
2026-01-23 18:24,AMZN,Stock,BUY,9,239.49
2026-01-23 18:24,GOOGL,Stock,SELL,25,328.61
2026-01-23 18:24,GOOG,Stock,SELL,25,329.14
2026-01-23 18:24,TSLA,Stock,BUY,16,446.85
2026-01-23 18:24,META,Stock,SELL,14,664.93
2026-01-23 18:24,ADBE,Stock,SELL,28,301.2
2026-01-23 18:24,AMD,Stock,BUY,27,258.85
2026-01-23 18:24,INTC,Stock,BUY,28,44.95
2026-01-23 18:24,CSCO,Stock,SELL,18,74.52
2026-01-23 18:24,QCOM,Stock,SELL,18,156.16
2026-01-23 18:24,CRM,Stock,SELL,17,228.4
2026-01-23 18:24,AVGO,Stock,SELL,25,320.6
2026-01-23 18:24,ORCL,Stock,SELL,25,177.38
2026-01-23 18:24,IBM,Stock,SELL,15,291.96
2026-01-23 18:24,TXN,Stock,BUY,26,191.93
2026-01-23 18:24,AMGN,Stock,BUY,23,342.72
2026-01-23 18:24,HON,Stock,BUY,50,222.37
2026-01-23 18:24,PEP,Stock,SELL,9,143.71
2026-01-23 18:24,KO,Stock,BUY,21,72.29
2026-01-23 18:24,MCD,Stock,SELL,12,307.73
2026-01-23 18:24,WMT,Stock,BUY,26,118.27
2026-01-23 18:24,CAT,Stock,BUY,25,626.46
2026-01-23 18:24,JNJ,Stock,BUY,30,218.63
2026-01-23 18:24,V,Stock,SELL,28,324.85
2026-01-23 18:24,HD,Stock,BUY,36,383.4
2026-01-23 18:24,BAC,Stock,BUY,14,51.47
2026-01-23 18:24,JPM,Stock,SELL,14,297.8
2026-01-23 18:24,UNH,Stock,BUY,28,354.23
2026-01-23 18:24,CVX,Stock,BUY,25,167.1
2026-01-23 18:24,XOM,Stock,BUY,20,135.23
2026-01-23 18:24,NFLX,Stock,SELL,23,85.94
2026-01-23 18:24,LMT,Stock,BUY,45,587.33
2026-01-23 18:24,BLK,Stock,BUY,27,1124.51
2026-01-23 18:24,SPGI,Stock,BUY,15,530.26
2026-01-23 18:24,MS,Stock,BUY,14,178.56
2026-01-23 18:24,RTX,Stock,BUY,27,195.39
2026-01-23 18:24,SPY,ETF,BUY,11,688.8
2026-01-23 18:24,VOO,ETF,BUY,12,633.49
2026-01-23 18:24,IVV,ETF,BUY,12,691.87
2026-01-23 18:24,VTI,ETF,BUY,13,340.34
2026-01-23 18:24,QQQ,ETF,BUY,12,623.15
2026-01-23 18:24,VUG,ETF,SELL,25,483.8
2026-01-23 18:24,VEA,ETF,BUY,26,65.61
2026-01-23 18:24,VTV,ETF,BUY,29,197.1
2026-01-23 18:24,IEFA,ETF,BUY,24,93.08
2026-01-23 18:24,AGG,ETF,SELL,20,100.0
2026-01-23 18:24,IEMG,ETF,BUY,25,72.27
2026-01-23 18:24,IJH,ETF,BUY,25,69.46
2026-01-23 18:24,IJR,ETF,BUY,29,127.82
2026-01-23 18:24,VIG,ETF,BUY,12,222.7
2026-01-23 18:24,VYM,ETF,BUY,26,147.33
2026-01-23 18:24,SCHD,ETF,BUY,27,29.07
2026-01-23 18:24,XLK,ETF,SELL,12,145.18
2026-01-23 18:24,VT,ETF,BUY,15,145.0
2026-01-23 18:24,ACWI,ETF,BUY,14,144.95
2026-01-23 19:20,AAPL,Stock,SELL,26,247.66
2026-01-23 19:20,MSFT,Stock,SELL,25,469.61
2026-01-23 19:20,NVDA,Stock,BUY,12,187.88
2026-01-23 19:20,AMZN,Stock,BUY,9,239.7
2026-01-23 19:20,GOOGL,Stock,SELL,25,329.29
2026-01-23 19:20,GOOG,Stock,SELL,25,329.78
2026-01-23 19:20,TSLA,Stock,BUY,16,447.78
2026-01-23 19:20,META,Stock,SELL,14,665.82
2026-01-23 19:20,ADBE,Stock,SELL,28,300.48
2026-01-23 19:20,AMD,Stock,BUY,27,256.56
2026-01-23 19:20,INTC,Stock,BUY,28,44.65
2026-01-23 19:20,CSCO,Stock,SELL,18,74.57
2026-01-23 19:20,QCOM,Stock,SELL,18,155.47
2026-01-23 19:20,CRM,Stock,SELL,17,228.71
2026-01-23 19:20,AVGO,Stock,SELL,25,320.07
2026-01-23 19:20,ORCL,Stock,SELL,25,177.04
2026-01-23 19:20,IBM,Stock,SELL,15,292.61
2026-01-23 19:20,TXN,Stock,BUY,26,191.68
2026-01-23 19:20,AMGN,Stock,BUY,23,344.64
2026-01-23 19:20,HON,Stock,BUY,50,222.76
2026-01-23 19:20,PEP,Stock,SELL,9,144.02
2026-01-23 19:20,KO,Stock,BUY,21,72.41
2026-01-23 19:20,MCD,Stock,BUY,12,308.36
2026-01-23 19:20,WMT,Stock,BUY,26,117.73
2026-01-23 19:20,CAT,Stock,BUY,25,626.52
2026-01-23 19:20,JNJ,Stock,BUY,31,219.74
2026-01-23 19:20,V,Stock,SELL,28,326.02
2026-01-23 19:20,HD,Stock,BUY,36,383.45
2026-01-23 19:20,BAC,Stock,BUY,14,51.69
2026-01-23 19:20,JPM,Stock,SELL,14,297.61
2026-01-23 19:20,UNH,Stock,BUY,28,355.7
2026-01-23 19:20,CVX,Stock,BUY,25,167.2
2026-01-23 19:20,XOM,Stock,BUY,20,135.29
2026-01-23 19:20,NFLX,Stock,SELL,23,85.64
2026-01-23 19:20,LMT,Stock,BUY,45,589.47
2026-01-23 19:20,BLK,Stock,BUY,27,1128.35
2026-01-23 19:20,SPGI,Stock,BUY,15,532.61
2026-01-23 19:20,MS,Stock,BUY,14,179.32
2026-01-23 19:20,RTX,Stock,BUY,27,195.9
2026-01-23 19:20,SPY,ETF,BUY,11,689.78
2026-01-23 19:20,VOO,ETF,BUY,12,634.38
2026-01-23 19:20,IVV,ETF,BUY,12,692.82
2026-01-23 19:20,VTI,ETF,BUY,13,340.85
2026-01-23 19:20,QQQ,ETF,BUY,12,623.37
2026-01-23 19:20,VUG,ETF,SELL,25,484.23
2026-01-23 19:20,VEA,ETF,BUY,26,65.76
2026-01-23 19:20,VTV,ETF,BUY,29,197.54
2026-01-23 19:20,IEFA,ETF,BUY,24,93.3
2026-01-23 19:20,AGG,ETF,SELL,20,100.04
2026-01-23 19:20,IEMG,ETF,BUY,25,72.41
2026-01-23 19:20,IJH,ETF,BUY,25,69.63
2026-01-23 19:20,IJR,ETF,BUY,29,128.12
2026-01-23 19:20,VIG,ETF,BUY,12,223.05
2026-01-23 19:20,VYM,ETF,BUY,26,147.55
2026-01-23 19:20,SCHD,ETF,BUY,27,29.1
2026-01-23 19:20,XLK,ETF,SELL,12,145.18
2026-01-23 19:20,VT,ETF,BUY,15,145.26
2026-01-23 19:20,ACWI,ETF,BUY,14,145.18
2026-01-23 20:18,AAPL,Stock,SELL,26,248.39
2026-01-23 20:18,MSFT,Stock,SELL,25,467.29
2026-01-23 20:18,NVDA,Stock,BUY,12,187.54
2026-01-23 20:18,AMZN,Stock,BUY,9,239.46
2026-01-23 20:18,GOOGL,Stock,SELL,25,328.49
2026-01-23 20:18,GOOG,Stock,SELL,25,328.91
2026-01-23 20:18,TSLA,Stock,BUY,16,447.71
2026-01-23 20:18,META,Stock,SELL,14,662.61
2026-01-23 20:18,ADBE,Stock,SELL,28,299.43
2026-01-23 20:18,AMD,Stock,BUY,27,259.51
2026-01-23 20:18,INTC,Stock,BUY,28,44.96
2026-01-23 20:18,CSCO,Stock,SELL,18,74.64
2026-01-23 20:18,QCOM,Stock,SELL,18,155.35
2026-01-23 20:18,CRM,Stock,SELL,17,227.71
2026-01-23 20:18,AVGO,Stock,SELL,25,318.94
2026-01-23 20:18,ORCL,Stock,SELL,25,176.35
2026-01-23 20:18,IBM,Stock,SELL,15,291.95
2026-01-23 20:18,TXN,Stock,BUY,26,191.78
2026-01-23 20:18,AMGN,Stock,BUY,23,344.32
2026-01-23 20:18,HON,Stock,BUY,50,222.09
2026-01-23 20:18,PEP,Stock,SELL,9,144.24
2026-01-23 20:18,KO,Stock,BUY,21,72.62
2026-01-23 20:18,MCD,Stock,BUY,12,309.2
2026-01-23 20:18,WMT,Stock,BUY,26,118.28
2026-01-23 20:18,CAT,Stock,BUY,25,626.17
2026-01-23 20:18,JNJ,Stock,BUY,31,220.76
2026-01-23 20:19,V,Stock,SELL,28,326.4
2026-01-23 20:19,HD,Stock,BUY,36,383.77
2026-01-23 20:19,BAC,Stock,BUY,14,51.67
2026-01-23 20:19,JPM,Stock,SELL,14,297.82
2026-01-23 20:19,UNH,Stock,BUY,28,356.02
2026-01-23 20:19,CVX,Stock,BUY,25,167.32
2026-01-23 20:19,XOM,Stock,BUY,20,135.62
2026-01-23 20:19,NFLX,Stock,SELL,23,85.56
2026-01-23 20:19,LMT,Stock,BUY,45,590.24
2026-01-23 20:19,BLK,Stock,BUY,27,1127.76
2026-01-23 20:19,SPGI,Stock,BUY,15,533.14
2026-01-23 20:19,MS,Stock,BUY,14,179.15
2026-01-23 20:19,RTX,Stock,BUY,27,195.5
2026-01-23 20:19,SPY,ETF,BUY,11,689.49
2026-01-23 20:19,VOO,ETF,BUY,12,634.11
2026-01-23 20:19,IVV,ETF,BUY,12,692.55
2026-01-23 20:19,VTI,ETF,BUY,13,340.62
2026-01-23 20:19,QQQ,ETF,BUY,12,622.97
2026-01-23 20:19,VUG,ETF,SELL,25,483.67
2026-01-23 20:19,VEA,ETF,BUY,26,65.81
2026-01-23 20:19,VTV,ETF,BUY,29,197.64
2026-01-23 20:19,IEFA,ETF,BUY,24,93.36
2026-01-23 20:19,AGG,ETF,BUY,10,100.14
2026-01-23 20:19,IEMG,ETF,BUY,25,72.49
2026-01-23 20:19,IJH,ETF,BUY,25,69.6
2026-01-23 20:19,IJR,ETF,BUY,29,128.04
2026-01-23 20:19,VIG,ETF,BUY,12,223.1
2026-01-23 20:19,VYM,ETF,BUY,26,147.63
2026-01-23 20:19,SCHD,ETF,BUY,27,29.14
2026-01-23 20:19,XLK,ETF,SELL,12,145.02
2026-01-23 20:19,VT,ETF,BUY,15,145.26
2026-01-23 20:19,ACWI,ETF,BUY,14,145.2
2026-01-23 21:15,AAPL,Stock,SELL,20,248.04
2026-01-23 21:15,MSFT,Stock,SELL,24,465.95
2026-01-23 21:15,NVDA,Stock,BUY,10,187.67
2026-01-23 21:15,AMZN,Stock,SELL,7,239.16
2026-01-23 21:15,GOOGL,Stock,SELL,25,327.93
2026-01-23 21:15,GOOG,Stock,SELL,25,328.43
2026-01-23 21:15,TSLA,Stock,BUY,15,449.06
2026-01-23 21:15,META,Stock,SELL,14,658.76
2026-01-23 21:15,ADBE,Stock,SELL,28,301.07
2026-01-23 21:15,AMD,Stock,BUY,26,259.68
2026-01-23 21:15,INTC,Stock,BUY,28,45.07
2026-01-23 21:15,CSCO,Stock,SELL,17,74.59
2026-01-23 21:15,QCOM,Stock,SELL,15,155.82
2026-01-23 21:15,CRM,Stock,SELL,18,228.05
2026-01-23 21:15,AVGO,Stock,SELL,25,320.05
2026-01-23 21:15,ORCL,Stock,SELL,24,177.16
2026-01-23 21:15,IBM,Stock,SELL,13,292.44
2026-01-23 21:15,TXN,Stock,BUY,26,193.31
2026-01-23 21:15,AMGN,Stock,BUY,22,344.75
2026-01-23 21:15,HON,Stock,BUY,45,221.46
2026-01-23 21:15,PEP,Stock,BUY,8,144.58
2026-01-23 21:15,KO,Stock,BUY,20,72.88
2026-01-23 21:15,MCD,Stock,BUY,13,309.25
2026-01-23 21:15,WMT,Stock,BUY,25,117.73
2026-01-23 21:15,CAT,Stock,BUY,25,626.62
2026-01-23 21:15,JNJ,Stock,BUY,31,220.14
2026-01-23 21:15,V,Stock,SELL,27,326.18
2026-01-23 21:15,HD,Stock,BUY,37,383.77
2026-01-23 21:15,BAC,Stock,BUY,14,51.72
2026-01-23 21:15,JPM,Stock,SELL,12,297.72
2026-01-23 21:15,UNH,Stock,BUY,25,356.26
2026-01-23 21:15,CVX,Stock,BUY,23,166.72
2026-01-23 21:15,XOM,Stock,BUY,22,134.97
2026-01-23 21:15,NFLX,Stock,SELL,25,86.12
2026-01-23 21:15,LMT,Stock,BUY,45,590.82
2026-01-23 21:15,BLK,Stock,BUY,25,1129.91
2026-01-23 21:15,SPGI,Stock,BUY,15,533.61
2026-01-23 21:15,MS,Stock,BUY,14,179.0
2026-01-23 21:15,RTX,Stock,BUY,26,195.93
2026-01-23 21:15,SPY,ETF,BUY,11,689.23
2026-01-23 21:15,VOO,ETF,BUY,12,633.83
2026-01-23 21:15,IVV,ETF,BUY,12,692.24
2026-01-23 21:15,VTI,ETF,BUY,13,340.56
2026-01-23 21:15,QQQ,ETF,BUY,12,622.72
2026-01-23 21:15,VUG,ETF,HOLD,0,483.5
2026-01-23 21:15,VEA,ETF,BUY,27,65.78
2026-01-23 21:15,VTV,ETF,BUY,29,197.59
2026-01-23 21:15,IEFA,ETF,BUY,22,93.33
2026-01-23 21:15,AGG,ETF,SELL,11,100.11
2026-01-23 21:15,IEMG,ETF,BUY,27,72.4
2026-01-23 21:15,IJH,ETF,BUY,22,69.64
2026-01-23 21:15,IJR,ETF,BUY,27,128.09
2026-01-23 21:15,VIG,ETF,BUY,12,223.14
2026-01-23 21:15,VYM,ETF,BUY,25,147.69
2026-01-23 21:15,SCHD,ETF,BUY,25,29.14
2026-01-23 21:15,XLK,ETF,SELL,12,145.09
2026-01-23 21:15,VT,ETF,BUY,14,145.2
2026-01-23 21:15,ACWI,ETF,BUY,14,145.16
2026-01-23 22:13,AAPL,Stock,SELL,20,248.04
2026-01-23 22:13,MSFT,Stock,SELL,24,465.95
2026-01-23 22:13,NVDA,Stock,BUY,10,187.67
2026-01-23 22:13,AMZN,Stock,SELL,7,239.16
2026-01-23 22:13,GOOGL,Stock,SELL,25,327.93
2026-01-23 22:13,GOOG,Stock,SELL,25,328.43
2026-01-23 22:13,TSLA,Stock,BUY,15,449.06
2026-01-23 22:13,META,Stock,SELL,14,658.76
2026-01-23 22:13,ADBE,Stock,SELL,28,301.07
2026-01-23 22:13,AMD,Stock,BUY,26,259.68
2026-01-23 22:13,INTC,Stock,BUY,28,45.07
2026-01-23 22:13,CSCO,Stock,SELL,17,74.59
2026-01-23 22:13,QCOM,Stock,SELL,15,155.82
2026-01-23 22:13,CRM,Stock,SELL,18,228.05
2026-01-23 22:13,AVGO,Stock,SELL,25,320.05
2026-01-23 22:13,ORCL,Stock,SELL,24,177.16
2026-01-23 22:13,IBM,Stock,SELL,13,292.44
2026-01-23 22:13,TXN,Stock,BUY,26,193.31
2026-01-23 22:13,AMGN,Stock,BUY,22,344.75
2026-01-23 22:13,HON,Stock,BUY,45,221.46
2026-01-23 22:13,PEP,Stock,BUY,8,144.58
2026-01-23 22:13,KO,Stock,BUY,20,72.88
2026-01-23 22:13,MCD,Stock,BUY,13,309.25
2026-01-23 22:13,WMT,Stock,BUY,25,117.73
2026-01-23 22:13,CAT,Stock,BUY,25,626.62
2026-01-23 22:13,JNJ,Stock,BUY,31,220.14
2026-01-23 22:13,V,Stock,SELL,27,326.18
2026-01-23 22:13,HD,Stock,BUY,37,383.77
2026-01-23 22:13,BAC,Stock,BUY,14,51.72
2026-01-23 22:13,JPM,Stock,SELL,12,297.72
2026-01-23 22:13,UNH,Stock,BUY,25,356.26
2026-01-23 22:13,CVX,Stock,BUY,23,166.72
2026-01-23 22:13,XOM,Stock,BUY,22,134.97
2026-01-23 22:13,NFLX,Stock,SELL,25,86.12
2026-01-23 22:13,LMT,Stock,BUY,45,590.82
2026-01-23 22:13,BLK,Stock,BUY,25,1129.91
2026-01-23 22:13,SPGI,Stock,BUY,15,533.61
2026-01-23 22:13,MS,Stock,BUY,14,179.0
2026-01-23 22:13,RTX,Stock,BUY,26,195.93
2026-01-23 22:13,SPY,ETF,BUY,11,689.23
2026-01-23 22:13,VOO,ETF,BUY,12,633.83
2026-01-23 22:13,IVV,ETF,BUY,12,692.24
2026-01-23 22:13,VTI,ETF,BUY,13,340.56
2026-01-23 22:13,QQQ,ETF,BUY,12,622.72
2026-01-23 22:13,VUG,ETF,HOLD,0,483.5
2026-01-23 22:13,VEA,ETF,BUY,27,65.78
2026-01-23 22:13,VTV,ETF,BUY,29,197.59
2026-01-23 22:13,IEFA,ETF,BUY,22,93.33
2026-01-23 22:13,AGG,ETF,SELL,11,100.11
2026-01-23 22:13,IEMG,ETF,BUY,27,72.4
2026-01-23 22:13,IJH,ETF,BUY,22,69.64
2026-01-23 22:13,IJR,ETF,BUY,27,128.09
2026-01-23 22:13,VIG,ETF,BUY,12,223.14
2026-01-23 22:13,VYM,ETF,BUY,25,147.69
2026-01-23 22:13,SCHD,ETF,BUY,25,29.14
2026-01-23 22:13,XLK,ETF,SELL,12,145.09
2026-01-23 22:13,VT,ETF,BUY,14,145.2
2026-01-23 22:13,ACWI,ETF,BUY,14,145.16
2026-01-23 23:16,AAPL,Stock,SELL,20,248.04
2026-01-23 23:16,MSFT,Stock,SELL,24,465.95
2026-01-23 23:16,NVDA,Stock,BUY,10,187.67
2026-01-23 23:16,AMZN,Stock,SELL,7,239.16
2026-01-23 23:16,GOOGL,Stock,SELL,25,327.93
2026-01-23 23:16,GOOG,Stock,SELL,25,328.43
2026-01-23 23:16,TSLA,Stock,BUY,15,449.06
2026-01-23 23:16,META,Stock,SELL,14,658.76
2026-01-23 23:16,ADBE,Stock,SELL,28,301.07
2026-01-23 23:16,AMD,Stock,BUY,26,259.68
2026-01-23 23:16,INTC,Stock,BUY,28,45.07
2026-01-23 23:16,CSCO,Stock,SELL,17,74.59
2026-01-23 23:16,QCOM,Stock,SELL,15,155.82
2026-01-23 23:16,CRM,Stock,SELL,18,228.05
2026-01-23 23:16,AVGO,Stock,SELL,25,320.05
2026-01-23 23:16,ORCL,Stock,SELL,24,177.16
2026-01-23 23:16,IBM,Stock,SELL,13,292.44
2026-01-23 23:16,TXN,Stock,BUY,26,193.31
2026-01-23 23:16,AMGN,Stock,BUY,22,344.75
2026-01-23 23:16,HON,Stock,BUY,45,221.46
2026-01-23 23:16,PEP,Stock,BUY,8,144.58
2026-01-23 23:16,KO,Stock,BUY,20,72.88
2026-01-23 23:16,MCD,Stock,BUY,13,309.25
2026-01-23 23:16,WMT,Stock,BUY,25,117.73
2026-01-23 23:16,CAT,Stock,BUY,25,626.62
2026-01-23 23:16,JNJ,Stock,BUY,31,220.14
2026-01-23 23:16,V,Stock,SELL,27,326.18
2026-01-23 23:16,HD,Stock,BUY,37,383.77
2026-01-23 23:16,BAC,Stock,BUY,14,51.72
2026-01-23 23:16,JPM,Stock,SELL,12,297.72
2026-01-23 23:16,UNH,Stock,BUY,25,356.26
2026-01-23 23:16,CVX,Stock,BUY,23,166.72
2026-01-23 23:16,XOM,Stock,BUY,22,134.97
2026-01-23 23:16,NFLX,Stock,SELL,25,86.12
2026-01-23 23:16,LMT,Stock,BUY,45,590.82
2026-01-23 23:16,BLK,Stock,BUY,25,1129.91
2026-01-23 23:16,SPGI,Stock,BUY,15,533.61
2026-01-23 23:16,MS,Stock,BUY,14,179.0
2026-01-23 23:16,RTX,Stock,BUY,26,195.93
2026-01-23 23:16,SPY,ETF,BUY,11,689.23
2026-01-23 23:16,VOO,ETF,BUY,12,633.83
2026-01-23 23:16,IVV,ETF,BUY,12,692.24
2026-01-23 23:16,VTI,ETF,BUY,13,340.56
2026-01-23 23:16,QQQ,ETF,BUY,12,622.72
2026-01-23 23:16,VUG,ETF,HOLD,0,483.5
2026-01-23 23:16,VEA,ETF,BUY,27,65.78
2026-01-23 23:16,VTV,ETF,BUY,29,197.59
2026-01-23 23:16,IEFA,ETF,BUY,22,93.33
2026-01-23 23:16,AGG,ETF,SELL,11,100.11
2026-01-23 23:16,IEMG,ETF,BUY,27,72.4
2026-01-23 23:16,IJH,ETF,BUY,22,69.64
2026-01-23 23:16,IJR,ETF,BUY,27,128.09
2026-01-23 23:16,VIG,ETF,BUY,12,223.14
2026-01-23 23:16,VYM,ETF,BUY,25,147.69
2026-01-23 23:16,SCHD,ETF,BUY,25,29.14
2026-01-23 23:16,XLK,ETF,SELL,12,145.09
2026-01-23 23:16,VT,ETF,BUY,14,145.2
2026-01-23 23:16,ACWI,ETF,BUY,14,145.16
2026-01-24 01:09,AAPL,Stock,SELL,20,248.04
2026-01-24 01:09,MSFT,Stock,SELL,24,465.95
2026-01-24 01:09,NVDA,Stock,BUY,10,187.67
2026-01-24 01:09,AMZN,Stock,SELL,7,239.16
2026-01-24 01:09,GOOGL,Stock,SELL,25,327.93
2026-01-24 01:09,GOOG,Stock,SELL,25,328.43
2026-01-24 01:09,TSLA,Stock,BUY,15,449.06
2026-01-24 01:09,META,Stock,SELL,14,658.76
2026-01-24 01:09,ADBE,Stock,SELL,28,301.07
2026-01-24 01:09,AMD,Stock,BUY,26,259.68
2026-01-24 01:09,INTC,Stock,BUY,28,45.07
2026-01-24 01:10,CSCO,Stock,SELL,17,74.59
2026-01-24 01:10,QCOM,Stock,SELL,15,155.82
2026-01-24 01:10,CRM,Stock,SELL,18,228.05
2026-01-24 01:10,AVGO,Stock,SELL,25,320.05
2026-01-24 01:10,ORCL,Stock,SELL,24,177.16
2026-01-24 01:10,IBM,Stock,SELL,13,292.44
2026-01-24 01:10,TXN,Stock,BUY,26,193.31
2026-01-24 01:10,AMGN,Stock,BUY,22,344.75
2026-01-24 01:10,HON,Stock,BUY,45,221.46
2026-01-24 01:10,PEP,Stock,BUY,8,144.58
2026-01-24 01:10,KO,Stock,BUY,20,72.88
2026-01-24 01:10,MCD,Stock,BUY,13,309.25
2026-01-24 01:10,WMT,Stock,BUY,25,117.73
2026-01-24 01:10,CAT,Stock,BUY,25,626.62
2026-01-24 01:10,JNJ,Stock,BUY,31,220.14
2026-01-24 01:10,V,Stock,SELL,27,326.18
2026-01-24 01:10,HD,Stock,BUY,37,383.77
2026-01-24 01:10,BAC,Stock,BUY,14,51.72
2026-01-24 01:10,JPM,Stock,SELL,12,297.72
2026-01-24 01:10,UNH,Stock,BUY,25,356.26
2026-01-24 01:10,CVX,Stock,BUY,23,166.72
2026-01-24 01:10,XOM,Stock,BUY,22,134.97
2026-01-24 01:10,NFLX,Stock,SELL,25,86.12
2026-01-24 01:10,LMT,Stock,BUY,45,590.82
2026-01-24 01:10,BLK,Stock,BUY,25,1129.91
2026-01-24 01:10,SPGI,Stock,BUY,15,533.61
2026-01-24 01:10,MS,Stock,BUY,14,179.0
2026-01-24 01:10,RTX,Stock,BUY,26,195.93
2026-01-24 01:10,SPY,ETF,BUY,11,689.23
2026-01-24 01:10,VOO,ETF,BUY,12,633.83
2026-01-24 01:10,IVV,ETF,BUY,12,692.24
2026-01-24 01:10,VTI,ETF,BUY,13,340.56
2026-01-24 01:10,QQQ,ETF,BUY,12,622.72
2026-01-24 01:10,VUG,ETF,HOLD,0,483.5
2026-01-24 01:10,VEA,ETF,BUY,27,65.78
2026-01-24 01:10,VTV,ETF,BUY,29,197.59
2026-01-24 01:10,IEFA,ETF,BUY,22,93.33
2026-01-24 01:10,AGG,ETF,SELL,11,100.11
2026-01-24 01:10,IEMG,ETF,BUY,27,72.4
2026-01-24 01:10,IJH,ETF,BUY,22,69.64
2026-01-24 01:10,IJR,ETF,BUY,27,128.09
2026-01-24 01:10,VIG,ETF,BUY,12,223.14
2026-01-24 01:10,VYM,ETF,BUY,25,147.69
2026-01-24 01:10,SCHD,ETF,BUY,25,29.14
2026-01-24 01:10,XLK,ETF,SELL,12,145.09
2026-01-24 01:10,VT,ETF,BUY,14,145.2
2026-01-24 01:10,ACWI,ETF,BUY,14,145.16
2026-01-24 03:22,AAPL,Stock,SELL,20,248.04
2026-01-24 03:22,MSFT,Stock,SELL,24,465.95
2026-01-24 03:22,NVDA,Stock,BUY,10,187.67
2026-01-24 03:22,AMZN,Stock,SELL,7,239.16
2026-01-24 03:22,GOOGL,Stock,SELL,25,327.93
2026-01-24 03:22,GOOG,Stock,SELL,25,328.43
2026-01-24 03:22,TSLA,Stock,BUY,15,449.06
2026-01-24 03:22,META,Stock,SELL,14,658.76
2026-01-24 03:22,ADBE,Stock,SELL,28,301.07
2026-01-24 03:22,AMD,Stock,BUY,26,259.68
2026-01-24 03:22,INTC,Stock,BUY,28,45.07
2026-01-24 03:22,CSCO,Stock,SELL,17,74.59
2026-01-24 03:22,QCOM,Stock,SELL,15,155.82
2026-01-24 03:22,CRM,Stock,SELL,18,228.05
2026-01-24 03:22,AVGO,Stock,SELL,25,320.05
2026-01-24 03:22,ORCL,Stock,SELL,24,177.16
2026-01-24 03:22,IBM,Stock,SELL,13,292.44
2026-01-24 03:22,TXN,Stock,BUY,26,193.31
2026-01-24 03:22,AMGN,Stock,BUY,22,344.75
2026-01-24 03:22,HON,Stock,BUY,45,221.46
2026-01-24 03:22,PEP,Stock,BUY,8,144.58
2026-01-24 03:22,KO,Stock,BUY,20,72.88
2026-01-24 03:22,MCD,Stock,BUY,13,309.25
2026-01-24 03:22,WMT,Stock,BUY,25,117.73
2026-01-24 03:22,CAT,Stock,BUY,25,626.62
2026-01-24 03:22,JNJ,Stock,BUY,31,220.14
2026-01-24 03:22,V,Stock,SELL,27,326.18
2026-01-24 03:22,HD,Stock,BUY,37,383.77
2026-01-24 03:22,BAC,Stock,BUY,14,51.72
2026-01-24 03:22,JPM,Stock,SELL,12,297.72
2026-01-24 03:22,UNH,Stock,BUY,25,356.26
2026-01-24 03:22,CVX,Stock,BUY,23,166.72
2026-01-24 03:22,XOM,Stock,BUY,22,134.97
2026-01-24 03:22,NFLX,Stock,SELL,25,86.12
2026-01-24 03:22,LMT,Stock,BUY,45,590.82
2026-01-24 03:22,BLK,Stock,BUY,25,1129.91
2026-01-24 03:22,SPGI,Stock,BUY,15,533.61
2026-01-24 03:22,MS,Stock,BUY,14,179.0
2026-01-24 03:22,RTX,Stock,BUY,26,195.93
2026-01-24 03:22,SPY,ETF,BUY,11,689.23
2026-01-24 03:22,VOO,ETF,BUY,12,633.83
2026-01-24 03:22,IVV,ETF,BUY,12,692.24
2026-01-24 03:22,VTI,ETF,BUY,13,340.56
2026-01-24 03:22,QQQ,ETF,BUY,12,622.72
2026-01-24 03:22,VUG,ETF,HOLD,0,483.5
2026-01-24 03:22,VEA,ETF,BUY,27,65.78
2026-01-24 03:22,VTV,ETF,BUY,29,197.59
2026-01-24 03:22,IEFA,ETF,BUY,22,93.33
2026-01-24 03:22,AGG,ETF,SELL,11,100.11
2026-01-24 03:22,IEMG,ETF,BUY,27,72.4
2026-01-24 03:22,IJH,ETF,BUY,22,69.64
2026-01-24 03:22,IJR,ETF,BUY,27,128.09
2026-01-24 03:22,VIG,ETF,BUY,12,223.14
2026-01-24 03:22,VYM,ETF,BUY,25,147.69
2026-01-24 03:22,SCHD,ETF,BUY,25,29.14
2026-01-24 03:22,XLK,ETF,SELL,12,145.09
2026-01-24 03:22,VT,ETF,BUY,14,145.2
2026-01-24 03:22,ACWI,ETF,BUY,14,145.16
2026-01-24 04:31,AAPL,Stock,SELL,20,248.04
2026-01-24 04:31,MSFT,Stock,SELL,24,465.95
2026-01-24 04:31,NVDA,Stock,BUY,10,187.67
2026-01-24 04:31,AMZN,Stock,SELL,7,239.16
2026-01-24 04:31,GOOGL,Stock,SELL,25,327.93
2026-01-24 04:31,GOOG,Stock,SELL,25,328.43
2026-01-24 04:31,TSLA,Stock,BUY,15,449.06
2026-01-24 04:31,META,Stock,SELL,14,658.76
2026-01-24 04:31,ADBE,Stock,SELL,28,301.07
2026-01-24 04:31,AMD,Stock,BUY,26,259.68
2026-01-24 04:31,INTC,Stock,BUY,28,45.07
2026-01-24 04:31,CSCO,Stock,SELL,17,74.59
2026-01-24 04:31,QCOM,Stock,SELL,15,155.82
2026-01-24 04:31,CRM,Stock,SELL,18,228.05
2026-01-24 04:31,AVGO,Stock,SELL,25,320.05
2026-01-24 04:31,ORCL,Stock,SELL,24,177.16
2026-01-24 04:31,IBM,Stock,SELL,13,292.44
2026-01-24 04:31,TXN,Stock,BUY,26,193.31
2026-01-24 04:31,AMGN,Stock,BUY,22,344.75
2026-01-24 04:31,HON,Stock,BUY,45,221.46
2026-01-24 04:31,PEP,Stock,BUY,8,144.58
2026-01-24 04:31,KO,Stock,BUY,20,72.88
2026-01-24 04:31,MCD,Stock,BUY,13,309.25
2026-01-24 04:31,WMT,Stock,BUY,25,117.73
2026-01-24 04:31,CAT,Stock,BUY,25,626.62
2026-01-24 04:31,JNJ,Stock,BUY,31,220.14
2026-01-24 04:31,V,Stock,SELL,27,326.18
2026-01-24 04:31,HD,Stock,BUY,37,383.77
2026-01-24 04:31,BAC,Stock,BUY,14,51.72
2026-01-24 04:31,JPM,Stock,SELL,12,297.72
2026-01-24 04:31,UNH,Stock,BUY,25,356.26
2026-01-24 04:31,CVX,Stock,BUY,23,166.72
2026-01-24 04:31,XOM,Stock,BUY,22,134.97
2026-01-24 04:31,NFLX,Stock,SELL,25,86.12
2026-01-24 04:31,LMT,Stock,BUY,45,590.82
2026-01-24 04:31,BLK,Stock,BUY,25,1129.91
2026-01-24 04:31,SPGI,Stock,BUY,15,533.61
2026-01-24 04:31,MS,Stock,BUY,14,179.0
2026-01-24 04:31,RTX,Stock,BUY,26,195.93
2026-01-24 04:31,SPY,ETF,BUY,11,689.23
2026-01-24 04:31,VOO,ETF,BUY,12,633.83
2026-01-24 04:31,IVV,ETF,BUY,12,692.24
2026-01-24 04:31,VTI,ETF,BUY,13,340.56
2026-01-24 04:31,QQQ,ETF,BUY,12,622.72
2026-01-24 04:31,VUG,ETF,HOLD,0,483.5
2026-01-24 04:31,VEA,ETF,BUY,27,65.78
2026-01-24 04:31,VTV,ETF,BUY,29,197.59
2026-01-24 04:31,IEFA,ETF,BUY,22,93.33
2026-01-24 04:31,AGG,ETF,SELL,11,100.11
2026-01-24 04:31,IEMG,ETF,BUY,27,72.4
2026-01-24 04:31,IJH,ETF,BUY,22,69.64
2026-01-24 04:31,IJR,ETF,BUY,27,128.09
2026-01-24 04:31,VIG,ETF,BUY,12,223.14
2026-01-24 04:31,VYM,ETF,BUY,25,147.69
2026-01-24 04:31,SCHD,ETF,BUY,25,29.14
2026-01-24 04:31,XLK,ETF,SELL,12,145.09
2026-01-24 04:31,VT,ETF,BUY,14,145.2
2026-01-24 04:31,ACWI,ETF,BUY,14,145.16
2026-01-24 05:16,AAPL,Stock,SELL,20,248.04
2026-01-24 05:16,MSFT,Stock,SELL,24,465.95
2026-01-24 05:16,NVDA,Stock,BUY,10,187.67
2026-01-24 05:17,AMZN,Stock,SELL,7,239.16
2026-01-24 05:17,GOOGL,Stock,SELL,25,327.93
2026-01-24 05:17,GOOG,Stock,SELL,25,328.43
2026-01-24 05:17,TSLA,Stock,BUY,15,449.06
2026-01-24 05:17,META,Stock,SELL,14,658.76
2026-01-24 05:17,ADBE,Stock,SELL,28,301.07
2026-01-24 05:17,AMD,Stock,BUY,26,259.68
2026-01-24 05:17,INTC,Stock,BUY,28,45.07
2026-01-24 05:17,CSCO,Stock,SELL,17,74.59
2026-01-24 05:17,QCOM,Stock,SELL,15,155.82
2026-01-24 05:17,CRM,Stock,SELL,18,228.05
2026-01-24 05:17,AVGO,Stock,SELL,25,320.05
2026-01-24 05:17,ORCL,Stock,SELL,24,177.16
2026-01-24 05:17,IBM,Stock,SELL,13,292.44
2026-01-24 05:17,TXN,Stock,BUY,26,193.31
2026-01-24 05:17,AMGN,Stock,BUY,22,344.75
2026-01-24 05:17,HON,Stock,BUY,45,221.46
2026-01-24 05:17,PEP,Stock,BUY,8,144.58
2026-01-24 05:17,KO,Stock,BUY,20,72.88
2026-01-24 05:17,MCD,Stock,BUY,13,309.25
2026-01-24 05:17,WMT,Stock,BUY,25,117.73
2026-01-24 05:17,CAT,Stock,BUY,25,626.62
2026-01-24 05:17,JNJ,Stock,BUY,31,220.14
2026-01-24 05:17,V,Stock,SELL,27,326.18
2026-01-24 05:17,HD,Stock,BUY,37,383.77
2026-01-24 05:17,BAC,Stock,BUY,14,51.72
2026-01-24 05:17,JPM,Stock,SELL,12,297.72
2026-01-24 05:17,UNH,Stock,BUY,25,356.26
2026-01-24 05:17,CVX,Stock,BUY,23,166.72
2026-01-24 05:17,XOM,Stock,BUY,22,134.97
2026-01-24 05:17,NFLX,Stock,SELL,25,86.12
2026-01-24 05:17,LMT,Stock,BUY,45,590.82
2026-01-24 05:17,BLK,Stock,BUY,25,1129.91
2026-01-24 05:17,SPGI,Stock,BUY,15,533.61
2026-01-24 05:17,MS,Stock,BUY,14,179.0
2026-01-24 05:17,RTX,Stock,BUY,26,195.93
2026-01-24 05:17,SPY,ETF,BUY,11,689.23
2026-01-24 05:17,VOO,ETF,BUY,12,633.83
2026-01-24 05:17,IVV,ETF,BUY,12,692.24
2026-01-24 05:17,VTI,ETF,BUY,13,340.56
2026-01-24 05:17,QQQ,ETF,BUY,12,622.72
2026-01-24 05:17,VUG,ETF,HOLD,0,483.5
2026-01-24 05:17,VEA,ETF,BUY,27,65.78
2026-01-24 05:17,VTV,ETF,BUY,29,197.59
2026-01-24 05:17,IEFA,ETF,BUY,22,93.33
2026-01-24 05:17,AGG,ETF,SELL,11,100.11
2026-01-24 05:17,IEMG,ETF,BUY,27,72.4
2026-01-24 05:17,IJH,ETF,BUY,22,69.64
2026-01-24 05:17,IJR,ETF,BUY,27,128.09
2026-01-24 05:17,VIG,ETF,BUY,12,223.14
2026-01-24 05:17,VYM,ETF,BUY,25,147.69
2026-01-24 05:17,SCHD,ETF,BUY,25,29.14
2026-01-24 05:17,XLK,ETF,SELL,12,145.09
2026-01-24 05:17,VT,ETF,BUY,14,145.2
2026-01-24 05:17,ACWI,ETF,BUY,14,145.16
2026-01-24 06:23,AAPL,Stock,SELL,20,248.04
2026-01-24 06:23,MSFT,Stock,SELL,24,465.95
2026-01-24 06:23,NVDA,Stock,BUY,10,187.67
2026-01-24 06:23,AMZN,Stock,SELL,7,239.16
2026-01-24 06:23,GOOGL,Stock,SELL,25,327.93
2026-01-24 06:23,GOOG,Stock,SELL,25,328.43
2026-01-24 06:23,TSLA,Stock,BUY,15,449.06
2026-01-24 06:23,META,Stock,SELL,14,658.76
2026-01-24 06:23,ADBE,Stock,SELL,28,301.07
2026-01-24 06:23,AMD,Stock,BUY,26,259.68
2026-01-24 06:23,INTC,Stock,BUY,28,45.07
2026-01-24 06:23,CSCO,Stock,SELL,17,74.59
2026-01-24 06:23,QCOM,Stock,SELL,15,155.82
2026-01-24 06:23,CRM,Stock,SELL,18,228.05
2026-01-24 06:23,AVGO,Stock,SELL,25,320.05
2026-01-24 06:23,ORCL,Stock,SELL,24,177.16
2026-01-24 06:23,IBM,Stock,SELL,13,292.44
2026-01-24 06:23,TXN,Stock,BUY,26,193.31
2026-01-24 06:23,AMGN,Stock,BUY,22,344.75
2026-01-24 06:23,HON,Stock,BUY,45,221.46
2026-01-24 06:23,PEP,Stock,BUY,8,144.58
2026-01-24 06:23,KO,Stock,BUY,20,72.88
2026-01-24 06:23,MCD,Stock,BUY,13,309.25
2026-01-24 06:23,WMT,Stock,BUY,25,117.73
2026-01-24 06:23,CAT,Stock,BUY,25,626.62
2026-01-24 06:23,JNJ,Stock,BUY,31,220.14
2026-01-24 06:23,V,Stock,SELL,27,326.18
2026-01-24 06:23,HD,Stock,BUY,37,383.77
2026-01-24 06:23,BAC,Stock,BUY,14,51.72
2026-01-24 06:23,JPM,Stock,SELL,12,297.72
2026-01-24 06:23,UNH,Stock,BUY,25,356.26
2026-01-24 06:23,CVX,Stock,BUY,23,166.72
2026-01-24 06:23,XOM,Stock,BUY,22,134.97
2026-01-24 06:23,NFLX,Stock,SELL,25,86.12
2026-01-24 06:23,LMT,Stock,BUY,45,590.82
2026-01-24 06:23,BLK,Stock,BUY,25,1129.91
2026-01-24 06:23,SPGI,Stock,BUY,15,533.61
2026-01-24 06:23,MS,Stock,BUY,14,179.0
2026-01-24 06:23,RTX,Stock,BUY,26,195.93
2026-01-24 06:23,SPY,ETF,BUY,11,689.23
2026-01-24 06:23,VOO,ETF,BUY,12,633.83
2026-01-24 06:23,IVV,ETF,BUY,12,692.24
2026-01-24 06:23,VTI,ETF,BUY,13,340.56
2026-01-24 06:23,QQQ,ETF,BUY,12,622.72
2026-01-24 06:23,VUG,ETF,HOLD,0,483.5
2026-01-24 06:23,VEA,ETF,BUY,27,65.78
2026-01-24 06:23,VTV,ETF,BUY,29,197.59
2026-01-24 06:23,IEFA,ETF,BUY,22,93.33
2026-01-24 06:23,AGG,ETF,SELL,11,100.11
2026-01-24 06:23,IEMG,ETF,BUY,27,72.4
2026-01-24 06:23,IJH,ETF,BUY,22,69.64
2026-01-24 06:23,IJR,ETF,BUY,27,128.09
2026-01-24 06:23,VIG,ETF,BUY,12,223.14
2026-01-24 06:23,VYM,ETF,BUY,25,147.69
2026-01-24 06:23,SCHD,ETF,BUY,25,29.14
2026-01-24 06:23,XLK,ETF,SELL,12,145.09
2026-01-24 06:23,VT,ETF,BUY,14,145.2
2026-01-24 06:23,ACWI,ETF,BUY,14,145.16
2026-01-24 07:15,AAPL,Stock,SELL,20,248.04
2026-01-24 07:15,MSFT,Stock,SELL,24,465.95
2026-01-24 07:15,NVDA,Stock,BUY,10,187.67
2026-01-24 07:15,AMZN,Stock,SELL,7,239.16
2026-01-24 07:15,GOOGL,Stock,SELL,25,327.93
2026-01-24 07:15,GOOG,Stock,SELL,25,328.43
2026-01-24 07:15,TSLA,Stock,BUY,15,449.06
2026-01-24 07:15,META,Stock,SELL,14,658.76
2026-01-24 07:15,ADBE,Stock,SELL,28,301.07
2026-01-24 07:15,AMD,Stock,BUY,26,259.68
2026-01-24 07:15,INTC,Stock,BUY,28,45.07
2026-01-24 07:15,CSCO,Stock,SELL,17,74.59
2026-01-24 07:15,QCOM,Stock,SELL,15,155.82
2026-01-24 07:15,CRM,Stock,SELL,18,228.05
2026-01-24 07:15,AVGO,Stock,SELL,25,320.05
2026-01-24 07:15,ORCL,Stock,SELL,24,177.16
2026-01-24 07:15,IBM,Stock,SELL,13,292.44
2026-01-24 07:15,TXN,Stock,BUY,26,193.31
2026-01-24 07:15,AMGN,Stock,BUY,22,344.75
2026-01-24 07:15,HON,Stock,BUY,45,221.46
2026-01-24 07:15,PEP,Stock,BUY,8,144.58
2026-01-24 07:15,KO,Stock,BUY,20,72.88
2026-01-24 07:15,MCD,Stock,BUY,13,309.25
2026-01-24 07:15,WMT,Stock,BUY,25,117.73
2026-01-24 07:15,CAT,Stock,BUY,25,626.62
2026-01-24 07:15,JNJ,Stock,BUY,31,220.14
2026-01-24 07:15,V,Stock,SELL,27,326.18
2026-01-24 07:15,HD,Stock,BUY,37,383.77
2026-01-24 07:15,BAC,Stock,BUY,14,51.72
2026-01-24 07:15,JPM,Stock,SELL,12,297.72
2026-01-24 07:15,UNH,Stock,BUY,25,356.26
2026-01-24 07:15,CVX,Stock,BUY,23,166.72
2026-01-24 07:15,XOM,Stock,BUY,22,134.97
2026-01-24 07:15,NFLX,Stock,SELL,25,86.12
2026-01-24 07:15,LMT,Stock,BUY,45,590.82
2026-01-24 07:15,BLK,Stock,BUY,25,1129.91
2026-01-24 07:15,SPGI,Stock,BUY,15,533.61
2026-01-24 07:15,MS,Stock,BUY,14,179.0
2026-01-24 07:15,RTX,Stock,BUY,26,195.93
2026-01-24 07:15,SPY,ETF,BUY,11,689.23
2026-01-24 07:15,VOO,ETF,BUY,12,633.83
2026-01-24 07:15,IVV,ETF,BUY,12,692.24
2026-01-24 07:15,VTI,ETF,BUY,13,340.56
2026-01-24 07:15,QQQ,ETF,BUY,12,622.72
2026-01-24 07:15,VUG,ETF,HOLD,0,483.5
2026-01-24 07:15,VEA,ETF,BUY,27,65.78
2026-01-24 07:15,VTV,ETF,BUY,29,197.59
2026-01-24 07:15,IEFA,ETF,BUY,22,93.33
2026-01-24 07:15,AGG,ETF,SELL,11,100.11
2026-01-24 07:16,IEMG,ETF,BUY,27,72.4
2026-01-24 07:16,IJH,ETF,BUY,22,69.64
2026-01-24 07:16,IJR,ETF,BUY,27,128.09
2026-01-24 07:16,VIG,ETF,BUY,12,223.14
2026-01-24 07:16,VYM,ETF,BUY,25,147.69
2026-01-24 07:16,SCHD,ETF,BUY,25,29.14
2026-01-24 07:16,XLK,ETF,SELL,12,145.09
2026-01-24 07:16,VT,ETF,BUY,14,145.2
2026-01-24 07:16,ACWI,ETF,BUY,14,145.16
2026-01-24 08:19,AAPL,Stock,SELL,20,248.04
2026-01-24 08:19,MSFT,Stock,SELL,24,465.95
2026-01-24 08:19,NVDA,Stock,BUY,10,187.67
2026-01-24 08:19,AMZN,Stock,SELL,7,239.16
2026-01-24 08:19,GOOGL,Stock,SELL,25,327.93
2026-01-24 08:19,GOOG,Stock,SELL,25,328.43
2026-01-24 08:19,TSLA,Stock,BUY,15,449.06
2026-01-24 08:19,META,Stock,SELL,14,658.76
2026-01-24 08:19,ADBE,Stock,SELL,28,301.07
2026-01-24 08:19,AMD,Stock,BUY,26,259.68
2026-01-24 08:19,INTC,Stock,BUY,28,45.07
2026-01-24 08:19,CSCO,Stock,SELL,17,74.59
2026-01-24 08:19,QCOM,Stock,SELL,15,155.82
2026-01-24 08:19,CRM,Stock,SELL,18,228.05
2026-01-24 08:19,AVGO,Stock,SELL,25,320.05
2026-01-24 08:19,ORCL,Stock,SELL,24,177.16
2026-01-24 08:19,IBM,Stock,SELL,13,292.44
2026-01-24 08:19,TXN,Stock,BUY,26,193.31
2026-01-24 08:19,AMGN,Stock,BUY,22,344.75
2026-01-24 08:19,HON,Stock,BUY,45,221.46
2026-01-24 08:19,PEP,Stock,BUY,8,144.58
2026-01-24 08:19,KO,Stock,BUY,20,72.88
2026-01-24 08:19,MCD,Stock,BUY,13,309.25
2026-01-24 08:19,WMT,Stock,BUY,25,117.73
2026-01-24 08:19,CAT,Stock,BUY,25,626.62
2026-01-24 08:19,JNJ,Stock,BUY,31,220.14
2026-01-24 08:19,V,Stock,SELL,27,326.18
2026-01-24 08:19,HD,Stock,BUY,37,383.77
2026-01-24 08:19,BAC,Stock,BUY,14,51.72
2026-01-24 08:19,JPM,Stock,SELL,12,297.72
2026-01-24 08:19,UNH,Stock,BUY,25,356.26
2026-01-24 08:19,CVX,Stock,BUY,23,166.72
2026-01-24 08:19,XOM,Stock,BUY,22,134.97
2026-01-24 08:19,NFLX,Stock,SELL,25,86.12
2026-01-24 08:19,LMT,Stock,BUY,45,590.82
2026-01-24 08:19,BLK,Stock,BUY,25,1129.91
2026-01-24 08:19,SPGI,Stock,BUY,15,533.61
2026-01-24 08:19,MS,Stock,BUY,14,179.0
2026-01-24 08:19,RTX,Stock,BUY,26,195.93
2026-01-24 08:19,SPY,ETF,BUY,11,689.23
2026-01-24 08:19,VOO,ETF,BUY,12,633.83
2026-01-24 08:19,IVV,ETF,BUY,12,692.24
2026-01-24 08:19,VTI,ETF,BUY,13,340.56
2026-01-24 08:19,QQQ,ETF,BUY,12,622.72
2026-01-24 08:19,VUG,ETF,HOLD,0,483.5
2026-01-24 08:19,VEA,ETF,BUY,27,65.78
2026-01-24 08:19,VTV,ETF,BUY,29,197.59
2026-01-24 08:19,IEFA,ETF,BUY,22,93.33
2026-01-24 08:19,AGG,ETF,SELL,11,100.11
2026-01-24 08:19,IEMG,ETF,BUY,27,72.4
2026-01-24 08:19,IJH,ETF,BUY,22,69.64
2026-01-24 08:19,IJR,ETF,BUY,27,128.09
2026-01-24 08:19,VIG,ETF,BUY,12,223.14
2026-01-24 08:19,VYM,ETF,BUY,25,147.69
2026-01-24 08:19,SCHD,ETF,BUY,25,29.14
2026-01-24 08:19,XLK,ETF,SELL,12,145.09
2026-01-24 08:19,VT,ETF,BUY,14,145.2
2026-01-24 08:19,ACWI,ETF,BUY,14,145.16
2026-01-24 09:15,AAPL,Stock,SELL,20,248.04
2026-01-24 09:15,MSFT,Stock,SELL,24,465.95
2026-01-24 09:15,NVDA,Stock,BUY,10,187.67
2026-01-24 09:15,AMZN,Stock,SELL,7,239.16
2026-01-24 09:15,GOOGL,Stock,SELL,25,327.93
2026-01-24 09:15,GOOG,Stock,SELL,25,328.43
2026-01-24 09:15,TSLA,Stock,BUY,15,449.06
2026-01-24 09:15,META,Stock,SELL,14,658.76
2026-01-24 09:15,ADBE,Stock,SELL,28,301.07
2026-01-24 09:15,AMD,Stock,BUY,26,259.68
2026-01-24 09:15,INTC,Stock,BUY,28,45.07
2026-01-24 09:15,CSCO,Stock,SELL,17,74.59
2026-01-24 09:15,QCOM,Stock,SELL,15,155.82
2026-01-24 09:15,CRM,Stock,SELL,18,228.05
2026-01-24 09:15,AVGO,Stock,SELL,25,320.05
2026-01-24 09:15,ORCL,Stock,SELL,24,177.16
2026-01-24 09:15,IBM,Stock,SELL,13,292.44
2026-01-24 09:15,TXN,Stock,BUY,26,193.31
2026-01-24 09:15,AMGN,Stock,BUY,22,344.75
2026-01-24 09:15,HON,Stock,BUY,45,221.46
2026-01-24 09:15,PEP,Stock,BUY,8,144.58
2026-01-24 09:15,KO,Stock,BUY,20,72.88
2026-01-24 09:15,MCD,Stock,BUY,13,309.25
2026-01-24 09:15,WMT,Stock,BUY,25,117.73
2026-01-24 09:15,CAT,Stock,BUY,25,626.62
2026-01-24 09:15,JNJ,Stock,BUY,31,220.14
2026-01-24 09:15,V,Stock,SELL,27,326.18
2026-01-24 09:15,HD,Stock,BUY,37,383.77
2026-01-24 09:15,BAC,Stock,BUY,14,51.72
2026-01-24 09:15,JPM,Stock,SELL,12,297.72
2026-01-24 09:15,UNH,Stock,BUY,25,356.26
2026-01-24 09:15,CVX,Stock,BUY,23,166.72
2026-01-24 09:15,XOM,Stock,BUY,22,134.97
2026-01-24 09:15,NFLX,Stock,SELL,25,86.12
2026-01-24 09:15,LMT,Stock,BUY,45,590.82
2026-01-24 09:15,BLK,Stock,BUY,25,1129.91
2026-01-24 09:15,SPGI,Stock,BUY,15,533.61
2026-01-24 09:15,MS,Stock,BUY,14,179.0
2026-01-24 09:15,RTX,Stock,BUY,26,195.93
2026-01-24 09:15,SPY,ETF,BUY,11,689.23
2026-01-24 09:15,VOO,ETF,BUY,12,633.83
2026-01-24 09:15,IVV,ETF,BUY,12,692.24
2026-01-24 09:15,VTI,ETF,BUY,13,340.56
2026-01-24 09:15,QQQ,ETF,BUY,12,622.72
2026-01-24 09:15,VUG,ETF,HOLD,0,483.5
2026-01-24 09:15,VEA,ETF,BUY,27,65.78
2026-01-24 09:15,VTV,ETF,BUY,29,197.59
2026-01-24 09:15,IEFA,ETF,BUY,22,93.33
2026-01-24 09:15,AGG,ETF,SELL,11,100.11
2026-01-24 09:15,IEMG,ETF,BUY,27,72.4
2026-01-24 09:15,IJH,ETF,BUY,22,69.64
2026-01-24 09:15,IJR,ETF,BUY,27,128.09
2026-01-24 09:15,VIG,ETF,BUY,12,223.14
2026-01-24 09:15,VYM,ETF,BUY,25,147.69
2026-01-24 09:15,SCHD,ETF,BUY,25,29.14
2026-01-24 09:15,XLK,ETF,SELL,12,145.09
2026-01-24 09:15,VT,ETF,BUY,14,145.2
2026-01-24 09:15,ACWI,ETF,BUY,14,145.16
2026-01-24 10:15,AAPL,Stock,SELL,20,248.04
2026-01-24 10:15,MSFT,Stock,SELL,24,465.95
2026-01-24 10:15,NVDA,Stock,BUY,10,187.67
2026-01-24 10:15,AMZN,Stock,SELL,7,239.16
2026-01-24 10:15,GOOGL,Stock,SELL,25,327.93
2026-01-24 10:15,GOOG,Stock,SELL,25,328.43
2026-01-24 10:15,TSLA,Stock,BUY,15,449.06
2026-01-24 10:15,META,Stock,SELL,14,658.76
2026-01-24 10:15,ADBE,Stock,SELL,28,301.07
2026-01-24 10:15,AMD,Stock,BUY,26,259.68
2026-01-24 10:15,INTC,Stock,BUY,28,45.07
2026-01-24 10:15,CSCO,Stock,SELL,17,74.59
2026-01-24 10:15,QCOM,Stock,SELL,15,155.82
2026-01-24 10:15,CRM,Stock,SELL,18,228.05
2026-01-24 10:15,AVGO,Stock,SELL,25,320.05
2026-01-24 10:15,ORCL,Stock,SELL,24,177.16
2026-01-24 10:15,IBM,Stock,SELL,13,292.44
2026-01-24 10:15,TXN,Stock,BUY,26,193.31
2026-01-24 10:15,AMGN,Stock,BUY,22,344.75
2026-01-24 10:15,HON,Stock,BUY,45,221.46
2026-01-24 10:15,PEP,Stock,BUY,8,144.58
2026-01-24 10:15,KO,Stock,BUY,20,72.88
2026-01-24 10:15,MCD,Stock,BUY,13,309.25
2026-01-24 10:15,WMT,Stock,BUY,25,117.73
2026-01-24 10:15,CAT,Stock,BUY,25,626.62
2026-01-24 10:15,JNJ,Stock,BUY,31,220.14
2026-01-24 10:15,V,Stock,SELL,27,326.18
2026-01-24 10:15,HD,Stock,BUY,37,383.77
2026-01-24 10:15,BAC,Stock,BUY,14,51.72
2026-01-24 10:15,JPM,Stock,SELL,12,297.72
2026-01-24 10:15,UNH,Stock,BUY,25,356.26
2026-01-24 10:15,CVX,Stock,BUY,23,166.72
2026-01-24 10:15,XOM,Stock,BUY,22,134.97
2026-01-24 10:15,NFLX,Stock,SELL,25,86.12
2026-01-24 10:15,LMT,Stock,BUY,45,590.82
2026-01-24 10:15,BLK,Stock,BUY,25,1129.91
2026-01-24 10:15,SPGI,Stock,BUY,15,533.61
2026-01-24 10:15,MS,Stock,BUY,14,179.0
2026-01-24 10:15,RTX,Stock,BUY,26,195.93
2026-01-24 10:15,SPY,ETF,BUY,11,689.23
2026-01-24 10:15,VOO,ETF,BUY,12,633.83
2026-01-24 10:15,IVV,ETF,BUY,12,692.24
2026-01-24 10:15,VTI,ETF,BUY,13,340.56
2026-01-24 10:15,QQQ,ETF,BUY,12,622.72
2026-01-24 10:15,VUG,ETF,HOLD,0,483.5
2026-01-24 10:15,VEA,ETF,BUY,27,65.78
2026-01-24 10:15,VTV,ETF,BUY,29,197.59
2026-01-24 10:15,IEFA,ETF,BUY,22,93.33
2026-01-24 10:15,AGG,ETF,SELL,11,100.11
2026-01-24 10:15,IEMG,ETF,BUY,27,72.4
2026-01-24 10:15,IJH,ETF,BUY,22,69.64
2026-01-24 10:15,IJR,ETF,BUY,27,128.09
2026-01-24 10:15,VIG,ETF,BUY,12,223.14
2026-01-24 10:15,VYM,ETF,BUY,25,147.69
2026-01-24 10:15,SCHD,ETF,BUY,25,29.14
2026-01-24 10:15,XLK,ETF,SELL,12,145.09
2026-01-24 10:15,VT,ETF,BUY,14,145.2
2026-01-24 10:15,ACWI,ETF,BUY,14,145.16
2026-01-24 11:13,AAPL,Stock,SELL,20,248.04
2026-01-24 11:13,MSFT,Stock,SELL,24,465.95
2026-01-24 11:13,NVDA,Stock,BUY,10,187.67
2026-01-24 11:13,AMZN,Stock,SELL,7,239.16
2026-01-24 11:13,GOOGL,Stock,SELL,25,327.93
2026-01-24 11:13,GOOG,Stock,SELL,25,328.43
2026-01-24 11:13,TSLA,Stock,BUY,15,449.06
2026-01-24 11:13,META,Stock,SELL,14,658.76
2026-01-24 11:13,ADBE,Stock,SELL,28,301.07
2026-01-24 11:13,AMD,Stock,BUY,26,259.68
2026-01-24 11:13,INTC,Stock,BUY,28,45.07
2026-01-24 11:13,CSCO,Stock,SELL,17,74.59
2026-01-24 11:13,QCOM,Stock,SELL,15,155.82
2026-01-24 11:13,CRM,Stock,SELL,18,228.05
2026-01-24 11:13,AVGO,Stock,SELL,25,320.05
2026-01-24 11:13,ORCL,Stock,SELL,24,177.16
2026-01-24 11:13,IBM,Stock,SELL,13,292.44
2026-01-24 11:13,TXN,Stock,BUY,26,193.31
2026-01-24 11:13,AMGN,Stock,BUY,22,344.75
2026-01-24 11:13,HON,Stock,BUY,45,221.46
2026-01-24 11:13,PEP,Stock,BUY,8,144.58
2026-01-24 11:13,KO,Stock,BUY,20,72.88
2026-01-24 11:13,MCD,Stock,BUY,13,309.25
2026-01-24 11:13,WMT,Stock,BUY,25,117.73
2026-01-24 11:13,CAT,Stock,BUY,25,626.62
2026-01-24 11:13,JNJ,Stock,BUY,31,220.14
2026-01-24 11:13,V,Stock,SELL,27,326.18
2026-01-24 11:13,HD,Stock,BUY,37,383.77
2026-01-24 11:13,BAC,Stock,BUY,14,51.72
2026-01-24 11:13,JPM,Stock,SELL,12,297.72
2026-01-24 11:13,UNH,Stock,BUY,25,356.26
2026-01-24 11:13,CVX,Stock,BUY,23,166.72
2026-01-24 11:13,XOM,Stock,BUY,22,134.97
2026-01-24 11:13,NFLX,Stock,SELL,25,86.12
2026-01-24 11:13,LMT,Stock,BUY,45,590.82
2026-01-24 11:13,BLK,Stock,BUY,25,1129.91
2026-01-24 11:13,SPGI,Stock,BUY,15,533.61
2026-01-24 11:13,MS,Stock,BUY,14,179.0
2026-01-24 11:13,RTX,Stock,BUY,26,195.93
2026-01-24 11:13,SPY,ETF,BUY,11,689.23
2026-01-24 11:13,VOO,ETF,BUY,12,633.83
2026-01-24 11:13,IVV,ETF,BUY,12,692.24
2026-01-24 11:13,VTI,ETF,BUY,13,340.56
2026-01-24 11:13,QQQ,ETF,BUY,12,622.72
2026-01-24 11:13,VUG,ETF,HOLD,0,483.5
2026-01-24 11:13,VEA,ETF,BUY,27,65.78
2026-01-24 11:13,VTV,ETF,BUY,29,197.59
2026-01-24 11:13,IEFA,ETF,BUY,22,93.33
2026-01-24 11:13,AGG,ETF,SELL,11,100.11
2026-01-24 11:13,IEMG,ETF,BUY,27,72.4
2026-01-24 11:13,IJH,ETF,BUY,22,69.64
2026-01-24 11:13,IJR,ETF,BUY,27,128.09
2026-01-24 11:13,VIG,ETF,BUY,12,223.14
2026-01-24 11:13,VYM,ETF,BUY,25,147.69
2026-01-24 11:13,SCHD,ETF,BUY,25,29.14
2026-01-24 11:13,XLK,ETF,SELL,12,145.09
2026-01-24 11:13,VT,ETF,BUY,14,145.2
2026-01-24 11:13,ACWI,ETF,BUY,14,145.16
2026-01-24 12:28,AAPL,Stock,SELL,20,248.04
2026-01-24 12:28,MSFT,Stock,SELL,24,465.95
2026-01-24 12:28,NVDA,Stock,BUY,10,187.67
2026-01-24 12:28,AMZN,Stock,SELL,7,239.16
2026-01-24 12:28,GOOGL,Stock,SELL,25,327.93
2026-01-24 12:28,GOOG,Stock,SELL,25,328.43
2026-01-24 12:28,TSLA,Stock,BUY,15,449.06
2026-01-24 12:28,META,Stock,SELL,14,658.76
2026-01-24 12:28,ADBE,Stock,SELL,28,301.07
2026-01-24 12:28,AMD,Stock,BUY,26,259.68
2026-01-24 12:28,INTC,Stock,BUY,28,45.07
2026-01-24 12:28,CSCO,Stock,SELL,17,74.59
2026-01-24 12:28,QCOM,Stock,SELL,15,155.82
2026-01-24 12:28,CRM,Stock,SELL,18,228.05
2026-01-24 12:28,AVGO,Stock,SELL,25,320.05
2026-01-24 12:28,ORCL,Stock,SELL,24,177.16
2026-01-24 12:28,IBM,Stock,SELL,13,292.44
2026-01-24 12:28,TXN,Stock,BUY,26,193.31
2026-01-24 12:28,AMGN,Stock,BUY,22,344.75
2026-01-24 12:28,HON,Stock,BUY,45,221.46
2026-01-24 12:28,PEP,Stock,BUY,8,144.58
2026-01-24 12:28,KO,Stock,BUY,20,72.88
2026-01-24 12:28,MCD,Stock,BUY,13,309.25
2026-01-24 12:28,WMT,Stock,BUY,25,117.73
2026-01-24 12:28,CAT,Stock,BUY,25,626.62
2026-01-24 12:28,JNJ,Stock,BUY,31,220.14
2026-01-24 12:28,V,Stock,SELL,27,326.18
2026-01-24 12:28,HD,Stock,BUY,37,383.77
2026-01-24 12:28,BAC,Stock,BUY,14,51.72
2026-01-24 12:28,JPM,Stock,SELL,12,297.72
2026-01-24 12:28,UNH,Stock,BUY,25,356.26
2026-01-24 12:28,CVX,Stock,BUY,23,166.72
2026-01-24 12:28,XOM,Stock,BUY,22,134.97
2026-01-24 12:28,NFLX,Stock,SELL,25,86.12
2026-01-24 12:28,LMT,Stock,BUY,45,590.82
2026-01-24 12:28,BLK,Stock,BUY,25,1129.91
2026-01-24 12:28,SPGI,Stock,BUY,15,533.61
2026-01-24 12:28,MS,Stock,BUY,14,179.0
2026-01-24 12:28,RTX,Stock,BUY,26,195.93
2026-01-24 12:28,SPY,ETF,BUY,11,689.23
2026-01-24 12:28,VOO,ETF,BUY,12,633.83
2026-01-24 12:28,IVV,ETF,BUY,12,692.24
2026-01-24 12:28,VTI,ETF,BUY,13,340.56
2026-01-24 12:28,QQQ,ETF,BUY,12,622.72
2026-01-24 12:28,VUG,ETF,HOLD,0,483.5
2026-01-24 12:28,VEA,ETF,BUY,27,65.78
2026-01-24 12:28,VTV,ETF,BUY,29,197.59
2026-01-24 12:28,IEFA,ETF,BUY,22,93.33
2026-01-24 12:28,AGG,ETF,SELL,11,100.11
2026-01-24 12:28,IEMG,ETF,BUY,27,72.4
2026-01-24 12:28,IJH,ETF,BUY,22,69.64
2026-01-24 12:29,IJR,ETF,BUY,27,128.09
2026-01-24 12:29,VIG,ETF,BUY,12,223.14
2026-01-24 12:29,VYM,ETF,BUY,25,147.69
2026-01-24 12:29,SCHD,ETF,BUY,25,29.14
2026-01-24 12:29,XLK,ETF,SELL,12,145.09
2026-01-24 12:29,VT,ETF,BUY,14,145.2
2026-01-24 12:29,ACWI,ETF,BUY,14,145.16
2026-01-24 13:26,AAPL,Stock,SELL,20,248.04
2026-01-24 13:26,MSFT,Stock,SELL,24,465.95
2026-01-24 13:26,NVDA,Stock,BUY,10,187.67
2026-01-24 13:26,AMZN,Stock,SELL,7,239.16
2026-01-24 13:26,GOOGL,Stock,SELL,25,327.93
2026-01-24 13:26,GOOG,Stock,SELL,25,328.43
2026-01-24 13:26,TSLA,Stock,BUY,15,449.06
2026-01-24 13:26,META,Stock,SELL,14,658.76
2026-01-24 13:26,ADBE,Stock,SELL,28,301.07
2026-01-24 13:26,AMD,Stock,BUY,26,259.68
2026-01-24 13:26,INTC,Stock,BUY,28,45.07
2026-01-24 13:26,CSCO,Stock,SELL,17,74.59
2026-01-24 13:26,QCOM,Stock,SELL,15,155.82
2026-01-24 13:26,CRM,Stock,SELL,18,228.05
2026-01-24 13:26,AVGO,Stock,SELL,25,320.05
2026-01-24 13:26,ORCL,Stock,SELL,24,177.16
2026-01-24 13:27,IBM,Stock,SELL,13,292.44
2026-01-24 13:27,TXN,Stock,BUY,26,193.31
2026-01-24 13:27,AMGN,Stock,BUY,22,344.75
2026-01-24 13:27,HON,Stock,BUY,45,221.46
2026-01-24 13:27,PEP,Stock,BUY,8,144.58
2026-01-24 13:27,KO,Stock,BUY,20,72.88
2026-01-24 13:27,MCD,Stock,BUY,13,309.25
2026-01-24 13:27,WMT,Stock,BUY,25,117.73
2026-01-24 13:27,CAT,Stock,BUY,25,626.62
2026-01-24 13:27,JNJ,Stock,BUY,31,220.14
2026-01-24 13:27,V,Stock,SELL,27,326.18
2026-01-24 13:27,HD,Stock,BUY,37,383.77
2026-01-24 13:27,BAC,Stock,BUY,14,51.72
2026-01-24 13:27,JPM,Stock,SELL,12,297.72
2026-01-24 13:27,UNH,Stock,BUY,25,356.26
2026-01-24 13:27,CVX,Stock,BUY,23,166.72
2026-01-24 13:27,XOM,Stock,BUY,22,134.97
2026-01-24 13:27,NFLX,Stock,SELL,25,86.12
2026-01-24 13:27,LMT,Stock,BUY,45,590.82
2026-01-24 13:27,BLK,Stock,BUY,25,1129.91
2026-01-24 13:27,SPGI,Stock,BUY,15,533.61
2026-01-24 13:27,MS,Stock,BUY,14,179.0
2026-01-24 13:27,RTX,Stock,BUY,26,195.93
2026-01-24 13:27,SPY,ETF,BUY,11,689.23
2026-01-24 13:27,VOO,ETF,BUY,12,633.83
2026-01-24 13:27,IVV,ETF,BUY,12,692.24
2026-01-24 13:27,VTI,ETF,BUY,13,340.56
2026-01-24 13:27,QQQ,ETF,BUY,12,622.72
2026-01-24 13:27,VUG,ETF,HOLD,0,483.5
2026-01-24 13:27,VEA,ETF,BUY,27,65.78
2026-01-24 13:27,VTV,ETF,BUY,29,197.59
2026-01-24 13:27,IEFA,ETF,BUY,22,93.33
2026-01-24 13:27,AGG,ETF,SELL,11,100.11
2026-01-24 13:27,IEMG,ETF,BUY,27,72.4
2026-01-24 13:27,IJH,ETF,BUY,22,69.64
2026-01-24 13:27,IJR,ETF,BUY,27,128.09
2026-01-24 13:27,VIG,ETF,BUY,12,223.14
2026-01-24 13:27,VYM,ETF,BUY,25,147.69
2026-01-24 13:27,SCHD,ETF,BUY,25,29.14
2026-01-24 13:27,XLK,ETF,SELL,12,145.09
2026-01-24 13:27,VT,ETF,BUY,14,145.2
2026-01-24 13:27,ACWI,ETF,BUY,14,145.16
2026-01-24 14:14,AAPL,Stock,SELL,20,248.04
2026-01-24 14:14,MSFT,Stock,SELL,24,465.95
2026-01-24 14:14,NVDA,Stock,BUY,10,187.67
2026-01-24 14:14,AMZN,Stock,SELL,7,239.16
2026-01-24 14:14,GOOGL,Stock,SELL,25,327.93
2026-01-24 14:14,GOOG,Stock,SELL,25,328.43
2026-01-24 14:14,TSLA,Stock,BUY,15,449.06
2026-01-24 14:14,META,Stock,SELL,14,658.76
2026-01-24 14:14,ADBE,Stock,SELL,28,301.07
2026-01-24 14:14,AMD,Stock,BUY,26,259.68
2026-01-24 14:14,INTC,Stock,BUY,28,45.07
2026-01-24 14:14,CSCO,Stock,SELL,17,74.59
2026-01-24 14:14,QCOM,Stock,SELL,15,155.82
2026-01-24 14:14,CRM,Stock,SELL,18,228.05
2026-01-24 14:14,AVGO,Stock,SELL,25,320.05
2026-01-24 14:14,ORCL,Stock,SELL,24,177.16
2026-01-24 14:14,IBM,Stock,SELL,13,292.44
2026-01-24 14:14,TXN,Stock,BUY,26,193.31
2026-01-24 14:14,AMGN,Stock,BUY,22,344.75
2026-01-24 14:14,HON,Stock,BUY,45,221.46
2026-01-24 14:14,PEP,Stock,BUY,8,144.58
2026-01-24 14:14,KO,Stock,BUY,20,72.88
2026-01-24 14:14,MCD,Stock,BUY,13,309.25
2026-01-24 14:14,WMT,Stock,BUY,25,117.73
2026-01-24 14:14,CAT,Stock,BUY,25,626.62
2026-01-24 14:14,JNJ,Stock,BUY,31,220.14
2026-01-24 14:14,V,Stock,SELL,27,326.18
2026-01-24 14:14,HD,Stock,BUY,37,383.77
2026-01-24 14:14,BAC,Stock,BUY,14,51.72
2026-01-24 14:14,JPM,Stock,SELL,12,297.72
2026-01-24 14:14,UNH,Stock,BUY,25,356.26
2026-01-24 14:14,CVX,Stock,BUY,23,166.72
2026-01-24 14:14,XOM,Stock,BUY,22,134.97
2026-01-24 14:14,NFLX,Stock,SELL,25,86.12
2026-01-24 14:14,LMT,Stock,BUY,45,590.82
2026-01-24 14:14,BLK,Stock,BUY,25,1129.91
2026-01-24 14:14,SPGI,Stock,BUY,15,533.61
2026-01-24 14:14,MS,Stock,BUY,14,179.0
2026-01-24 14:14,RTX,Stock,BUY,26,195.93
2026-01-24 14:14,SPY,ETF,BUY,11,689.23
2026-01-24 14:14,VOO,ETF,BUY,12,633.83
2026-01-24 14:14,IVV,ETF,BUY,12,692.24
2026-01-24 14:14,VTI,ETF,BUY,13,340.56
2026-01-24 14:14,QQQ,ETF,BUY,12,622.72
2026-01-24 14:14,VUG,ETF,HOLD,0,483.5
2026-01-24 14:14,VEA,ETF,BUY,27,65.78
2026-01-24 14:14,VTV,ETF,BUY,29,197.59
2026-01-24 14:14,IEFA,ETF,BUY,22,93.33
2026-01-24 14:14,AGG,ETF,SELL,11,100.11
2026-01-24 14:14,IEMG,ETF,BUY,27,72.4
2026-01-24 14:14,IJH,ETF,BUY,22,69.64
2026-01-24 14:14,IJR,ETF,BUY,27,128.09
2026-01-24 14:14,VIG,ETF,BUY,12,223.14
2026-01-24 14:14,VYM,ETF,BUY,25,147.69
2026-01-24 14:14,SCHD,ETF,BUY,25,29.14
2026-01-24 14:14,XLK,ETF,SELL,12,145.09
2026-01-24 14:14,VT,ETF,BUY,14,145.2
2026-01-24 14:14,ACWI,ETF,BUY,14,145.16
2026-01-24 15:14,AAPL,Stock,SELL,20,248.04
2026-01-24 15:14,MSFT,Stock,SELL,24,465.95
2026-01-24 15:14,NVDA,Stock,BUY,10,187.67
2026-01-24 15:14,AMZN,Stock,SELL,7,239.16
2026-01-24 15:14,GOOGL,Stock,SELL,25,327.93
2026-01-24 15:14,GOOG,Stock,SELL,25,328.43
2026-01-24 15:14,TSLA,Stock,BUY,15,449.06
2026-01-24 15:14,META,Stock,SELL,14,658.76
2026-01-24 15:14,ADBE,Stock,SELL,28,301.07
2026-01-24 15:14,AMD,Stock,BUY,26,259.68
2026-01-24 15:14,INTC,Stock,BUY,28,45.07
2026-01-24 15:14,CSCO,Stock,SELL,17,74.59
2026-01-24 15:14,QCOM,Stock,SELL,15,155.82
2026-01-24 15:14,CRM,Stock,SELL,18,228.05
2026-01-24 15:14,AVGO,Stock,SELL,25,320.05
2026-01-24 15:14,ORCL,Stock,SELL,24,177.16
2026-01-24 15:14,IBM,Stock,SELL,13,292.44
2026-01-24 15:14,TXN,Stock,BUY,26,193.31
2026-01-24 15:14,AMGN,Stock,BUY,22,344.75
2026-01-24 15:14,HON,Stock,BUY,45,221.46
2026-01-24 15:14,PEP,Stock,BUY,8,144.58
2026-01-24 15:14,KO,Stock,BUY,20,72.88
2026-01-24 15:14,MCD,Stock,BUY,13,309.25
2026-01-24 15:14,WMT,Stock,BUY,25,117.73
2026-01-24 15:14,CAT,Stock,BUY,25,626.62
2026-01-24 15:14,JNJ,Stock,BUY,31,220.14
2026-01-24 15:14,V,Stock,SELL,27,326.18
2026-01-24 15:14,HD,Stock,BUY,37,383.77
2026-01-24 15:14,BAC,Stock,BUY,14,51.72
2026-01-24 15:14,JPM,Stock,SELL,12,297.72
2026-01-24 15:14,UNH,Stock,BUY,25,356.26
2026-01-24 15:14,CVX,Stock,BUY,23,166.72
2026-01-24 15:14,XOM,Stock,BUY,22,134.97
2026-01-24 15:14,NFLX,Stock,SELL,25,86.12
2026-01-24 15:14,LMT,Stock,BUY,45,590.82
2026-01-24 15:14,BLK,Stock,BUY,25,1129.91
2026-01-24 15:14,SPGI,Stock,BUY,15,533.61
2026-01-24 15:14,MS,Stock,BUY,14,179.0
2026-01-24 15:14,RTX,Stock,BUY,26,195.93
2026-01-24 15:14,SPY,ETF,BUY,11,689.23
2026-01-24 15:14,VOO,ETF,BUY,12,633.83
2026-01-24 15:14,IVV,ETF,BUY,12,692.24
2026-01-24 15:14,VTI,ETF,BUY,13,340.56
2026-01-24 15:14,QQQ,ETF,BUY,12,622.72
2026-01-24 15:14,VUG,ETF,HOLD,0,483.5
2026-01-24 15:14,VEA,ETF,BUY,27,65.78
2026-01-24 15:14,VTV,ETF,BUY,29,197.59
2026-01-24 15:14,IEFA,ETF,BUY,22,93.33
2026-01-24 15:14,AGG,ETF,SELL,11,100.11
2026-01-24 15:14,IEMG,ETF,BUY,27,72.4
2026-01-24 15:14,IJH,ETF,BUY,22,69.64
2026-01-24 15:14,IJR,ETF,BUY,27,128.09
2026-01-24 15:14,VIG,ETF,BUY,12,223.14
2026-01-24 15:14,VYM,ETF,BUY,25,147.69
2026-01-24 15:14,SCHD,ETF,BUY,25,29.14
2026-01-24 15:14,XLK,ETF,SELL,12,145.09
2026-01-24 15:14,VT,ETF,BUY,14,145.2
2026-01-24 15:14,ACWI,ETF,BUY,14,145.16
2026-01-24 16:17,AAPL,Stock,SELL,20,248.04
2026-01-24 16:17,MSFT,Stock,SELL,24,465.95
2026-01-24 16:17,NVDA,Stock,BUY,10,187.67
2026-01-24 16:17,AMZN,Stock,SELL,7,239.16
2026-01-24 16:17,GOOGL,Stock,SELL,25,327.93
2026-01-24 16:17,GOOG,Stock,SELL,25,328.43
2026-01-24 16:17,TSLA,Stock,BUY,15,449.06
2026-01-24 16:17,META,Stock,SELL,14,658.76
2026-01-24 16:17,ADBE,Stock,SELL,28,301.07
2026-01-24 16:17,AMD,Stock,BUY,26,259.68
2026-01-24 16:17,INTC,Stock,BUY,28,45.07
2026-01-24 16:17,CSCO,Stock,SELL,17,74.59
2026-01-24 16:17,QCOM,Stock,SELL,15,155.82
2026-01-24 16:17,CRM,Stock,SELL,18,228.05
2026-01-24 16:17,AVGO,Stock,SELL,25,320.05
2026-01-24 16:17,ORCL,Stock,SELL,24,177.16
2026-01-24 16:17,IBM,Stock,SELL,13,292.44
2026-01-24 16:17,TXN,Stock,BUY,26,193.31
2026-01-24 16:17,AMGN,Stock,BUY,22,344.75
2026-01-24 16:17,HON,Stock,BUY,45,221.46
2026-01-24 16:17,PEP,Stock,BUY,8,144.58
2026-01-24 16:17,KO,Stock,BUY,20,72.88
2026-01-24 16:17,MCD,Stock,BUY,13,309.25
2026-01-24 16:17,WMT,Stock,BUY,25,117.73
2026-01-24 16:17,CAT,Stock,BUY,25,626.62
2026-01-24 16:17,JNJ,Stock,BUY,31,220.14
2026-01-24 16:17,V,Stock,SELL,27,326.18
2026-01-24 16:17,HD,Stock,BUY,37,383.77
2026-01-24 16:17,BAC,Stock,BUY,14,51.72
2026-01-24 16:17,JPM,Stock,SELL,12,297.72
2026-01-24 16:17,UNH,Stock,BUY,25,356.26
2026-01-24 16:17,CVX,Stock,BUY,23,166.72
2026-01-24 16:17,XOM,Stock,BUY,22,134.97
2026-01-24 16:17,NFLX,Stock,SELL,25,86.12
2026-01-24 16:17,LMT,Stock,BUY,45,590.82
2026-01-24 16:17,BLK,Stock,BUY,25,1129.91
2026-01-24 16:17,SPGI,Stock,BUY,15,533.61
2026-01-24 16:17,MS,Stock,BUY,14,179.0
2026-01-24 16:17,RTX,Stock,BUY,26,195.93
2026-01-24 16:17,SPY,ETF,BUY,11,689.23
2026-01-24 16:17,VOO,ETF,BUY,12,633.83
2026-01-24 16:17,IVV,ETF,BUY,12,692.24
2026-01-24 16:17,VTI,ETF,BUY,13,340.56
2026-01-24 16:17,QQQ,ETF,BUY,12,622.72
2026-01-24 16:17,VUG,ETF,HOLD,0,483.5
2026-01-24 16:17,VEA,ETF,BUY,27,65.78
2026-01-24 16:17,VTV,ETF,BUY,29,197.59
2026-01-24 16:17,IEFA,ETF,BUY,22,93.33
2026-01-24 16:17,AGG,ETF,SELL,11,100.11
2026-01-24 16:17,IEMG,ETF,BUY,27,72.4
2026-01-24 16:17,IJH,ETF,BUY,22,69.64
2026-01-24 16:17,IJR,ETF,BUY,27,128.09
2026-01-24 16:17,VIG,ETF,BUY,12,223.14
2026-01-24 16:17,VYM,ETF,BUY,25,147.69
2026-01-24 16:17,SCHD,ETF,BUY,25,29.14
2026-01-24 16:17,XLK,ETF,SELL,12,145.09
2026-01-24 16:17,VT,ETF,BUY,14,145.2
2026-01-24 16:17,ACWI,ETF,BUY,14,145.16
2026-06-26 22:05,AAPL,Stock,BUY,16,283.78
2026-06-26 22:05,MSFT,Stock,SELL,31,372.97
2026-06-26 22:05,NVDA,Stock,SELL,11,192.53
2026-06-26 22:05,AMZN,Stock,SELL,10,232.69
2026-06-26 22:05,GOOGL,Stock,BUY,34,337.39
2026-06-26 22:05,GOOG,Stock,BUY,34,334.69
2026-06-26 22:05,TSLA,Stock,SELL,30,379.71
2026-06-26 22:05,META,Stock,SELL,27,550.25
2026-06-26 22:05,ADBE,Stock,SELL,36,202.73
2026-06-26 22:05,AMD,Stock,BUY,15,521.58
2026-06-26 22:05,INTC,Stock,BUY,37,128.32
2026-06-26 22:05,CSCO,Stock,BUY,36,113.77
2026-06-26 22:05,QCOM,Stock,SELL,15,189.39
2026-06-26 22:05,CRM,Stock,SELL,30,158.37
2026-06-26 22:05,AVGO,Stock,SELL,18,365.02
2026-06-26 22:05,ORCL,Stock,SELL,28,148.53
2026-06-26 22:05,IBM,Stock,SELL,12,271.63
2026-06-26 22:05,TXN,Stock,SELL,100,285.42
2026-06-26 22:05,AMGN,Stock,BUY,26,358.33
2026-06-26 22:05,HON,Stock,BUY,32,232.21
2026-06-26 22:05,PEP,Stock,BUY,16,141.39
2026-06-26 22:05,KO,Stock,BUY,29,82.63
2026-06-26 22:05,MCD,Stock,SELL,26,269.76
2026-06-26 22:05,WMT,Stock,BUY,11,115.69
2026-06-26 22:05,CAT,Stock,BUY,36,997.47
2026-06-26 22:05,JNJ,Stock,SELL,100,254.66
2026-06-26 22:05,V,Stock,BUY,27,336.23
2026-06-26 22:05,HD,Stock,SELL,100,348.86
2026-06-26 22:05,BAC,Stock,BUY,28,57.88
2026-06-26 22:05,JPM,Stock,BUY,25,329.05
2026-06-26 22:05,UNH,Stock,BUY,23,427.89
2026-06-26 22:05,CVX,Stock,SELL,23,171.06
2026-06-26 22:05,XOM,Stock,SELL,36,136.54
2026-06-26 22:05,NFLX,Stock,SELL,38,73.81
2026-06-26 22:05,LMT,Stock,SELL,100,507.4
2026-06-26 22:05,BLK,Stock,SELL,100,964.71
2026-06-26 22:05,SPGI,Stock,SELL,100,408.16
2026-06-26 22:05,MS,Stock,SELL,15,212.03
2026-06-26 22:05,RTX,Stock,BUY,9,187.99
2026-06-26 22:05,SPY,ETF,BUY,14,728.99
2026-06-26 22:05,VOO,ETF,BUY,14,670.26
2026-06-26 22:05,IVV,ETF,BUY,14,730.17
2026-06-26 22:05,VTI,ETF,SELL,14,362.22
2026-06-26 22:05,QQQ,ETF,BUY,14,706.52
2026-06-26 22:05,VUG,ETF,BUY,20,82.76
2026-06-26 22:05,VEA,ETF,BUY,13,70.56
2026-06-26 22:05,VTV,ETF,BUY,38,218.39
2026-06-26 22:05,IEFA,ETF,BUY,14,95.49
2026-06-26 22:05,AGG,ETF,BUY,12,99.34
2026-06-26 22:05,IEMG,ETF,BUY,15,81.3
2026-06-26 22:05,IJH,ETF,BUY,24,76.22
2026-06-26 22:05,IJR,ETF,SELL,100,147.41
2026-06-26 22:05,VIG,ETF,BUY,12,234.56
2026-06-26 22:05,VYM,ETF,BUY,14,158.22
2026-06-26 22:05,SCHD,ETF,BUY,20,32.09
2026-06-26 22:05,XLK,ETF,BUY,16,181.11
2026-06-26 22:05,VT,ETF,BUY,14,153.95
2026-06-26 22:05,ACWI,ETF,BUY,14,154.28
2026-06-26 23:58,AAPL,Stock,BUY,16,283.78
2026-06-26 23:58,MSFT,Stock,SELL,31,372.97
2026-06-26 23:58,NVDA,Stock,SELL,11,192.53
2026-06-26 23:58,AMZN,Stock,SELL,10,232.69
2026-06-26 23:58,GOOGL,Stock,BUY,34,337.39
2026-06-26 23:58,GOOG,Stock,BUY,34,334.69
2026-06-26 23:58,TSLA,Stock,SELL,30,379.71
2026-06-26 23:58,META,Stock,SELL,27,550.25
2026-06-26 23:58,ADBE,Stock,SELL,36,202.73
2026-06-26 23:58,AMD,Stock,BUY,15,521.58
2026-06-26 23:58,INTC,Stock,BUY,37,128.32
2026-06-26 23:58,CSCO,Stock,BUY,36,113.77
2026-06-26 23:58,QCOM,Stock,SELL,15,189.39
2026-06-26 23:58,CRM,Stock,SELL,30,158.37
2026-06-26 23:58,AVGO,Stock,SELL,18,365.02
2026-06-26 23:58,ORCL,Stock,SELL,28,148.53
2026-06-26 23:58,IBM,Stock,SELL,12,271.63
2026-06-26 23:58,TXN,Stock,BUY,20,285.42
2026-06-26 23:58,AMGN,Stock,BUY,26,358.33
2026-06-26 23:58,HON,Stock,BUY,32,232.21
2026-06-26 23:58,PEP,Stock,BUY,16,141.39
2026-06-26 23:58,KO,Stock,BUY,29,82.63
2026-06-26 23:58,MCD,Stock,SELL,26,269.76
2026-06-26 23:58,WMT,Stock,BUY,11,115.69
2026-06-26 23:58,CAT,Stock,BUY,36,997.47
2026-06-26 23:58,JNJ,Stock,BUY,38,254.66
2026-06-26 23:58,V,Stock,BUY,27,336.23
2026-06-26 23:58,HD,Stock,BUY,31,348.86
2026-06-26 23:58,BAC,Stock,BUY,28,57.88
2026-06-26 23:58,JPM,Stock,BUY,25,329.05
2026-06-26 23:58,UNH,Stock,BUY,23,427.89
2026-06-26 23:58,CVX,Stock,SELL,23,171.06
2026-06-26 23:58,XOM,Stock,SELL,36,136.54
2026-06-26 23:58,NFLX,Stock,SELL,38,73.81
2026-06-26 23:58,LMT,Stock,SELL,22,507.4
2026-06-26 23:58,BLK,Stock,SELL,19,964.71
2026-06-26 23:58,SPGI,Stock,SELL,18,408.16
2026-06-26 23:58,MS,Stock,SELL,15,212.03
2026-06-26 23:58,RTX,Stock,BUY,9,187.99
2026-06-26 23:58,SPY,ETF,BUY,14,728.99
2026-06-26 23:58,VOO,ETF,BUY,14,670.26
2026-06-26 23:58,IVV,ETF,BUY,14,730.17
2026-06-26 23:58,VTI,ETF,SELL,14,362.22
2026-06-26 23:58,QQQ,ETF,BUY,14,706.52
2026-06-26 23:58,VUG,ETF,BUY,20,82.76
2026-06-26 23:58,VEA,ETF,BUY,13,70.56
2026-06-26 23:58,VTV,ETF,BUY,38,218.39
2026-06-26 23:58,IEFA,ETF,BUY,14,95.49
2026-06-26 23:58,AGG,ETF,BUY,12,99.34
2026-06-26 23:58,IEMG,ETF,BUY,15,81.3
2026-06-26 23:58,IJH,ETF,BUY,24,76.22
2026-06-26 23:58,IJR,ETF,BUY,32,147.41
2026-06-26 23:58,VIG,ETF,BUY,12,234.56
2026-06-26 23:58,VYM,ETF,BUY,14,158.22
2026-06-26 23:58,SCHD,ETF,BUY,20,32.09
2026-06-26 23:58,XLK,ETF,BUY,16,181.11
2026-06-26 23:58,VT,ETF,BUY,14,153.95
2026-06-26 23:58,ACWI,ETF,BUY,14,154.28
2026-06-27 03:32,AAPL,Stock,BUY,16,283.78
2026-06-27 03:32,MSFT,Stock,SELL,31,372.97
2026-06-27 03:32,NVDA,Stock,SELL,11,192.53
2026-06-27 03:32,AMZN,Stock,SELL,10,232.69
2026-06-27 03:32,GOOGL,Stock,BUY,34,337.39
2026-06-27 03:32,GOOG,Stock,BUY,34,334.69
2026-06-27 03:32,TSLA,Stock,SELL,30,379.71
2026-06-27 03:32,META,Stock,SELL,27,550.25
2026-06-27 03:32,ADBE,Stock,SELL,36,202.73
2026-06-27 03:32,AMD,Stock,BUY,15,521.58
2026-06-27 03:32,INTC,Stock,BUY,37,128.32
2026-06-27 03:32,CSCO,Stock,BUY,36,113.77
2026-06-27 03:32,QCOM,Stock,SELL,15,189.39
2026-06-27 03:32,CRM,Stock,SELL,30,158.37
2026-06-27 03:32,AVGO,Stock,SELL,18,365.02
2026-06-27 03:32,ORCL,Stock,SELL,28,148.53
2026-06-27 03:32,IBM,Stock,SELL,12,271.63
2026-06-27 03:32,TXN,Stock,BUY,20,285.42
2026-06-27 03:32,AMGN,Stock,BUY,26,358.33
2026-06-27 03:32,HON,Stock,BUY,32,232.21
2026-06-27 03:32,PEP,Stock,BUY,16,141.39
2026-06-27 03:32,KO,Stock,BUY,29,82.63
2026-06-27 03:32,MCD,Stock,SELL,26,269.76
2026-06-27 03:32,WMT,Stock,BUY,11,115.69
2026-06-27 03:32,CAT,Stock,BUY,36,997.47
2026-06-27 03:32,JNJ,Stock,BUY,38,254.66
2026-06-27 03:32,V,Stock,BUY,27,336.23
2026-06-27 03:32,HD,Stock,BUY,31,348.86
2026-06-27 03:32,BAC,Stock,BUY,28,57.88
2026-06-27 03:32,JPM,Stock,BUY,25,329.05
2026-06-27 03:32,UNH,Stock,BUY,23,427.89
2026-06-27 03:32,CVX,Stock,SELL,23,171.06
2026-06-27 03:32,XOM,Stock,SELL,36,136.54
2026-06-27 03:32,NFLX,Stock,SELL,38,73.81
2026-06-27 03:32,LMT,Stock,SELL,22,507.4
2026-06-27 03:32,BLK,Stock,SELL,19,964.71
2026-06-27 03:32,SPGI,Stock,SELL,18,408.16
2026-06-27 03:32,MS,Stock,SELL,15,212.03
2026-06-27 03:32,RTX,Stock,BUY,9,187.99
2026-06-27 03:32,SPY,ETF,BUY,14,728.99
2026-06-27 03:32,VOO,ETF,BUY,14,670.26
2026-06-27 03:32,IVV,ETF,BUY,14,730.17
2026-06-27 03:32,VTI,ETF,SELL,14,362.22
2026-06-27 03:32,QQQ,ETF,BUY,14,706.52
2026-06-27 03:32,VUG,ETF,BUY,20,82.76
2026-06-27 03:32,VEA,ETF,BUY,13,70.56
2026-06-27 03:32,VTV,ETF,BUY,38,218.39
2026-06-27 03:32,IEFA,ETF,BUY,14,95.49
2026-06-27 03:32,AGG,ETF,BUY,12,99.34
2026-06-27 03:32,IEMG,ETF,BUY,15,81.3
2026-06-27 03:32,IJH,ETF,BUY,24,76.22
2026-06-27 03:32,IJR,ETF,BUY,32,147.41
2026-06-27 03:32,VIG,ETF,BUY,12,234.56
2026-06-27 03:32,VYM,ETF,BUY,14,158.22
2026-06-27 03:32,SCHD,ETF,BUY,20,32.09
2026-06-27 03:32,XLK,ETF,BUY,16,181.11
2026-06-27 03:32,VT,ETF,BUY,14,153.95
2026-06-27 03:32,ACWI,ETF,BUY,14,154.28
2026-06-27 06:47,AAPL,Stock,BUY,16,
2026-06-27 06:47,MSFT,Stock,SELL,30,
2026-06-27 06:47,NVDA,Stock,SELL,11,
2026-06-27 06:47,AMZN,Stock,SELL,10,
2026-06-27 06:47,GOOGL,Stock,BUY,17,
2026-06-27 06:47,GOOG,Stock,BUY,17,
2026-06-27 06:47,TSLA,Stock,SELL,30,
2026-06-27 06:47,META,Stock,SELL,26,
2026-06-27 06:47,ADBE,Stock,SELL,36,
2026-06-27 06:47,AMD,Stock,BUY,15,
2026-06-27 06:47,INTC,Stock,BUY,37,
2026-06-27 06:47,CSCO,Stock,BUY,18,
2026-06-27 06:47,QCOM,Stock,SELL,15,
2026-06-27 06:47,CRM,Stock,SELL,30,
2026-06-27 06:47,AVGO,Stock,BUY,11,
2026-06-27 06:47,ORCL,Stock,SELL,14,
2026-06-27 06:47,IBM,Stock,SELL,12,
2026-06-27 06:47,TXN,Stock,BUY,20,
2026-06-27 06:47,AMGN,Stock,BUY,26,
2026-06-27 06:47,HON,Stock,BUY,31,
2026-06-27 06:47,PEP,Stock,BUY,16,
2026-06-27 06:47,KO,Stock,BUY,14,
2026-06-27 06:47,MCD,Stock,SELL,26,
2026-06-27 06:47,WMT,Stock,BUY,11,
2026-06-27 06:47,CAT,Stock,BUY,36,
2026-06-27 06:47,JNJ,Stock,BUY,37,
2026-06-27 06:47,V,Stock,BUY,25,
2026-06-27 06:47,HD,Stock,BUY,31,
2026-06-27 06:47,BAC,Stock,BUY,26,
2026-06-27 06:47,JPM,Stock,BUY,23,
2026-06-27 06:47,UNH,Stock,BUY,11,
2026-06-27 06:47,CVX,Stock,SELL,19,
2026-06-27 06:47,XOM,Stock,SELL,33,
2026-06-27 06:47,NFLX,Stock,SELL,37,
2026-06-27 06:47,LMT,Stock,SELL,22,
2026-06-27 06:47,BLK,Stock,SELL,19,
2026-06-27 06:47,SPGI,Stock,SELL,18,
2026-06-27 06:47,MS,Stock,SELL,15,
2026-06-27 06:47,RTX,Stock,BUY,9,
2026-06-27 06:47,SPY,ETF,BUY,14,
2026-06-27 06:47,VOO,ETF,BUY,14,
2026-06-27 06:47,IVV,ETF,BUY,14,
2026-06-27 06:47,VTI,ETF,SELL,14,
2026-06-27 06:47,QQQ,ETF,BUY,14,
2026-06-27 06:47,VUG,ETF,BUY,20,
2026-06-27 06:47,VEA,ETF,BUY,13,
2026-06-27 06:47,IEFA,ETF,BUY,14,
2026-06-27 06:47,AGG,ETF,BUY,12,
2026-06-27 06:47,IEMG,ETF,BUY,15,
2026-06-27 06:47,IJH,ETF,BUY,23,
2026-06-27 06:47,VIG,ETF,BUY,12,
2026-06-27 06:47,VYM,ETF,BUY,14,
2026-06-27 06:47,SCHD,ETF,BUY,20,
2026-06-27 06:47,XLK,ETF,BUY,16,
2026-06-27 06:47,VT,ETF,BUY,14,
2026-06-27 06:47,ACWI,ETF,BUY,14,
2026-06-27 09:25,AAPL,Stock,BUY,16,
2026-06-27 09:25,MSFT,Stock,SELL,30,
2026-06-27 09:25,NVDA,Stock,SELL,11,
2026-06-27 09:25,AMZN,Stock,SELL,10,
2026-06-27 09:25,GOOGL,Stock,BUY,17,
2026-06-27 09:25,GOOG,Stock,BUY,17,
2026-06-27 09:25,TSLA,Stock,SELL,30,
2026-06-27 09:25,META,Stock,SELL,26,
2026-06-27 09:25,ADBE,Stock,SELL,36,
2026-06-27 09:25,AMD,Stock,BUY,15,
2026-06-27 09:25,INTC,Stock,BUY,37,
2026-06-27 09:25,CSCO,Stock,BUY,18,
2026-06-27 09:25,QCOM,Stock,SELL,15,
2026-06-27 09:25,CRM,Stock,SELL,30,
2026-06-27 09:25,AVGO,Stock,BUY,11,
2026-06-27 09:25,ORCL,Stock,SELL,14,
2026-06-27 09:25,IBM,Stock,SELL,12,
2026-06-27 09:25,TXN,Stock,BUY,20,
2026-06-27 09:25,AMGN,Stock,BUY,26,
2026-06-27 09:25,HON,Stock,BUY,31,
2026-06-27 09:25,PEP,Stock,BUY,16,
2026-06-27 09:25,KO,Stock,BUY,14,
2026-06-27 09:25,MCD,Stock,SELL,26,
2026-06-27 09:25,WMT,Stock,BUY,11,
2026-06-27 09:25,CAT,Stock,BUY,36,
2026-06-27 09:25,JNJ,Stock,BUY,37,
2026-06-27 09:25,V,Stock,BUY,25,
2026-06-27 09:25,HD,Stock,BUY,31,
2026-06-27 09:25,BAC,Stock,BUY,26,
2026-06-27 09:25,JPM,Stock,BUY,23,
2026-06-27 09:25,UNH,Stock,BUY,11,
2026-06-27 09:25,CVX,Stock,SELL,19,
2026-06-27 09:25,XOM,Stock,SELL,33,
2026-06-27 09:25,NFLX,Stock,SELL,37,
2026-06-27 09:25,LMT,Stock,SELL,22,
2026-06-27 09:25,BLK,Stock,SELL,19,
2026-06-27 09:25,SPGI,Stock,SELL,18,
2026-06-27 09:25,MS,Stock,SELL,15,
2026-06-27 09:25,RTX,Stock,BUY,9,
2026-06-27 09:25,SPY,ETF,BUY,14,
2026-06-27 09:25,VOO,ETF,BUY,14,
2026-06-27 09:25,IVV,ETF,BUY,14,
2026-06-27 09:25,VTI,ETF,SELL,14,
2026-06-27 09:25,QQQ,ETF,BUY,14,
2026-06-27 09:25,VUG,ETF,BUY,20,
2026-06-27 09:25,VEA,ETF,BUY,13,
2026-06-27 09:25,IEFA,ETF,BUY,14,
2026-06-27 09:25,AGG,ETF,BUY,12,
2026-06-27 09:25,IEMG,ETF,BUY,15,
2026-06-27 09:25,IJH,ETF,BUY,23,
2026-06-27 09:25,VIG,ETF,BUY,12,
2026-06-27 09:25,VYM,ETF,BUY,14,
2026-06-27 09:25,SCHD,ETF,BUY,20,
2026-06-27 09:25,XLK,ETF,BUY,16,
2026-06-27 09:25,VT,ETF,BUY,14,
2026-06-27 09:25,ACWI,ETF,BUY,14,
2026-06-27 11:23,AAPL,Stock,BUY,16,283.78
2026-06-27 11:23,MSFT,Stock,SELL,31,372.97
2026-06-27 11:23,NVDA,Stock,SELL,11,192.53
2026-06-27 11:23,AMZN,Stock,SELL,10,232.69
2026-06-27 11:23,GOOGL,Stock,BUY,34,337.39
2026-06-27 11:23,GOOG,Stock,BUY,34,334.69
2026-06-27 11:23,TSLA,Stock,SELL,30,379.71
2026-06-27 11:23,META,Stock,SELL,27,550.25
2026-06-27 11:23,ADBE,Stock,SELL,36,202.73
2026-06-27 11:23,AMD,Stock,BUY,15,521.58
2026-06-27 11:23,INTC,Stock,BUY,37,128.32
2026-06-27 11:23,CSCO,Stock,BUY,36,113.77
2026-06-27 11:23,QCOM,Stock,SELL,15,189.39
2026-06-27 11:23,CRM,Stock,SELL,30,158.37
2026-06-27 11:23,AVGO,Stock,SELL,18,365.02
2026-06-27 11:23,ORCL,Stock,SELL,28,148.53
2026-06-27 11:23,IBM,Stock,SELL,12,271.63
2026-06-27 11:23,TXN,Stock,BUY,20,285.43
2026-06-27 11:23,AMGN,Stock,BUY,26,358.33
2026-06-27 11:23,HON,Stock,BUY,32,232.21
2026-06-27 11:23,PEP,Stock,BUY,16,141.39
2026-06-27 11:23,KO,Stock,BUY,29,82.63
2026-06-27 11:23,MCD,Stock,SELL,26,269.76
2026-06-27 11:23,WMT,Stock,BUY,11,115.69
2026-06-27 11:23,CAT,Stock,BUY,36,997.47
2026-06-27 11:23,JNJ,Stock,BUY,38,254.66
2026-06-27 11:23,V,Stock,BUY,25,
2026-06-27 11:23,HD,Stock,BUY,31,348.86
2026-06-27 11:23,BAC,Stock,BUY,28,57.88
2026-06-27 11:23,JPM,Stock,BUY,25,329.05
2026-06-27 11:23,UNH,Stock,BUY,23,427.89
2026-06-27 11:23,CVX,Stock,SELL,23,171.06
2026-06-27 11:23,XOM,Stock,SELL,36,136.54
2026-06-27 11:23,NFLX,Stock,SELL,38,73.81
2026-06-27 11:23,LMT,Stock,SELL,22,507.4
2026-06-27 11:23,BLK,Stock,SELL,19,964.71
2026-06-27 11:23,SPGI,Stock,SELL,18,408.16
2026-06-27 11:23,MS,Stock,SELL,15,212.03
2026-06-27 11:23,RTX,Stock,BUY,9,187.99
2026-06-27 11:23,SPY,ETF,BUY,14,728.99
2026-06-27 11:23,VOO,ETF,BUY,14,670.26
2026-06-27 11:23,IVV,ETF,BUY,14,730.17
2026-06-27 11:23,VTI,ETF,SELL,14,362.22
2026-06-27 11:23,QQQ,ETF,BUY,14,706.52
2026-06-27 11:23,VUG,ETF,BUY,20,82.76
2026-06-27 11:23,VEA,ETF,BUY,13,70.56
2026-06-27 11:23,VTV,ETF,BUY,38,218.39
2026-06-27 11:23,IEFA,ETF,BUY,14,95.49
2026-06-27 11:23,AGG,ETF,BUY,12,99.34
2026-06-27 11:23,IEMG,ETF,BUY,15,81.3
2026-06-27 11:23,IJH,ETF,BUY,24,76.22
2026-06-27 11:23,IJR,ETF,BUY,32,147.41
2026-06-27 11:23,VIG,ETF,BUY,12,234.56
2026-06-27 11:23,VYM,ETF,BUY,14,158.22
2026-06-27 11:23,SCHD,ETF,BUY,20,32.09
2026-06-27 11:23,XLK,ETF,BUY,16,181.11
2026-06-27 11:23,VT,ETF,BUY,14,153.95
2026-06-27 11:23,ACWI,ETF,BUY,14,154.28
2026-06-27 13:18,AAPL,Stock,BUY,16,283.78
2026-06-27 13:18,MSFT,Stock,SELL,31,372.97
2026-06-27 13:18,NVDA,Stock,SELL,11,192.53
2026-06-27 13:18,AMZN,Stock,SELL,10,232.69
2026-06-27 13:18,GOOGL,Stock,BUY,34,337.39
2026-06-27 13:18,GOOG,Stock,BUY,34,334.69
2026-06-27 13:18,TSLA,Stock,SELL,30,379.71
2026-06-27 13:18,META,Stock,SELL,27,550.25
2026-06-27 13:18,ADBE,Stock,SELL,36,202.73
2026-06-27 13:18,AMD,Stock,BUY,15,521.58
2026-06-27 13:18,INTC,Stock,BUY,37,128.32
2026-06-27 13:18,CSCO,Stock,BUY,36,113.77
2026-06-27 13:18,QCOM,Stock,SELL,15,189.39
2026-06-27 13:18,CRM,Stock,SELL,30,158.37
2026-06-27 13:18,AVGO,Stock,SELL,18,365.02
2026-06-27 13:18,ORCL,Stock,SELL,28,148.53
2026-06-27 13:18,IBM,Stock,SELL,12,271.63
2026-06-27 13:18,TXN,Stock,BUY,20,285.43
2026-06-27 13:18,AMGN,Stock,BUY,26,358.33
2026-06-27 13:18,HON,Stock,BUY,32,232.21
2026-06-27 13:18,PEP,Stock,BUY,16,141.39
2026-06-27 13:18,KO,Stock,BUY,29,82.63
2026-06-27 13:18,MCD,Stock,SELL,26,269.76
2026-06-27 13:18,WMT,Stock,BUY,11,115.69
2026-06-27 13:18,CAT,Stock,BUY,36,997.47
2026-06-27 13:18,JNJ,Stock,BUY,38,254.66
2026-06-27 13:18,V,Stock,BUY,27,336.23
2026-06-27 13:18,HD,Stock,BUY,31,348.86
2026-06-27 13:18,BAC,Stock,BUY,28,57.88
2026-06-27 13:18,JPM,Stock,BUY,25,329.05
2026-06-27 13:18,UNH,Stock,BUY,23,427.89
2026-06-27 13:18,CVX,Stock,SELL,23,171.06
2026-06-27 13:18,XOM,Stock,SELL,36,136.54
2026-06-27 13:18,NFLX,Stock,SELL,38,73.81
2026-06-27 13:18,LMT,Stock,SELL,22,507.4
2026-06-27 13:18,BLK,Stock,SELL,19,964.71
2026-06-27 13:18,SPGI,Stock,SELL,18,408.16
2026-06-27 13:18,MS,Stock,SELL,15,212.03
2026-06-27 13:18,RTX,Stock,BUY,9,187.99
2026-06-27 13:18,SPY,ETF,BUY,14,728.99
2026-06-27 13:18,VOO,ETF,BUY,14,670.26
2026-06-27 13:18,IVV,ETF,BUY,14,730.17
2026-06-27 13:18,VTI,ETF,SELL,14,362.22
2026-06-27 13:18,QQQ,ETF,BUY,14,706.52
2026-06-27 13:18,VUG,ETF,BUY,20,82.76
2026-06-27 13:18,VEA,ETF,BUY,13,70.56
2026-06-27 13:18,VTV,ETF,BUY,38,218.39
2026-06-27 13:18,IEFA,ETF,BUY,14,95.49
2026-06-27 13:18,AGG,ETF,BUY,12,99.34
2026-06-27 13:18,IEMG,ETF,BUY,15,81.3
2026-06-27 13:18,IJH,ETF,BUY,24,76.22
2026-06-27 13:18,IJR,ETF,BUY,32,147.41
2026-06-27 13:18,VIG,ETF,BUY,12,234.56
2026-06-27 13:18,VYM,ETF,BUY,14,158.22
2026-06-27 13:18,SCHD,ETF,BUY,20,32.09
2026-06-27 13:18,XLK,ETF,BUY,16,181.11
2026-06-27 13:18,VT,ETF,BUY,14,153.95
2026-06-27 13:18,ACWI,ETF,BUY,14,154.28
2026-06-27 15:10,AAPL,Stock,BUY,16,283.78
2026-06-27 15:10,MSFT,Stock,SELL,31,372.97
2026-06-27 15:10,NVDA,Stock,SELL,11,192.53
2026-06-27 15:10,AMZN,Stock,SELL,10,232.69
2026-06-27 15:10,GOOGL,Stock,BUY,34,337.39
2026-06-27 15:10,GOOG,Stock,BUY,34,334.69
2026-06-27 15:10,TSLA,Stock,SELL,30,379.71
2026-06-27 15:10,META,Stock,SELL,27,550.25
2026-06-27 15:10,ADBE,Stock,SELL,36,202.73
2026-06-27 15:10,AMD,Stock,BUY,15,521.58
2026-06-27 15:10,INTC,Stock,BUY,37,128.32
2026-06-27 15:10,CSCO,Stock,BUY,36,113.77
2026-06-27 15:10,QCOM,Stock,SELL,15,189.39
2026-06-27 15:10,CRM,Stock,SELL,30,158.37
2026-06-27 15:10,AVGO,Stock,SELL,18,365.02
2026-06-27 15:10,ORCL,Stock,SELL,28,148.53
2026-06-27 15:10,IBM,Stock,SELL,12,271.63
2026-06-27 15:10,TXN,Stock,BUY,20,285.43
2026-06-27 15:10,AMGN,Stock,BUY,26,358.33
2026-06-27 15:10,HON,Stock,BUY,32,232.21
2026-06-27 15:10,PEP,Stock,BUY,16,141.39
2026-06-27 15:10,KO,Stock,BUY,29,82.63
2026-06-27 15:10,MCD,Stock,SELL,26,269.76
2026-06-27 15:10,WMT,Stock,BUY,11,115.69
2026-06-27 15:10,CAT,Stock,BUY,36,997.47
2026-06-27 15:10,JNJ,Stock,BUY,38,254.66
2026-06-27 15:10,V,Stock,BUY,27,336.23
2026-06-27 15:10,HD,Stock,BUY,31,348.86
2026-06-27 15:10,BAC,Stock,BUY,28,57.88
2026-06-27 15:10,JPM,Stock,BUY,25,329.05
2026-06-27 15:10,UNH,Stock,BUY,23,427.89
2026-06-27 15:10,CVX,Stock,SELL,23,171.06
2026-06-27 15:10,XOM,Stock,SELL,36,136.54
2026-06-27 15:10,NFLX,Stock,SELL,38,73.81
2026-06-27 15:10,LMT,Stock,SELL,22,507.4
2026-06-27 15:10,BLK,Stock,SELL,19,964.71
2026-06-27 15:10,SPGI,Stock,SELL,18,408.16
2026-06-27 15:10,MS,Stock,SELL,15,212.03
2026-06-27 15:10,RTX,Stock,BUY,9,187.99
2026-06-27 15:10,SPY,ETF,BUY,14,728.99
2026-06-27 15:10,VOO,ETF,BUY,14,670.26
2026-06-27 15:10,IVV,ETF,BUY,14,730.17
2026-06-27 15:10,VTI,ETF,SELL,14,362.22
2026-06-27 15:10,QQQ,ETF,BUY,14,706.52
2026-06-27 15:10,VUG,ETF,BUY,20,82.76
2026-06-27 15:10,VEA,ETF,BUY,13,70.56
2026-06-27 15:10,VTV,ETF,BUY,38,218.39
2026-06-27 15:10,IEFA,ETF,BUY,14,95.49
2026-06-27 15:10,AGG,ETF,BUY,12,99.34
2026-06-27 15:10,IEMG,ETF,BUY,15,81.3
2026-06-27 15:10,IJH,ETF,BUY,24,76.22
2026-06-27 15:10,IJR,ETF,BUY,32,147.41
2026-06-27 15:10,VIG,ETF,BUY,12,234.56
2026-06-27 15:10,VYM,ETF,BUY,14,158.22
2026-06-27 15:10,SCHD,ETF,BUY,20,32.09
2026-06-27 15:10,XLK,ETF,BUY,16,181.11
2026-06-27 15:10,VT,ETF,BUY,14,153.95
2026-06-27 15:10,ACWI,ETF,BUY,14,154.28
2026-06-27 17:01,AAPL,Stock,BUY,16,
2026-06-27 17:01,MSFT,Stock,SELL,30,
2026-06-27 17:01,NVDA,Stock,SELL,11,
2026-06-27 17:01,AMZN,Stock,SELL,10,
2026-06-27 17:01,GOOGL,Stock,BUY,17,
2026-06-27 17:01,GOOG,Stock,BUY,17,
2026-06-27 17:01,TSLA,Stock,SELL,30,
2026-06-27 17:01,META,Stock,SELL,26,
2026-06-27 17:01,ADBE,Stock,SELL,36,
2026-06-27 17:01,AMD,Stock,BUY,15,
2026-06-27 17:01,INTC,Stock,BUY,37,
2026-06-27 17:01,CSCO,Stock,BUY,18,
2026-06-27 17:01,QCOM,Stock,SELL,15,
2026-06-27 17:01,CRM,Stock,SELL,30,
2026-06-27 17:01,AVGO,Stock,BUY,11,
2026-06-27 17:01,ORCL,Stock,SELL,14,
2026-06-27 17:01,IBM,Stock,SELL,12,
2026-06-27 17:01,TXN,Stock,BUY,20,
2026-06-27 17:01,AMGN,Stock,BUY,26,
2026-06-27 17:01,HON,Stock,BUY,31,
2026-06-27 17:01,PEP,Stock,BUY,16,
2026-06-27 17:01,KO,Stock,BUY,14,
2026-06-27 17:01,MCD,Stock,SELL,26,
2026-06-27 17:01,WMT,Stock,BUY,11,
2026-06-27 17:01,CAT,Stock,BUY,36,
2026-06-27 17:01,JNJ,Stock,BUY,37,
2026-06-27 17:01,V,Stock,BUY,25,
2026-06-27 17:01,HD,Stock,BUY,31,
2026-06-27 17:01,BAC,Stock,BUY,26,
2026-06-27 17:01,JPM,Stock,BUY,23,
2026-06-27 17:01,UNH,Stock,BUY,11,
2026-06-27 17:01,CVX,Stock,SELL,19,
2026-06-27 17:01,XOM,Stock,SELL,33,
2026-06-27 17:01,NFLX,Stock,SELL,37,
2026-06-27 17:01,LMT,Stock,SELL,22,
2026-06-27 17:01,BLK,Stock,SELL,19,
2026-06-27 17:01,SPGI,Stock,SELL,18,
2026-06-27 17:01,MS,Stock,SELL,15,
2026-06-27 17:01,RTX,Stock,BUY,9,
2026-06-27 17:01,SPY,ETF,BUY,14,
2026-06-27 17:01,VOO,ETF,BUY,14,
2026-06-27 17:01,IVV,ETF,BUY,14,
2026-06-27 17:01,VTI,ETF,SELL,14,
2026-06-27 17:01,QQQ,ETF,BUY,14,
2026-06-27 17:01,VUG,ETF,BUY,20,
2026-06-27 17:01,VEA,ETF,BUY,13,
2026-06-27 17:01,IEFA,ETF,BUY,14,
2026-06-27 17:01,AGG,ETF,BUY,12,
2026-06-27 17:01,IEMG,ETF,BUY,15,
2026-06-27 17:01,IJH,ETF,BUY,23,
2026-06-27 17:01,VIG,ETF,BUY,12,
2026-06-27 17:01,VYM,ETF,BUY,14,
2026-06-27 17:01,SCHD,ETF,BUY,20,
2026-06-27 17:01,XLK,ETF,BUY,16,
2026-06-27 17:01,VT,ETF,BUY,14,
2026-06-27 17:01,ACWI,ETF,BUY,14,
2026-06-27 19:08,AAPL,Stock,BUY,16,283.78
2026-06-27 19:08,MSFT,Stock,SELL,31,372.97
2026-06-27 19:08,NVDA,Stock,SELL,11,192.53
2026-06-27 19:08,AMZN,Stock,SELL,10,232.69
2026-06-27 19:08,GOOGL,Stock,BUY,34,337.39
2026-06-27 19:08,GOOG,Stock,BUY,34,334.69
2026-06-27 19:08,TSLA,Stock,SELL,30,379.71
2026-06-27 19:08,META,Stock,SELL,27,550.25
2026-06-27 19:08,ADBE,Stock,SELL,36,202.73
2026-06-27 19:08,AMD,Stock,BUY,15,521.58
2026-06-27 19:08,INTC,Stock,BUY,37,128.32
2026-06-27 19:08,CSCO,Stock,BUY,36,113.77
2026-06-27 19:08,QCOM,Stock,SELL,15,189.39
2026-06-27 19:08,CRM,Stock,SELL,30,158.37
2026-06-27 19:08,AVGO,Stock,SELL,18,365.02
2026-06-27 19:08,ORCL,Stock,SELL,28,148.53
2026-06-27 19:08,IBM,Stock,SELL,12,271.63
2026-06-27 19:08,TXN,Stock,BUY,20,285.43
2026-06-27 19:08,AMGN,Stock,BUY,26,358.33
2026-06-27 19:08,HON,Stock,BUY,32,232.21
2026-06-27 19:08,PEP,Stock,BUY,16,141.39
2026-06-27 19:08,KO,Stock,BUY,29,82.63
2026-06-27 19:08,MCD,Stock,SELL,26,269.76
2026-06-27 19:08,WMT,Stock,BUY,11,115.69
2026-06-27 19:08,CAT,Stock,BUY,36,997.47
2026-06-27 19:08,JNJ,Stock,BUY,38,254.66
2026-06-27 19:08,V,Stock,BUY,27,336.23
2026-06-27 19:08,HD,Stock,BUY,31,348.86
2026-06-27 19:08,BAC,Stock,BUY,28,57.88
2026-06-27 19:08,JPM,Stock,BUY,25,329.05
2026-06-27 19:08,UNH,Stock,BUY,23,427.89
2026-06-27 19:08,CVX,Stock,SELL,23,171.06
2026-06-27 19:08,XOM,Stock,SELL,36,136.54
2026-06-27 19:08,NFLX,Stock,SELL,38,73.81
2026-06-27 19:08,LMT,Stock,SELL,22,507.4
2026-06-27 19:08,BLK,Stock,SELL,19,964.71
2026-06-27 19:08,SPGI,Stock,SELL,18,408.16
2026-06-27 19:08,MS,Stock,SELL,15,212.03
2026-06-27 19:08,RTX,Stock,BUY,9,187.99
2026-06-27 19:08,SPY,ETF,BUY,14,728.99
2026-06-27 19:08,VOO,ETF,BUY,14,670.26
2026-06-27 19:08,IVV,ETF,BUY,14,730.17
2026-06-27 19:08,VTI,ETF,SELL,14,362.22
2026-06-27 19:08,QQQ,ETF,BUY,14,706.52
2026-06-27 19:08,VUG,ETF,BUY,20,82.76
2026-06-27 19:08,VEA,ETF,BUY,13,70.56
2026-06-27 19:08,VTV,ETF,BUY,38,218.39
2026-06-27 19:08,IEFA,ETF,BUY,14,95.49
2026-06-27 19:08,AGG,ETF,BUY,12,99.34
2026-06-27 19:08,IEMG,ETF,BUY,15,81.3
2026-06-27 19:08,IJH,ETF,BUY,24,76.22
2026-06-27 19:08,IJR,ETF,BUY,32,147.41
2026-06-27 19:08,VIG,ETF,BUY,12,234.56
2026-06-27 19:08,VYM,ETF,BUY,14,158.22
2026-06-27 19:08,SCHD,ETF,BUY,20,32.09
2026-06-27 19:08,XLK,ETF,BUY,16,181.11
2026-06-27 19:08,VT,ETF,BUY,14,153.95
2026-06-27 19:08,ACWI,ETF,BUY,14,154.28
2026-06-27 20:53,AAPL,Stock,BUY,16,283.78
2026-06-27 20:53,MSFT,Stock,SELL,31,372.97
2026-06-27 20:53,NVDA,Stock,SELL,11,192.53
2026-06-27 20:53,AMZN,Stock,SELL,10,232.69
2026-06-27 20:53,GOOGL,Stock,BUY,34,337.39
2026-06-27 20:53,GOOG,Stock,BUY,34,334.69
2026-06-27 20:53,TSLA,Stock,SELL,30,379.71
2026-06-27 20:53,META,Stock,SELL,27,550.25
2026-06-27 20:53,ADBE,Stock,SELL,36,202.73
2026-06-27 20:53,AMD,Stock,BUY,15,521.58
2026-06-27 20:53,INTC,Stock,BUY,37,128.32
2026-06-27 20:53,CSCO,Stock,BUY,36,113.77
2026-06-27 20:53,QCOM,Stock,SELL,15,189.39
2026-06-27 20:53,CRM,Stock,SELL,30,158.37
2026-06-27 20:53,AVGO,Stock,SELL,18,365.02
2026-06-27 20:53,ORCL,Stock,SELL,28,148.53
2026-06-27 20:53,IBM,Stock,SELL,12,271.63
2026-06-27 20:53,TXN,Stock,BUY,20,285.43
2026-06-27 20:53,AMGN,Stock,BUY,26,358.33
2026-06-27 20:53,HON,Stock,BUY,32,232.21
2026-06-27 20:53,PEP,Stock,BUY,16,141.39
2026-06-27 20:53,KO,Stock,BUY,29,82.63
2026-06-27 20:53,MCD,Stock,SELL,26,269.76
2026-06-27 20:53,WMT,Stock,BUY,11,115.69
2026-06-27 20:53,CAT,Stock,BUY,36,997.47
2026-06-27 20:53,JNJ,Stock,BUY,38,254.66
2026-06-27 20:53,V,Stock,BUY,27,336.23
2026-06-27 20:53,HD,Stock,BUY,31,348.86
2026-06-27 20:53,BAC,Stock,BUY,28,57.88
2026-06-27 20:53,JPM,Stock,BUY,25,329.05
2026-06-27 20:53,UNH,Stock,BUY,23,427.89
2026-06-27 20:53,CVX,Stock,SELL,23,171.06
2026-06-27 20:53,XOM,Stock,SELL,36,136.54
2026-06-27 20:53,NFLX,Stock,SELL,38,73.81
2026-06-27 20:53,LMT,Stock,SELL,22,507.4
2026-06-27 20:53,BLK,Stock,SELL,19,964.71
2026-06-27 20:53,SPGI,Stock,SELL,18,408.16
2026-06-27 20:53,MS,Stock,SELL,15,212.03
2026-06-27 20:53,RTX,Stock,BUY,9,187.99
2026-06-27 20:53,SPY,ETF,BUY,14,728.99
2026-06-27 20:53,VOO,ETF,BUY,14,670.26
2026-06-27 20:53,IVV,ETF,BUY,14,730.17
2026-06-27 20:53,VTI,ETF,SELL,14,362.22
2026-06-27 20:53,QQQ,ETF,BUY,14,706.52
2026-06-27 20:53,VUG,ETF,BUY,20,82.76
2026-06-27 20:53,VEA,ETF,BUY,13,70.56
2026-06-27 20:53,VTV,ETF,BUY,38,218.39
2026-06-27 20:53,IEFA,ETF,BUY,14,95.49
2026-06-27 20:53,AGG,ETF,BUY,12,99.34
2026-06-27 20:53,IEMG,ETF,BUY,15,81.3
2026-06-27 20:53,IJH,ETF,BUY,24,76.22
2026-06-27 20:53,IJR,ETF,BUY,32,147.41
2026-06-27 20:53,VIG,ETF,BUY,12,234.56
2026-06-27 20:53,VYM,ETF,BUY,14,158.22
2026-06-27 20:53,SCHD,ETF,BUY,20,32.09
2026-06-27 20:53,XLK,ETF,BUY,16,181.11
2026-06-27 20:53,VT,ETF,BUY,14,153.95
2026-06-27 20:53,ACWI,ETF,BUY,14,154.28
2026-06-27 21:57,AAPL,Stock,BUY,16,283.78
2026-06-27 21:57,MSFT,Stock,SELL,31,372.97
2026-06-27 21:57,NVDA,Stock,SELL,11,192.53
2026-06-27 21:57,AMZN,Stock,SELL,10,232.69
2026-06-27 21:57,GOOGL,Stock,BUY,34,337.39
2026-06-27 21:57,GOOG,Stock,BUY,34,334.69
2026-06-27 21:57,TSLA,Stock,SELL,30,379.71
2026-06-27 21:57,META,Stock,SELL,27,550.25
2026-06-27 21:57,ADBE,Stock,SELL,36,202.73
2026-06-27 21:57,AMD,Stock,BUY,15,521.58
2026-06-27 21:57,INTC,Stock,BUY,37,128.32
2026-06-27 21:57,CSCO,Stock,BUY,36,113.77
2026-06-27 21:57,QCOM,Stock,SELL,15,189.39
2026-06-27 21:57,CRM,Stock,SELL,30,158.37
2026-06-27 21:57,AVGO,Stock,SELL,18,365.02
2026-06-27 21:57,ORCL,Stock,SELL,28,148.53
2026-06-27 21:57,IBM,Stock,SELL,12,271.63
2026-06-27 21:57,TXN,Stock,BUY,20,285.43
2026-06-27 21:57,AMGN,Stock,BUY,26,358.33
2026-06-27 21:57,HON,Stock,BUY,32,232.21
2026-06-27 21:57,PEP,Stock,BUY,16,141.39
2026-06-27 21:57,KO,Stock,BUY,29,82.63
2026-06-27 21:57,MCD,Stock,SELL,26,269.76
2026-06-27 21:57,WMT,Stock,BUY,11,115.69
2026-06-27 21:57,CAT,Stock,BUY,36,997.47
2026-06-27 21:57,JNJ,Stock,BUY,38,254.66
2026-06-27 21:57,V,Stock,BUY,27,336.23
2026-06-27 21:57,HD,Stock,BUY,31,348.86
2026-06-27 21:57,BAC,Stock,BUY,28,57.88
2026-06-27 21:57,JPM,Stock,BUY,25,329.05
2026-06-27 21:57,UNH,Stock,BUY,23,427.89
2026-06-27 21:57,CVX,Stock,SELL,23,171.06
2026-06-27 21:57,XOM,Stock,SELL,36,136.54
2026-06-27 21:57,NFLX,Stock,SELL,38,73.81
2026-06-27 21:57,LMT,Stock,SELL,22,507.4
2026-06-27 21:57,BLK,Stock,SELL,19,964.71
2026-06-27 21:57,SPGI,Stock,SELL,18,408.16
2026-06-27 21:57,MS,Stock,SELL,15,212.03
2026-06-27 21:57,RTX,Stock,BUY,9,187.99
2026-06-27 21:57,SPY,ETF,BUY,14,728.99
2026-06-27 21:57,VOO,ETF,BUY,14,670.26
2026-06-27 21:57,IVV,ETF,BUY,14,730.17
2026-06-27 21:57,VTI,ETF,SELL,14,362.22
2026-06-27 21:57,QQQ,ETF,BUY,14,706.52
2026-06-27 21:57,VUG,ETF,BUY,20,82.76
2026-06-27 21:57,VEA,ETF,BUY,13,70.56
2026-06-27 21:57,VTV,ETF,BUY,38,218.39
2026-06-27 21:57,IEFA,ETF,BUY,14,95.49
2026-06-27 21:57,AGG,ETF,BUY,12,99.34
2026-06-27 21:57,IEMG,ETF,BUY,15,81.3
2026-06-27 21:57,IJH,ETF,BUY,24,76.22
2026-06-27 21:57,IJR,ETF,BUY,32,147.41
2026-06-27 21:57,VIG,ETF,BUY,12,234.56
2026-06-27 21:57,VYM,ETF,BUY,14,158.22
2026-06-27 21:57,SCHD,ETF,BUY,20,32.09
2026-06-27 21:57,XLK,ETF,BUY,16,181.11
2026-06-27 21:57,VT,ETF,BUY,14,153.95
2026-06-27 21:57,ACWI,ETF,BUY,14,154.28
2026-06-27 23:00,AAPL,Stock,BUY,16,
2026-06-27 23:00,MSFT,Stock,SELL,30,
2026-06-27 23:00,NVDA,Stock,SELL,11,
2026-06-27 23:00,AMZN,Stock,SELL,10,
2026-06-27 23:00,GOOGL,Stock,BUY,17,
2026-06-27 23:00,GOOG,Stock,BUY,17,
2026-06-27 23:00,TSLA,Stock,SELL,30,
2026-06-27 23:00,META,Stock,SELL,26,
2026-06-27 23:00,ADBE,Stock,SELL,36,
2026-06-27 23:00,AMD,Stock,BUY,15,
2026-06-27 23:00,INTC,Stock,BUY,37,
2026-06-27 23:00,CSCO,Stock,BUY,18,
2026-06-27 23:00,QCOM,Stock,SELL,15,
2026-06-27 23:00,CRM,Stock,SELL,30,
2026-06-27 23:00,AVGO,Stock,BUY,11,
2026-06-27 23:00,ORCL,Stock,SELL,14,
2026-06-27 23:00,IBM,Stock,SELL,12,
2026-06-27 23:00,TXN,Stock,BUY,20,
2026-06-27 23:00,AMGN,Stock,BUY,26,
2026-06-27 23:00,HON,Stock,BUY,31,
2026-06-27 23:00,PEP,Stock,BUY,16,
2026-06-27 23:00,KO,Stock,BUY,14,
2026-06-27 23:00,MCD,Stock,SELL,26,
2026-06-27 23:00,WMT,Stock,BUY,11,
2026-06-27 23:00,CAT,Stock,BUY,36,
2026-06-27 23:00,JNJ,Stock,BUY,37,
2026-06-27 23:00,V,Stock,BUY,25,
2026-06-27 23:00,HD,Stock,BUY,31,
2026-06-27 23:00,BAC,Stock,BUY,26,
2026-06-27 23:00,JPM,Stock,BUY,23,
2026-06-27 23:00,UNH,Stock,BUY,11,
2026-06-27 23:00,CVX,Stock,SELL,19,
2026-06-27 23:00,XOM,Stock,SELL,33,
2026-06-27 23:00,NFLX,Stock,SELL,37,
2026-06-27 23:00,LMT,Stock,SELL,22,
2026-06-27 23:00,BLK,Stock,SELL,19,
2026-06-27 23:00,SPGI,Stock,SELL,18,
2026-06-27 23:00,MS,Stock,SELL,15,
2026-06-27 23:00,RTX,Stock,BUY,9,
2026-06-27 23:00,SPY,ETF,BUY,14,
2026-06-27 23:00,VOO,ETF,BUY,14,
2026-06-27 23:00,IVV,ETF,BUY,14,
2026-06-27 23:00,VTI,ETF,SELL,14,
2026-06-27 23:00,QQQ,ETF,BUY,14,
2026-06-27 23:00,VUG,ETF,BUY,20,
2026-06-27 23:00,VEA,ETF,BUY,13,
2026-06-27 23:00,IEFA,ETF,BUY,14,
2026-06-27 23:00,AGG,ETF,BUY,12,
2026-06-27 23:00,IEMG,ETF,BUY,15,
2026-06-27 23:00,IJH,ETF,BUY,23,
2026-06-27 23:00,VIG,ETF,BUY,12,
2026-06-27 23:00,VYM,ETF,BUY,14,
2026-06-27 23:00,SCHD,ETF,BUY,20,
2026-06-27 23:00,XLK,ETF,BUY,16,
2026-06-27 23:00,VT,ETF,BUY,14,
2026-06-27 23:00,ACWI,ETF,BUY,14,
2026-06-28 02:46,AAPL,Stock,BUY,16,283.78
2026-06-28 02:46,MSFT,Stock,SELL,31,372.97
2026-06-28 02:46,NVDA,Stock,SELL,11,192.53
2026-06-28 02:46,AMZN,Stock,SELL,10,232.69
2026-06-28 02:46,GOOGL,Stock,BUY,34,337.39
2026-06-28 02:46,GOOG,Stock,BUY,34,334.69
2026-06-28 02:46,TSLA,Stock,SELL,30,379.71
2026-06-28 02:46,META,Stock,SELL,27,550.25
2026-06-28 02:46,ADBE,Stock,SELL,36,202.73
2026-06-28 02:46,AMD,Stock,BUY,15,521.58
2026-06-28 02:46,INTC,Stock,BUY,37,128.32
2026-06-28 02:46,CSCO,Stock,BUY,36,113.77
2026-06-28 02:46,QCOM,Stock,SELL,15,189.39
2026-06-28 02:46,CRM,Stock,SELL,30,158.37
2026-06-28 02:46,AVGO,Stock,SELL,18,365.02
2026-06-28 02:46,ORCL,Stock,SELL,28,148.53
2026-06-28 02:46,IBM,Stock,SELL,12,271.63
2026-06-28 02:46,TXN,Stock,BUY,20,285.43
2026-06-28 02:46,AMGN,Stock,BUY,26,358.33
2026-06-28 02:46,HON,Stock,BUY,32,232.21
2026-06-28 02:46,PEP,Stock,BUY,16,141.39
2026-06-28 02:46,KO,Stock,BUY,29,82.63
2026-06-28 02:46,MCD,Stock,SELL,26,269.76
2026-06-28 02:46,WMT,Stock,BUY,11,115.69
2026-06-28 02:46,CAT,Stock,BUY,36,997.47
2026-06-28 02:46,JNJ,Stock,BUY,38,254.66
2026-06-28 02:46,V,Stock,BUY,27,336.23
2026-06-28 02:46,HD,Stock,BUY,31,348.86
2026-06-28 02:46,BAC,Stock,BUY,28,57.88
2026-06-28 02:46,JPM,Stock,BUY,25,329.05
2026-06-28 02:46,UNH,Stock,BUY,23,427.89
2026-06-28 02:46,CVX,Stock,SELL,23,171.06
2026-06-28 02:46,XOM,Stock,SELL,36,136.54
2026-06-28 02:46,NFLX,Stock,SELL,38,73.81
2026-06-28 02:46,LMT,Stock,SELL,22,507.4
2026-06-28 02:46,BLK,Stock,SELL,19,964.71
2026-06-28 02:46,SPGI,Stock,SELL,18,408.16
2026-06-28 02:46,MS,Stock,SELL,15,212.03
2026-06-28 02:46,RTX,Stock,BUY,9,187.99
2026-06-28 02:47,SPY,ETF,BUY,14,728.99
2026-06-28 02:47,VOO,ETF,BUY,14,670.26
2026-06-28 02:47,IVV,ETF,BUY,14,730.17
2026-06-28 02:47,VTI,ETF,SELL,14,362.22
2026-06-28 02:47,QQQ,ETF,BUY,14,706.52
2026-06-28 02:47,VUG,ETF,BUY,20,82.76
2026-06-28 02:47,VEA,ETF,BUY,13,70.56
2026-06-28 02:47,VTV,ETF,BUY,38,218.39
2026-06-28 02:47,IEFA,ETF,BUY,14,95.49
2026-06-28 02:47,AGG,ETF,BUY,12,99.34
2026-06-28 02:47,IEMG,ETF,BUY,15,81.3
2026-06-28 02:47,IJH,ETF,BUY,24,76.22
2026-06-28 02:47,IJR,ETF,BUY,32,147.41
2026-06-28 02:47,VIG,ETF,BUY,12,234.56
2026-06-28 02:47,VYM,ETF,BUY,14,158.22
2026-06-28 02:47,SCHD,ETF,BUY,20,32.09
2026-06-28 02:47,XLK,ETF,BUY,16,181.11
2026-06-28 02:47,VT,ETF,BUY,14,153.95
2026-06-28 02:47,ACWI,ETF,BUY,14,154.28
2026-06-28 06:57,AAPL,Stock,BUY,16,283.78
2026-06-28 06:57,MSFT,Stock,SELL,31,372.97
2026-06-28 06:57,NVDA,Stock,SELL,11,192.53
2026-06-28 06:57,AMZN,Stock,SELL,10,232.69
2026-06-28 06:57,GOOGL,Stock,BUY,34,337.39
2026-06-28 06:57,GOOG,Stock,BUY,34,334.69
2026-06-28 06:57,TSLA,Stock,SELL,30,379.71
2026-06-28 06:57,META,Stock,SELL,27,550.25
2026-06-28 06:57,ADBE,Stock,SELL,36,202.73
2026-06-28 06:57,AMD,Stock,BUY,15,521.58
2026-06-28 06:57,INTC,Stock,BUY,37,128.32
2026-06-28 06:57,CSCO,Stock,BUY,36,113.77
2026-06-28 06:57,QCOM,Stock,SELL,15,189.39
2026-06-28 06:57,CRM,Stock,SELL,30,158.37
2026-06-28 06:57,AVGO,Stock,SELL,18,365.02
2026-06-28 06:57,ORCL,Stock,SELL,28,148.53
2026-06-28 06:57,IBM,Stock,SELL,12,271.63
2026-06-28 06:57,TXN,Stock,BUY,20,285.43
2026-06-28 06:57,AMGN,Stock,BUY,26,358.33
2026-06-28 06:57,HON,Stock,SELL,100,464.42
2026-06-28 06:57,PEP,Stock,BUY,16,141.39
2026-06-28 06:57,KO,Stock,BUY,29,82.63
2026-06-28 06:57,MCD,Stock,SELL,26,269.76
2026-06-28 06:57,WMT,Stock,BUY,11,115.69
2026-06-28 06:57,CAT,Stock,BUY,36,997.47
2026-06-28 06:57,JNJ,Stock,BUY,38,254.66
2026-06-28 06:57,V,Stock,BUY,27,336.23
2026-06-28 06:57,HD,Stock,BUY,31,348.86
2026-06-28 06:57,BAC,Stock,BUY,28,57.88
2026-06-28 06:57,JPM,Stock,BUY,25,329.05
2026-06-28 06:57,UNH,Stock,BUY,23,427.89
2026-06-28 06:57,CVX,Stock,SELL,23,171.06
2026-06-28 06:57,XOM,Stock,SELL,36,136.54
2026-06-28 06:57,NFLX,Stock,SELL,38,73.81
2026-06-28 06:57,LMT,Stock,SELL,22,507.4
2026-06-28 06:57,BLK,Stock,SELL,19,964.71
2026-06-28 06:57,SPGI,Stock,SELL,18,408.16
2026-06-28 06:57,MS,Stock,SELL,15,212.03
2026-06-28 06:57,RTX,Stock,BUY,9,187.99
2026-06-28 06:57,SPY,ETF,BUY,14,728.99
2026-06-28 06:57,VOO,ETF,BUY,14,670.26
2026-06-28 06:57,IVV,ETF,BUY,14,730.17
2026-06-28 06:57,VTI,ETF,SELL,14,362.22
2026-06-28 06:57,QQQ,ETF,BUY,14,706.52
2026-06-28 06:57,VUG,ETF,BUY,20,82.76
2026-06-28 06:57,VEA,ETF,BUY,13,70.56
2026-06-28 06:57,VTV,ETF,BUY,38,218.39
2026-06-28 06:57,IEFA,ETF,BUY,14,95.49
2026-06-28 06:57,AGG,ETF,BUY,12,99.34
2026-06-28 06:57,IEMG,ETF,BUY,15,81.3
2026-06-28 06:57,IJH,ETF,BUY,24,76.22
2026-06-28 06:57,IJR,ETF,BUY,32,147.41
2026-06-28 06:57,VIG,ETF,BUY,12,234.56
2026-06-28 06:57,VYM,ETF,BUY,14,158.22
2026-06-28 06:57,SCHD,ETF,BUY,20,32.09
2026-06-28 06:57,XLK,ETF,BUY,16,181.11
2026-06-28 06:57,VT,ETF,BUY,14,153.95
2026-06-28 06:57,ACWI,ETF,BUY,14,154.28
2026-06-28 09:56,AAPL,Stock,BUY,16,283.78
2026-06-28 09:56,MSFT,Stock,SELL,31,372.97
2026-06-28 09:56,NVDA,Stock,SELL,11,192.53
2026-06-28 09:56,AMZN,Stock,SELL,10,232.69
2026-06-28 09:56,GOOGL,Stock,BUY,34,337.39
2026-06-28 09:56,GOOG,Stock,BUY,34,334.69
2026-06-28 09:56,TSLA,Stock,SELL,30,379.71
2026-06-28 09:56,META,Stock,SELL,27,550.25
2026-06-28 09:56,ADBE,Stock,SELL,36,202.73
2026-06-28 09:56,AMD,Stock,BUY,15,521.58
2026-06-28 09:56,INTC,Stock,BUY,37,128.32
2026-06-28 09:56,CSCO,Stock,BUY,36,113.77
2026-06-28 09:56,QCOM,Stock,SELL,15,189.39
2026-06-28 09:56,CRM,Stock,SELL,30,158.37
2026-06-28 09:56,AVGO,Stock,SELL,18,365.02
2026-06-28 09:56,ORCL,Stock,SELL,28,148.53
2026-06-28 09:56,IBM,Stock,SELL,12,271.63
2026-06-28 09:56,TXN,Stock,BUY,20,285.43
2026-06-28 09:56,AMGN,Stock,BUY,26,358.33
2026-06-28 09:56,HON,Stock,BUY,32,464.42
2026-06-28 09:56,PEP,Stock,BUY,16,141.39
2026-06-28 09:56,KO,Stock,BUY,29,82.63
2026-06-28 09:56,MCD,Stock,SELL,26,269.76
2026-06-28 09:56,WMT,Stock,BUY,11,115.69
2026-06-28 09:56,CAT,Stock,BUY,36,997.47
2026-06-28 09:56,JNJ,Stock,BUY,38,254.66
2026-06-28 09:56,V,Stock,BUY,27,336.23
2026-06-28 09:56,HD,Stock,BUY,31,348.86
2026-06-28 09:56,BAC,Stock,BUY,28,57.88
2026-06-28 09:56,JPM,Stock,BUY,25,329.05
2026-06-28 09:56,UNH,Stock,BUY,23,427.89
2026-06-28 09:56,CVX,Stock,SELL,23,171.06
2026-06-28 09:56,XOM,Stock,SELL,36,136.54
2026-06-28 09:56,NFLX,Stock,SELL,38,73.81
2026-06-28 09:56,LMT,Stock,SELL,22,507.4
2026-06-28 09:56,BLK,Stock,SELL,19,964.71
2026-06-28 09:56,SPGI,Stock,SELL,18,408.16
2026-06-28 09:56,MS,Stock,SELL,15,212.03
2026-06-28 09:56,RTX,Stock,BUY,9,187.99
2026-06-28 09:56,SPY,ETF,BUY,14,728.99
2026-06-28 09:56,VOO,ETF,BUY,14,670.26
2026-06-28 09:56,IVV,ETF,BUY,14,730.17
2026-06-28 09:56,VTI,ETF,SELL,14,362.22
2026-06-28 09:56,QQQ,ETF,BUY,14,706.52
2026-06-28 09:56,VUG,ETF,BUY,20,82.76
2026-06-28 09:56,VEA,ETF,BUY,13,70.56
2026-06-28 09:56,VTV,ETF,BUY,38,218.39
2026-06-28 09:56,IEFA,ETF,BUY,14,95.49
2026-06-28 09:56,AGG,ETF,BUY,12,99.34
2026-06-28 09:56,IEMG,ETF,BUY,15,81.3
2026-06-28 09:56,IJH,ETF,BUY,24,76.22
2026-06-28 09:56,IJR,ETF,BUY,32,147.41
2026-06-28 09:56,VIG,ETF,BUY,12,234.56
2026-06-28 09:56,VYM,ETF,BUY,14,158.22
2026-06-28 09:56,SCHD,ETF,BUY,20,32.09
2026-06-28 09:56,XLK,ETF,BUY,16,181.11
2026-06-28 09:56,VT,ETF,BUY,14,153.95
2026-06-28 09:56,ACWI,ETF,BUY,14,154.28
2026-06-28 11:44,AAPL,Stock,BUY,16,283.78
2026-06-28 11:44,MSFT,Stock,SELL,31,372.97
2026-06-28 11:44,NVDA,Stock,SELL,11,192.53
2026-06-28 11:44,AMZN,Stock,SELL,10,232.69
2026-06-28 11:44,GOOGL,Stock,BUY,34,337.39
2026-06-28 11:44,GOOG,Stock,BUY,34,334.69
2026-06-28 11:44,TSLA,Stock,SELL,30,379.71
2026-06-28 11:44,META,Stock,SELL,27,550.25
2026-06-28 11:44,ADBE,Stock,SELL,36,202.73
2026-06-28 11:44,AMD,Stock,BUY,15,521.58
2026-06-28 11:44,INTC,Stock,BUY,37,128.32
2026-06-28 11:44,CSCO,Stock,BUY,36,113.77
2026-06-28 11:44,QCOM,Stock,SELL,15,189.39
2026-06-28 11:44,CRM,Stock,SELL,30,158.37
2026-06-28 11:44,AVGO,Stock,SELL,18,365.02
2026-06-28 11:44,ORCL,Stock,SELL,28,148.53
2026-06-28 11:44,IBM,Stock,SELL,12,271.63
2026-06-28 11:44,TXN,Stock,BUY,20,285.43
2026-06-28 11:44,AMGN,Stock,BUY,26,358.33
2026-06-28 11:44,HON,Stock,BUY,32,464.42
2026-06-28 11:44,PEP,Stock,BUY,16,141.39
2026-06-28 11:44,KO,Stock,BUY,29,82.63
2026-06-28 11:44,MCD,Stock,SELL,26,269.76
2026-06-28 11:44,WMT,Stock,BUY,11,115.69
2026-06-28 11:44,CAT,Stock,BUY,36,997.47
2026-06-28 11:44,JNJ,Stock,BUY,38,254.66
2026-06-28 11:44,V,Stock,BUY,27,336.23
2026-06-28 11:44,HD,Stock,BUY,31,348.86
2026-06-28 11:44,BAC,Stock,BUY,28,57.88
2026-06-28 11:44,JPM,Stock,BUY,25,329.05
2026-06-28 11:44,UNH,Stock,BUY,23,427.89
2026-06-28 11:44,CVX,Stock,SELL,23,171.06
2026-06-28 11:44,XOM,Stock,SELL,36,136.54
2026-06-28 11:44,NFLX,Stock,SELL,38,73.81
2026-06-28 11:44,LMT,Stock,SELL,22,507.4
2026-06-28 11:44,BLK,Stock,SELL,19,964.71
2026-06-28 11:44,SPGI,Stock,SELL,18,408.16
2026-06-28 11:44,MS,Stock,SELL,15,212.03
2026-06-28 11:44,RTX,Stock,BUY,9,187.99
2026-06-28 11:44,SPY,ETF,BUY,14,728.99
2026-06-28 11:44,VOO,ETF,BUY,14,670.26
2026-06-28 11:44,IVV,ETF,BUY,14,730.17
2026-06-28 11:44,VTI,ETF,SELL,14,362.22
2026-06-28 11:44,QQQ,ETF,BUY,14,706.52
2026-06-28 11:44,VUG,ETF,BUY,20,82.76
2026-06-28 11:44,VEA,ETF,BUY,13,70.56
2026-06-28 11:44,VTV,ETF,BUY,38,218.39
2026-06-28 11:44,IEFA,ETF,BUY,14,95.49
2026-06-28 11:44,AGG,ETF,BUY,12,99.34
2026-06-28 11:44,IEMG,ETF,BUY,15,81.3
2026-06-28 11:44,IJH,ETF,BUY,24,76.22
2026-06-28 11:44,IJR,ETF,BUY,32,147.41
2026-06-28 11:44,VIG,ETF,BUY,12,234.56
2026-06-28 11:44,VYM,ETF,BUY,14,158.22
2026-06-28 11:44,SCHD,ETF,BUY,20,32.09
2026-06-28 11:44,XLK,ETF,BUY,16,181.11
2026-06-28 11:44,VT,ETF,BUY,14,153.95
2026-06-28 11:44,ACWI,ETF,BUY,14,154.28
2026-06-28 13:22,AAPL,Stock,BUY,16,283.78
2026-06-28 13:22,MSFT,Stock,SELL,31,372.97
2026-06-28 13:22,NVDA,Stock,SELL,11,192.53
2026-06-28 13:22,AMZN,Stock,SELL,10,232.69
2026-06-28 13:22,GOOGL,Stock,BUY,34,337.39
2026-06-28 13:22,GOOG,Stock,BUY,34,334.69
2026-06-28 13:22,TSLA,Stock,SELL,30,379.71
2026-06-28 13:22,META,Stock,SELL,27,550.25
2026-06-28 13:22,ADBE,Stock,SELL,36,202.73
2026-06-28 13:22,AMD,Stock,BUY,15,521.58
2026-06-28 13:22,INTC,Stock,BUY,37,128.32
2026-06-28 13:22,CSCO,Stock,BUY,36,113.77
2026-06-28 13:22,QCOM,Stock,SELL,15,189.39
2026-06-28 13:22,CRM,Stock,SELL,30,158.37
2026-06-28 13:22,AVGO,Stock,SELL,18,365.02
2026-06-28 13:22,ORCL,Stock,SELL,28,148.53
2026-06-28 13:22,IBM,Stock,SELL,12,271.63
2026-06-28 13:22,TXN,Stock,BUY,20,285.43
2026-06-28 13:22,AMGN,Stock,BUY,26,358.33
2026-06-28 13:22,HON,Stock,BUY,32,464.42
2026-06-28 13:22,PEP,Stock,BUY,16,141.39
2026-06-28 13:22,KO,Stock,BUY,29,82.63
2026-06-28 13:22,MCD,Stock,SELL,26,269.76
2026-06-28 13:22,WMT,Stock,BUY,11,115.69
2026-06-28 13:22,CAT,Stock,BUY,36,997.47
2026-06-28 13:22,JNJ,Stock,BUY,38,254.66
2026-06-28 13:22,V,Stock,BUY,27,336.23
2026-06-28 13:22,HD,Stock,BUY,31,348.86
2026-06-28 13:22,BAC,Stock,BUY,28,57.88
2026-06-28 13:22,JPM,Stock,BUY,25,329.05
2026-06-28 13:22,UNH,Stock,BUY,23,427.89
2026-06-28 13:22,CVX,Stock,SELL,23,171.06
2026-06-28 13:22,XOM,Stock,SELL,36,136.54
2026-06-28 13:22,NFLX,Stock,SELL,38,73.81
2026-06-28 13:22,LMT,Stock,SELL,22,507.4
2026-06-28 13:22,BLK,Stock,SELL,19,964.71
2026-06-28 13:22,SPGI,Stock,SELL,18,408.16
2026-06-28 13:22,MS,Stock,SELL,15,212.03
2026-06-28 13:22,RTX,Stock,BUY,9,187.99
2026-06-28 13:22,SPY,ETF,BUY,14,728.99
2026-06-28 13:22,VOO,ETF,BUY,14,670.26
2026-06-28 13:22,IVV,ETF,BUY,14,730.17
2026-06-28 13:22,VTI,ETF,SELL,14,362.22
2026-06-28 13:22,QQQ,ETF,BUY,14,706.52
2026-06-28 13:22,VUG,ETF,BUY,20,82.76
2026-06-28 13:22,VEA,ETF,BUY,13,70.56
2026-06-28 13:22,VTV,ETF,BUY,38,218.39
2026-06-28 13:22,IEFA,ETF,BUY,14,95.49
2026-06-28 13:22,AGG,ETF,BUY,12,99.34
2026-06-28 13:22,IEMG,ETF,BUY,15,81.3
2026-06-28 13:22,IJH,ETF,BUY,24,76.22
2026-06-28 13:22,IJR,ETF,BUY,32,147.41
2026-06-28 13:22,VIG,ETF,BUY,12,234.56
2026-06-28 13:22,VYM,ETF,BUY,14,158.22
2026-06-28 13:22,SCHD,ETF,BUY,20,32.09
2026-06-28 13:22,XLK,ETF,BUY,16,181.11
2026-06-28 13:22,VT,ETF,BUY,14,153.95
2026-06-28 13:22,ACWI,ETF,BUY,14,154.28
2026-06-28 15:13,AAPL,Stock,BUY,16,283.78
2026-06-28 15:13,MSFT,Stock,SELL,31,372.97
2026-06-28 15:13,NVDA,Stock,SELL,11,192.53
2026-06-28 15:13,AMZN,Stock,SELL,10,232.69
2026-06-28 15:13,GOOGL,Stock,BUY,34,337.39
2026-06-28 15:13,GOOG,Stock,BUY,34,334.69
2026-06-28 15:13,TSLA,Stock,SELL,30,379.71
2026-06-28 15:13,META,Stock,SELL,27,550.25
2026-06-28 15:13,ADBE,Stock,SELL,36,202.73
2026-06-28 15:13,AMD,Stock,BUY,15,521.58
2026-06-28 15:13,INTC,Stock,BUY,37,128.32
2026-06-28 15:13,CSCO,Stock,BUY,36,113.77
2026-06-28 15:13,QCOM,Stock,SELL,15,189.39
2026-06-28 15:13,CRM,Stock,SELL,30,158.37
2026-06-28 15:13,AVGO,Stock,SELL,18,365.02
2026-06-28 15:13,ORCL,Stock,SELL,28,148.53
2026-06-28 15:13,IBM,Stock,SELL,12,271.63
2026-06-28 15:13,TXN,Stock,BUY,20,285.43
2026-06-28 15:13,AMGN,Stock,BUY,26,358.33
2026-06-28 15:13,HON,Stock,BUY,32,464.42
2026-06-28 15:13,PEP,Stock,BUY,16,141.39
2026-06-28 15:13,KO,Stock,BUY,29,82.63
2026-06-28 15:13,MCD,Stock,SELL,26,269.76
2026-06-28 15:13,WMT,Stock,BUY,11,115.69
2026-06-28 15:13,CAT,Stock,BUY,36,997.47
2026-06-28 15:13,JNJ,Stock,BUY,38,254.66
2026-06-28 15:13,V,Stock,BUY,27,336.23
2026-06-28 15:13,HD,Stock,BUY,31,348.86
2026-06-28 15:13,BAC,Stock,BUY,28,57.88
2026-06-28 15:13,JPM,Stock,BUY,25,329.05
2026-06-28 15:13,UNH,Stock,BUY,23,427.89
2026-06-28 15:13,CVX,Stock,SELL,23,171.06
2026-06-28 15:13,XOM,Stock,SELL,36,136.54
2026-06-28 15:13,NFLX,Stock,SELL,38,73.81
2026-06-28 15:13,LMT,Stock,SELL,22,507.4
2026-06-28 15:13,BLK,Stock,SELL,19,964.71
2026-06-28 15:13,SPGI,Stock,SELL,18,408.16
2026-06-28 15:13,MS,Stock,SELL,15,212.03
2026-06-28 15:13,RTX,Stock,BUY,9,187.99
2026-06-28 15:13,SPY,ETF,BUY,14,728.99
2026-06-28 15:13,VOO,ETF,BUY,14,670.26
2026-06-28 15:13,IVV,ETF,BUY,14,730.17
2026-06-28 15:13,VTI,ETF,SELL,14,362.22
2026-06-28 15:13,QQQ,ETF,BUY,14,706.52
2026-06-28 15:13,VUG,ETF,BUY,20,82.76
2026-06-28 15:13,VEA,ETF,BUY,13,70.56
2026-06-28 15:13,VTV,ETF,BUY,38,218.39
2026-06-28 15:13,IEFA,ETF,BUY,14,95.49
2026-06-28 15:13,AGG,ETF,BUY,12,99.34
2026-06-28 15:13,IEMG,ETF,BUY,15,81.3
2026-06-28 15:13,IJH,ETF,BUY,24,76.22
2026-06-28 15:13,IJR,ETF,BUY,32,147.41
2026-06-28 15:13,VIG,ETF,BUY,12,234.56
2026-06-28 15:13,VYM,ETF,BUY,14,158.22
2026-06-28 15:13,SCHD,ETF,BUY,20,32.09
2026-06-28 15:13,XLK,ETF,BUY,16,181.11
2026-06-28 15:13,VT,ETF,BUY,14,153.95
2026-06-28 15:13,ACWI,ETF,BUY,14,154.28
2026-06-28 17:01,AAPL,Stock,BUY,16,283.78
2026-06-28 17:01,MSFT,Stock,SELL,31,372.97
2026-06-28 17:01,NVDA,Stock,SELL,11,192.53
2026-06-28 17:01,AMZN,Stock,SELL,10,232.69
2026-06-28 17:01,GOOGL,Stock,BUY,34,337.39
2026-06-28 17:01,GOOG,Stock,BUY,34,334.69
2026-06-28 17:01,TSLA,Stock,SELL,30,379.71
2026-06-28 17:01,META,Stock,SELL,27,550.25
2026-06-28 17:01,ADBE,Stock,SELL,36,202.73
2026-06-28 17:01,AMD,Stock,BUY,15,521.58
2026-06-28 17:01,INTC,Stock,BUY,37,128.32
2026-06-28 17:01,CSCO,Stock,BUY,36,113.77
2026-06-28 17:01,QCOM,Stock,SELL,15,189.39
2026-06-28 17:01,CRM,Stock,SELL,30,158.37
2026-06-28 17:01,AVGO,Stock,SELL,18,365.02
2026-06-28 17:01,ORCL,Stock,SELL,28,148.53
2026-06-28 17:01,IBM,Stock,SELL,12,271.63
2026-06-28 17:01,TXN,Stock,BUY,20,285.43
2026-06-28 17:01,AMGN,Stock,BUY,26,358.33
2026-06-28 17:01,HON,Stock,BUY,32,464.42
2026-06-28 17:01,PEP,Stock,BUY,16,141.39
2026-06-28 17:01,KO,Stock,BUY,29,82.63
2026-06-28 17:01,MCD,Stock,SELL,26,269.76
2026-06-28 17:01,WMT,Stock,BUY,11,115.69
2026-06-28 17:01,CAT,Stock,BUY,36,997.47
2026-06-28 17:01,JNJ,Stock,BUY,38,254.66
2026-06-28 17:01,V,Stock,BUY,27,336.23
2026-06-28 17:01,HD,Stock,BUY,31,348.86
2026-06-28 17:01,BAC,Stock,BUY,28,57.88
2026-06-28 17:01,JPM,Stock,BUY,25,329.05
2026-06-28 17:01,UNH,Stock,BUY,23,427.89
2026-06-28 17:01,CVX,Stock,SELL,23,171.06
2026-06-28 17:01,XOM,Stock,SELL,36,136.54
2026-06-28 17:01,NFLX,Stock,SELL,38,73.81
2026-06-28 17:01,LMT,Stock,SELL,22,507.4
2026-06-28 17:01,BLK,Stock,SELL,19,964.71
2026-06-28 17:01,SPGI,Stock,SELL,18,408.16
2026-06-28 17:01,MS,Stock,SELL,15,212.03
2026-06-28 17:01,RTX,Stock,BUY,9,187.99
2026-06-28 17:01,SPY,ETF,BUY,14,728.99
2026-06-28 17:01,VOO,ETF,BUY,14,670.26
2026-06-28 17:01,IVV,ETF,BUY,14,730.17
2026-06-28 17:01,VTI,ETF,SELL,14,362.22
2026-06-28 17:01,QQQ,ETF,BUY,14,706.52
2026-06-28 17:01,VUG,ETF,BUY,20,82.76
2026-06-28 17:01,VEA,ETF,BUY,13,70.56
2026-06-28 17:01,VTV,ETF,BUY,38,218.39
2026-06-28 17:01,IEFA,ETF,BUY,14,95.49
2026-06-28 17:01,AGG,ETF,BUY,12,99.34
2026-06-28 17:01,IEMG,ETF,BUY,15,81.3
2026-06-28 17:01,IJH,ETF,BUY,24,76.22
2026-06-28 17:01,IJR,ETF,BUY,32,147.41
2026-06-28 17:01,VIG,ETF,BUY,12,234.56
2026-06-28 17:01,VYM,ETF,BUY,14,158.22
2026-06-28 17:01,SCHD,ETF,BUY,20,32.09
2026-06-28 17:02,XLK,ETF,BUY,16,181.11
2026-06-28 17:02,VT,ETF,BUY,14,153.95
2026-06-28 17:02,ACWI,ETF,BUY,14,154.28
2026-06-28 19:07,AAPL,Stock,BUY,16,283.78
2026-06-28 19:07,MSFT,Stock,SELL,31,372.97
2026-06-28 19:07,NVDA,Stock,SELL,11,192.53
2026-06-28 19:07,AMZN,Stock,SELL,10,232.69
2026-06-28 19:07,GOOGL,Stock,BUY,34,337.39
2026-06-28 19:07,GOOG,Stock,BUY,34,334.69
2026-06-28 19:07,TSLA,Stock,SELL,30,379.71
2026-06-28 19:07,META,Stock,SELL,27,550.25
2026-06-28 19:07,ADBE,Stock,SELL,36,202.73
2026-06-28 19:07,AMD,Stock,BUY,15,521.58
2026-06-28 19:07,INTC,Stock,BUY,37,128.32
2026-06-28 19:07,CSCO,Stock,BUY,36,113.77
2026-06-28 19:07,QCOM,Stock,SELL,15,189.39
2026-06-28 19:07,CRM,Stock,SELL,30,158.37
2026-06-28 19:07,AVGO,Stock,SELL,18,365.02
2026-06-28 19:07,ORCL,Stock,SELL,28,148.53
2026-06-28 19:07,IBM,Stock,SELL,12,271.63
2026-06-28 19:07,TXN,Stock,BUY,20,285.43
2026-06-28 19:07,AMGN,Stock,BUY,26,358.33
2026-06-28 19:07,HON,Stock,BUY,32,464.42
2026-06-28 19:07,PEP,Stock,BUY,16,141.39
2026-06-28 19:07,KO,Stock,BUY,29,82.63
2026-06-28 19:07,MCD,Stock,SELL,26,269.76
2026-06-28 19:07,WMT,Stock,BUY,11,115.69
2026-06-28 19:07,CAT,Stock,BUY,36,997.47
2026-06-28 19:07,JNJ,Stock,BUY,38,254.66
2026-06-28 19:07,V,Stock,BUY,27,336.23
2026-06-28 19:07,HD,Stock,BUY,31,348.86
2026-06-28 19:07,BAC,Stock,BUY,28,57.88
2026-06-28 19:07,JPM,Stock,BUY,25,329.05
2026-06-28 19:07,UNH,Stock,BUY,23,427.89
2026-06-28 19:07,CVX,Stock,SELL,23,171.06
2026-06-28 19:07,XOM,Stock,SELL,36,136.54
2026-06-28 19:07,NFLX,Stock,SELL,38,73.81
2026-06-28 19:07,LMT,Stock,SELL,22,507.4
2026-06-28 19:07,BLK,Stock,SELL,19,964.71
2026-06-28 19:07,SPGI,Stock,SELL,18,408.16
2026-06-28 19:07,MS,Stock,SELL,15,212.03
2026-06-28 19:07,RTX,Stock,BUY,9,187.99
2026-06-28 19:07,SPY,ETF,BUY,14,728.99
2026-06-28 19:07,VOO,ETF,BUY,14,670.26
2026-06-28 19:07,IVV,ETF,BUY,14,730.17
2026-06-28 19:07,VTI,ETF,SELL,14,362.22
2026-06-28 19:07,QQQ,ETF,BUY,14,706.52
2026-06-28 19:07,VUG,ETF,BUY,20,82.76
2026-06-28 19:07,VEA,ETF,BUY,13,70.56
2026-06-28 19:07,VTV,ETF,BUY,38,218.39
2026-06-28 19:07,IEFA,ETF,BUY,14,95.49
2026-06-28 19:07,AGG,ETF,BUY,12,99.34
2026-06-28 19:07,IEMG,ETF,BUY,15,81.3
2026-06-28 19:07,IJH,ETF,BUY,24,76.22
2026-06-28 19:07,IJR,ETF,BUY,32,147.41
2026-06-28 19:07,VIG,ETF,BUY,12,234.56
2026-06-28 19:07,VYM,ETF,BUY,14,158.22
2026-06-28 19:07,SCHD,ETF,BUY,20,32.09
2026-06-28 19:07,XLK,ETF,BUY,16,181.11
2026-06-28 19:07,VT,ETF,BUY,14,153.95
2026-06-28 19:07,ACWI,ETF,BUY,14,154.28
2026-06-28 20:54,AAPL,Stock,BUY,16,283.78
2026-06-28 20:54,MSFT,Stock,SELL,31,372.97
2026-06-28 20:54,NVDA,Stock,SELL,11,192.53
2026-06-28 20:54,AMZN,Stock,SELL,10,232.69
2026-06-28 20:54,GOOGL,Stock,BUY,34,337.39
2026-06-28 20:54,GOOG,Stock,BUY,34,334.69
2026-06-28 20:54,TSLA,Stock,SELL,30,379.71
2026-06-28 20:54,META,Stock,SELL,27,550.25
2026-06-28 20:54,ADBE,Stock,SELL,36,202.73
2026-06-28 20:54,AMD,Stock,BUY,15,521.58
2026-06-28 20:54,INTC,Stock,BUY,37,128.32
2026-06-28 20:54,CSCO,Stock,BUY,36,113.77
2026-06-28 20:54,QCOM,Stock,SELL,15,189.39
2026-06-28 20:54,CRM,Stock,SELL,30,158.37
2026-06-28 20:54,AVGO,Stock,SELL,18,365.02
2026-06-28 20:54,ORCL,Stock,SELL,28,148.53
2026-06-28 20:54,IBM,Stock,SELL,12,271.63
2026-06-28 20:54,TXN,Stock,BUY,20,285.43
2026-06-28 20:54,AMGN,Stock,BUY,26,358.33
2026-06-28 20:54,HON,Stock,BUY,32,464.42
2026-06-28 20:54,PEP,Stock,BUY,16,141.39
2026-06-28 20:54,KO,Stock,BUY,29,82.63
2026-06-28 20:54,MCD,Stock,SELL,26,269.76
2026-06-28 20:54,WMT,Stock,BUY,11,115.69
2026-06-28 20:54,CAT,Stock,BUY,36,997.47
2026-06-28 20:54,JNJ,Stock,BUY,38,254.66
2026-06-28 20:54,V,Stock,BUY,27,336.23
2026-06-28 20:54,HD,Stock,BUY,31,348.86
2026-06-28 20:54,BAC,Stock,BUY,28,57.88
2026-06-28 20:54,JPM,Stock,BUY,25,329.05
2026-06-28 20:54,UNH,Stock,BUY,23,427.89
2026-06-28 20:54,CVX,Stock,SELL,23,171.06
2026-06-28 20:54,XOM,Stock,SELL,36,136.54
2026-06-28 20:54,NFLX,Stock,SELL,38,73.81
2026-06-28 20:54,LMT,Stock,SELL,22,507.4
2026-06-28 20:54,BLK,Stock,SELL,19,964.71
2026-06-28 20:54,SPGI,Stock,SELL,18,408.16
2026-06-28 20:54,MS,Stock,SELL,15,212.03
2026-06-28 20:54,RTX,Stock,BUY,9,187.99
2026-06-28 20:54,SPY,ETF,BUY,14,728.99
2026-06-28 20:54,VOO,ETF,BUY,14,670.26
2026-06-28 20:54,IVV,ETF,BUY,14,730.17
2026-06-28 20:54,VTI,ETF,SELL,14,362.22
2026-06-28 20:54,QQQ,ETF,BUY,14,706.52
2026-06-28 20:54,VUG,ETF,BUY,20,82.76
2026-06-28 20:54,VEA,ETF,BUY,13,70.56
2026-06-28 20:54,VTV,ETF,BUY,38,218.39
2026-06-28 20:54,IEFA,ETF,BUY,14,95.49
2026-06-28 20:54,AGG,ETF,BUY,12,99.34
2026-06-28 20:54,IEMG,ETF,BUY,15,81.3
2026-06-28 20:54,IJH,ETF,BUY,24,76.22
2026-06-28 20:54,IJR,ETF,BUY,32,147.41
2026-06-28 20:54,VIG,ETF,BUY,12,234.56
2026-06-28 20:54,VYM,ETF,BUY,14,158.22
2026-06-28 20:54,SCHD,ETF,BUY,20,32.09
2026-06-28 20:54,XLK,ETF,BUY,16,181.11
2026-06-28 20:54,VT,ETF,BUY,14,153.95
2026-06-28 20:54,ACWI,ETF,BUY,14,154.28
2026-06-28 21:57,AAPL,Stock,BUY,16,283.78
2026-06-28 21:57,MSFT,Stock,SELL,31,372.97
2026-06-28 21:57,NVDA,Stock,SELL,11,192.53
2026-06-28 21:57,AMZN,Stock,SELL,10,232.69
2026-06-28 21:57,GOOGL,Stock,BUY,34,337.39
2026-06-28 21:57,GOOG,Stock,BUY,34,334.69
2026-06-28 21:57,TSLA,Stock,SELL,30,379.71
2026-06-28 21:57,META,Stock,SELL,27,550.25
2026-06-28 21:57,ADBE,Stock,SELL,36,202.73
2026-06-28 21:57,AMD,Stock,BUY,15,521.58
2026-06-28 21:57,INTC,Stock,BUY,37,128.32
2026-06-28 21:57,CSCO,Stock,BUY,36,113.77
2026-06-28 21:57,QCOM,Stock,SELL,15,189.39
2026-06-28 21:57,CRM,Stock,SELL,30,158.37
2026-06-28 21:57,AVGO,Stock,SELL,18,365.02
2026-06-28 21:57,ORCL,Stock,SELL,28,148.53
2026-06-28 21:57,IBM,Stock,SELL,12,271.63
2026-06-28 21:57,TXN,Stock,BUY,20,285.43
2026-06-28 21:57,AMGN,Stock,BUY,26,358.33
2026-06-28 21:57,HON,Stock,BUY,32,464.42
2026-06-28 21:57,PEP,Stock,BUY,16,141.39
2026-06-28 21:57,KO,Stock,BUY,29,82.63
2026-06-28 21:57,MCD,Stock,SELL,26,269.76
2026-06-28 21:57,WMT,Stock,BUY,11,115.69
2026-06-28 21:57,CAT,Stock,BUY,36,997.47
2026-06-28 21:57,JNJ,Stock,BUY,38,254.66
2026-06-28 21:57,V,Stock,BUY,27,336.23
2026-06-28 21:57,HD,Stock,BUY,31,348.86
2026-06-28 21:57,BAC,Stock,BUY,28,57.88
2026-06-28 21:57,JPM,Stock,BUY,25,329.05
2026-06-28 21:57,UNH,Stock,BUY,23,427.89
2026-06-28 21:57,CVX,Stock,SELL,23,171.06
2026-06-28 21:57,XOM,Stock,SELL,36,136.54
2026-06-28 21:57,NFLX,Stock,SELL,38,73.81
2026-06-28 21:57,LMT,Stock,SELL,22,507.4
2026-06-28 21:57,BLK,Stock,SELL,19,964.71
2026-06-28 21:57,SPGI,Stock,SELL,18,408.16
2026-06-28 21:57,MS,Stock,SELL,15,212.03
2026-06-28 21:57,RTX,Stock,BUY,9,187.99
2026-06-28 21:57,SPY,ETF,BUY,14,728.99
2026-06-28 21:57,VOO,ETF,BUY,14,670.26
2026-06-28 21:57,IVV,ETF,BUY,14,730.17
2026-06-28 21:57,VTI,ETF,SELL,14,362.22
2026-06-28 21:57,QQQ,ETF,BUY,14,706.52
2026-06-28 21:57,VUG,ETF,BUY,20,82.76
2026-06-28 21:57,VEA,ETF,BUY,13,70.56
2026-06-28 21:57,VTV,ETF,BUY,38,218.39
2026-06-28 21:57,IEFA,ETF,BUY,14,95.49
2026-06-28 21:57,AGG,ETF,BUY,12,99.34
2026-06-28 21:57,IEMG,ETF,BUY,15,81.3
2026-06-28 21:57,IJH,ETF,BUY,24,76.22
2026-06-28 21:57,IJR,ETF,BUY,32,147.41
2026-06-28 21:57,VIG,ETF,BUY,12,234.56
2026-06-28 21:57,VYM,ETF,BUY,14,158.22
2026-06-28 21:57,SCHD,ETF,BUY,20,32.09
2026-06-28 21:57,XLK,ETF,BUY,16,181.11
2026-06-28 21:57,VT,ETF,BUY,14,153.95
2026-06-28 21:57,ACWI,ETF,BUY,14,154.28
2026-06-28 22:59,AAPL,Stock,BUY,16,283.78
2026-06-28 22:59,MSFT,Stock,SELL,31,372.97
2026-06-28 22:59,NVDA,Stock,SELL,11,192.53
2026-06-28 22:59,AMZN,Stock,SELL,10,232.69
2026-06-28 22:59,GOOGL,Stock,BUY,34,337.39
2026-06-28 22:59,GOOG,Stock,BUY,34,334.69
2026-06-28 22:59,TSLA,Stock,SELL,30,379.71
2026-06-28 22:59,META,Stock,SELL,27,550.25
2026-06-28 22:59,ADBE,Stock,SELL,36,202.73
2026-06-28 22:59,AMD,Stock,BUY,15,521.58
2026-06-28 22:59,INTC,Stock,BUY,37,128.32
2026-06-28 22:59,CSCO,Stock,BUY,36,113.77
2026-06-28 22:59,QCOM,Stock,SELL,15,189.39
2026-06-28 22:59,CRM,Stock,SELL,30,158.37
2026-06-28 22:59,AVGO,Stock,SELL,18,365.02
2026-06-28 22:59,ORCL,Stock,SELL,28,148.53
2026-06-28 22:59,IBM,Stock,SELL,12,271.63
2026-06-28 22:59,TXN,Stock,BUY,20,285.43
2026-06-28 22:59,AMGN,Stock,BUY,26,358.33
2026-06-28 22:59,HON,Stock,BUY,32,464.42
2026-06-28 22:59,PEP,Stock,BUY,16,141.39
2026-06-28 22:59,KO,Stock,BUY,29,82.63
2026-06-28 22:59,MCD,Stock,SELL,26,269.76
2026-06-28 22:59,WMT,Stock,BUY,11,115.69
2026-06-28 23:00,CAT,Stock,BUY,36,997.47
2026-06-28 23:00,JNJ,Stock,BUY,38,254.66
2026-06-28 23:00,V,Stock,BUY,27,336.23
2026-06-28 23:00,HD,Stock,BUY,31,348.86
2026-06-28 23:00,BAC,Stock,BUY,28,57.88
2026-06-28 23:00,JPM,Stock,BUY,25,329.05
2026-06-28 23:00,UNH,Stock,BUY,23,427.89
2026-06-28 23:00,CVX,Stock,SELL,23,171.06
2026-06-28 23:00,XOM,Stock,SELL,36,136.54
2026-06-28 23:00,NFLX,Stock,SELL,38,73.81
2026-06-28 23:00,LMT,Stock,SELL,22,507.4
2026-06-28 23:00,BLK,Stock,SELL,19,964.71
2026-06-28 23:00,SPGI,Stock,SELL,18,408.16
2026-06-28 23:00,MS,Stock,SELL,15,212.03
2026-06-28 23:00,RTX,Stock,BUY,9,187.99
2026-06-28 23:00,SPY,ETF,BUY,14,728.99
2026-06-28 23:00,VOO,ETF,BUY,14,670.26
2026-06-28 23:00,IVV,ETF,BUY,14,730.17
2026-06-28 23:00,VTI,ETF,SELL,14,362.22
2026-06-28 23:00,QQQ,ETF,BUY,14,706.52
2026-06-28 23:00,VUG,ETF,BUY,20,82.76
2026-06-28 23:00,VEA,ETF,BUY,13,70.56
2026-06-28 23:00,VTV,ETF,BUY,38,218.39
2026-06-28 23:00,IEFA,ETF,BUY,14,95.49
2026-06-28 23:00,AGG,ETF,BUY,12,99.34
2026-06-28 23:00,IEMG,ETF,BUY,15,81.3
2026-06-28 23:00,IJH,ETF,BUY,24,76.22
2026-06-28 23:00,IJR,ETF,BUY,32,147.41
2026-06-28 23:00,VIG,ETF,BUY,12,234.56
2026-06-28 23:00,VYM,ETF,BUY,14,158.22
2026-06-28 23:00,SCHD,ETF,BUY,20,32.09
2026-06-28 23:00,XLK,ETF,BUY,16,181.11
2026-06-28 23:00,VT,ETF,BUY,14,153.95
2026-06-28 23:00,ACWI,ETF,BUY,14,154.28
2026-06-29 00:12,AAPL,Stock,BUY,16,283.78
2026-06-29 00:12,MSFT,Stock,SELL,31,372.97
2026-06-29 00:12,NVDA,Stock,SELL,11,192.53
2026-06-29 00:12,AMZN,Stock,SELL,10,232.69
2026-06-29 00:12,GOOGL,Stock,BUY,34,337.39
2026-06-29 00:12,GOOG,Stock,BUY,34,334.69
2026-06-29 00:13,TSLA,Stock,SELL,30,379.71
2026-06-29 00:13,META,Stock,SELL,27,550.25
2026-06-29 00:13,ADBE,Stock,SELL,36,202.73
2026-06-29 00:13,AMD,Stock,BUY,15,521.58
2026-06-29 00:13,INTC,Stock,BUY,37,128.32
2026-06-29 00:13,CSCO,Stock,BUY,36,113.77
2026-06-29 00:13,QCOM,Stock,SELL,15,189.39
2026-06-29 00:13,CRM,Stock,SELL,30,158.37
2026-06-29 00:13,AVGO,Stock,SELL,18,365.02
2026-06-29 00:13,ORCL,Stock,SELL,28,148.53
2026-06-29 00:13,IBM,Stock,SELL,12,271.63
2026-06-29 00:13,TXN,Stock,BUY,20,285.43
2026-06-29 00:13,AMGN,Stock,BUY,26,358.33
2026-06-29 00:13,HON,Stock,BUY,32,464.42
2026-06-29 00:13,PEP,Stock,BUY,16,141.39
2026-06-29 00:13,KO,Stock,BUY,29,82.63
2026-06-29 00:13,MCD,Stock,SELL,26,269.76
2026-06-29 00:13,WMT,Stock,BUY,11,115.69
2026-06-29 00:13,CAT,Stock,BUY,36,997.47
2026-06-29 00:13,JNJ,Stock,BUY,38,254.66
2026-06-29 00:13,V,Stock,BUY,27,336.23
2026-06-29 00:13,HD,Stock,BUY,31,348.86
2026-06-29 00:13,BAC,Stock,BUY,28,57.88
2026-06-29 00:13,JPM,Stock,BUY,25,329.05
2026-06-29 00:13,UNH,Stock,BUY,23,427.89
2026-06-29 00:13,CVX,Stock,SELL,23,171.06
2026-06-29 00:13,XOM,Stock,SELL,36,136.54
2026-06-29 00:13,NFLX,Stock,SELL,38,73.81
2026-06-29 00:13,LMT,Stock,SELL,22,507.4
2026-06-29 00:13,BLK,Stock,SELL,19,964.71
2026-06-29 00:13,SPGI,Stock,SELL,18,408.16
2026-06-29 00:13,MS,Stock,SELL,15,212.03
2026-06-29 00:13,RTX,Stock,BUY,9,187.99
2026-06-29 00:13,SPY,ETF,BUY,14,728.99
2026-06-29 00:13,VOO,ETF,BUY,14,670.26
2026-06-29 00:13,IVV,ETF,BUY,14,730.17
2026-06-29 00:13,VTI,ETF,SELL,14,362.22
2026-06-29 00:13,QQQ,ETF,BUY,14,706.52
2026-06-29 00:13,VUG,ETF,BUY,20,82.76
2026-06-29 00:13,VEA,ETF,BUY,13,70.56
2026-06-29 00:13,VTV,ETF,BUY,38,218.39
2026-06-29 00:13,IEFA,ETF,BUY,14,95.49
2026-06-29 00:13,AGG,ETF,BUY,12,99.34
2026-06-29 00:13,IEMG,ETF,BUY,15,81.3
2026-06-29 00:13,IJH,ETF,BUY,24,76.22
2026-06-29 00:13,IJR,ETF,BUY,32,147.41
2026-06-29 00:13,VIG,ETF,BUY,12,234.56
2026-06-29 00:13,VYM,ETF,BUY,14,158.22
2026-06-29 00:13,SCHD,ETF,BUY,20,32.09
2026-06-29 00:13,XLK,ETF,BUY,16,181.11
2026-06-29 00:13,VT,ETF,BUY,14,153.95
2026-06-29 00:13,ACWI,ETF,BUY,14,154.28
2026-06-29 05:25,AAPL,Stock,BUY,16,283.78
2026-06-29 05:25,MSFT,Stock,SELL,31,372.97
2026-06-29 05:25,NVDA,Stock,SELL,11,192.53
2026-06-29 05:25,AMZN,Stock,SELL,10,232.69
2026-06-29 05:25,GOOGL,Stock,BUY,34,337.39
2026-06-29 05:25,GOOG,Stock,BUY,34,334.69
2026-06-29 05:25,TSLA,Stock,SELL,30,379.71
2026-06-29 05:25,META,Stock,SELL,27,550.25
2026-06-29 05:25,ADBE,Stock,SELL,36,202.73
2026-06-29 05:25,AMD,Stock,BUY,15,521.58
2026-06-29 05:25,INTC,Stock,BUY,37,128.32
2026-06-29 05:25,CSCO,Stock,BUY,36,113.77
2026-06-29 05:25,QCOM,Stock,SELL,15,189.39
2026-06-29 05:25,CRM,Stock,SELL,30,158.37
2026-06-29 05:25,AVGO,Stock,SELL,18,365.02
2026-06-29 05:25,ORCL,Stock,SELL,28,148.53
2026-06-29 05:25,IBM,Stock,SELL,12,271.63
2026-06-29 05:25,TXN,Stock,BUY,20,285.43
2026-06-29 05:25,AMGN,Stock,BUY,26,358.33
2026-06-29 05:25,HON,Stock,BUY,32,464.42
2026-06-29 05:25,PEP,Stock,BUY,16,141.39
2026-06-29 05:25,KO,Stock,BUY,29,82.63
2026-06-29 05:25,MCD,Stock,SELL,26,269.76
2026-06-29 05:25,WMT,Stock,BUY,11,115.69
2026-06-29 05:25,CAT,Stock,BUY,36,997.47
2026-06-29 05:25,JNJ,Stock,BUY,38,254.66
2026-06-29 05:25,V,Stock,BUY,27,336.23
2026-06-29 05:25,HD,Stock,BUY,31,348.86
2026-06-29 05:25,BAC,Stock,BUY,28,57.88
2026-06-29 05:25,JPM,Stock,BUY,25,329.05
2026-06-29 05:25,UNH,Stock,BUY,23,427.89
2026-06-29 05:25,CVX,Stock,SELL,23,171.06
2026-06-29 05:25,XOM,Stock,SELL,36,136.54
2026-06-29 05:25,NFLX,Stock,SELL,38,73.81
2026-06-29 05:25,LMT,Stock,SELL,22,507.4
2026-06-29 05:25,BLK,Stock,SELL,19,964.71
2026-06-29 05:25,SPGI,Stock,SELL,18,408.16
2026-06-29 05:25,MS,Stock,SELL,15,212.03
2026-06-29 05:25,RTX,Stock,BUY,9,187.99
2026-06-29 05:25,SPY,ETF,BUY,14,728.99
2026-06-29 05:25,VOO,ETF,BUY,14,670.26
2026-06-29 05:25,IVV,ETF,BUY,14,730.17
2026-06-29 05:25,VTI,ETF,SELL,14,362.22
2026-06-29 05:25,QQQ,ETF,BUY,14,706.52
2026-06-29 05:25,VUG,ETF,BUY,20,82.76
2026-06-29 05:25,VEA,ETF,BUY,13,70.56
2026-06-29 05:25,VTV,ETF,BUY,38,218.39
2026-06-29 05:25,IEFA,ETF,BUY,14,95.49
2026-06-29 05:25,AGG,ETF,BUY,12,99.34
2026-06-29 05:25,IEMG,ETF,BUY,15,81.3
2026-06-29 05:25,IJH,ETF,BUY,24,76.22
2026-06-29 05:25,IJR,ETF,BUY,32,147.41
2026-06-29 05:25,VIG,ETF,BUY,12,234.56
2026-06-29 05:25,VYM,ETF,BUY,14,158.22
2026-06-29 05:25,SCHD,ETF,BUY,20,32.09
2026-06-29 05:25,XLK,ETF,BUY,16,181.11
2026-06-29 05:25,VT,ETF,BUY,14,153.95
2026-06-29 05:25,ACWI,ETF,BUY,14,154.28
2026-06-29 10:28,AAPL,Stock,BUY,16,283.78
2026-06-29 10:28,MSFT,Stock,SELL,31,372.97
2026-06-29 10:28,NVDA,Stock,SELL,11,192.53
2026-06-29 10:28,AMZN,Stock,SELL,10,232.69
2026-06-29 10:28,GOOGL,Stock,BUY,34,337.39
2026-06-29 10:28,GOOG,Stock,BUY,34,334.69
2026-06-29 10:28,TSLA,Stock,SELL,30,379.71
2026-06-29 10:28,META,Stock,SELL,27,550.25
2026-06-29 10:28,ADBE,Stock,SELL,36,202.73
2026-06-29 10:28,AMD,Stock,BUY,15,521.58
2026-06-29 10:28,INTC,Stock,BUY,37,128.32
2026-06-29 10:28,CSCO,Stock,BUY,36,113.77
2026-06-29 10:28,QCOM,Stock,SELL,15,189.39
2026-06-29 10:28,CRM,Stock,SELL,30,158.37
2026-06-29 10:28,AVGO,Stock,SELL,18,365.02
2026-06-29 10:28,ORCL,Stock,SELL,28,148.53
2026-06-29 10:28,IBM,Stock,SELL,12,271.63
2026-06-29 10:28,TXN,Stock,BUY,20,285.43
2026-06-29 10:28,AMGN,Stock,BUY,26,358.33
2026-06-29 10:28,HON,Stock,BUY,32,464.42
2026-06-29 10:28,PEP,Stock,BUY,16,141.39
2026-06-29 10:28,KO,Stock,BUY,29,82.63
2026-06-29 10:28,MCD,Stock,SELL,26,269.76
2026-06-29 10:28,WMT,Stock,BUY,11,115.69
2026-06-29 10:28,CAT,Stock,BUY,36,997.47
2026-06-29 10:28,JNJ,Stock,BUY,38,254.66
2026-06-29 10:28,V,Stock,BUY,27,336.23
2026-06-29 10:28,HD,Stock,BUY,31,348.86
2026-06-29 10:28,BAC,Stock,BUY,28,57.88
2026-06-29 10:28,JPM,Stock,BUY,25,329.05
2026-06-29 10:28,UNH,Stock,BUY,23,427.89
2026-06-29 10:28,CVX,Stock,SELL,23,171.06
2026-06-29 10:28,XOM,Stock,SELL,36,136.54
2026-06-29 10:28,NFLX,Stock,SELL,38,73.81
2026-06-29 10:28,LMT,Stock,SELL,22,507.4
2026-06-29 10:28,BLK,Stock,SELL,19,964.71
2026-06-29 10:28,SPGI,Stock,SELL,18,408.16
2026-06-29 10:28,MS,Stock,SELL,15,212.03
2026-06-29 10:28,RTX,Stock,BUY,9,187.99
2026-06-29 10:28,SPY,ETF,BUY,14,728.99
2026-06-29 10:28,VOO,ETF,BUY,14,670.26
2026-06-29 10:28,IVV,ETF,BUY,14,730.17
2026-06-29 10:28,VTI,ETF,SELL,14,362.22
2026-06-29 10:28,QQQ,ETF,BUY,14,706.52
2026-06-29 10:28,VUG,ETF,BUY,20,82.76
2026-06-29 10:28,VEA,ETF,BUY,13,70.56
2026-06-29 10:28,VTV,ETF,BUY,38,218.39
2026-06-29 10:28,IEFA,ETF,BUY,14,95.49
2026-06-29 10:28,AGG,ETF,BUY,12,99.34
2026-06-29 10:28,IEMG,ETF,BUY,15,81.3
2026-06-29 10:28,IJH,ETF,BUY,24,76.22
2026-06-29 10:28,IJR,ETF,BUY,32,147.41
2026-06-29 10:28,VIG,ETF,BUY,12,234.56
2026-06-29 10:28,VYM,ETF,BUY,14,158.22
2026-06-29 10:28,SCHD,ETF,BUY,20,32.09
2026-06-29 10:28,XLK,ETF,BUY,16,181.11
2026-06-29 10:28,VT,ETF,BUY,14,153.95
2026-06-29 10:28,ACWI,ETF,BUY,14,154.28
2026-06-29 14:43,AAPL,Stock,BUY,16,281.38
2026-06-29 14:43,MSFT,Stock,SELL,30,377.05
2026-06-29 14:43,NVDA,Stock,SELL,23,194.47
2026-06-29 14:43,AMZN,Stock,SELL,10,244.69
2026-06-29 14:43,GOOGL,Stock,SELL,20,351.86
2026-06-29 14:43,GOOG,Stock,BUY,17,349.29
2026-06-29 14:43,TSLA,Stock,SELL,30,396.15
2026-06-29 14:43,META,Stock,SELL,27,568.48
2026-06-29 14:43,ADBE,Stock,SELL,36,208.02
2026-06-29 14:43,AMD,Stock,BUY,15,506.13
2026-06-29 14:43,INTC,Stock,SELL,100,121.85
2026-06-29 14:43,CSCO,Stock,BUY,18,115.94
2026-06-29 14:43,QCOM,Stock,SELL,15,186.88
2026-06-29 14:44,CRM,Stock,SELL,30,160.7
2026-06-29 14:44,AVGO,Stock,SELL,18,369.31
2026-06-29 14:44,ORCL,Stock,SELL,28,149.0
2026-06-29 14:44,IBM,Stock,SELL,12,275.18
2026-06-29 14:44,TXN,Stock,BUY,20,283.23
2026-06-29 14:44,AMGN,Stock,BUY,26,360.99
2026-06-29 14:44,HON,Stock,SELL,100,244.96
2026-06-29 14:44,PEP,Stock,BUY,16,140.31
2026-06-29 14:44,KO,Stock,BUY,29,83.26
2026-06-29 14:44,MCD,Stock,SELL,26,266.68
2026-06-29 14:44,WMT,Stock,SELL,3,115.42
2026-06-29 14:44,CAT,Stock,BUY,36,1010.0
2026-06-29 14:44,JNJ,Stock,BUY,38,256.34
2026-06-29 14:44,V,Stock,BUY,28,345.21
2026-06-29 14:44,HD,Stock,BUY,31,348.54
2026-06-29 14:44,BAC,Stock,BUY,28,58.24
2026-06-29 14:44,JPM,Stock,BUY,25,331.92
2026-06-29 14:44,UNH,Stock,BUY,23,420.59
2026-06-29 14:44,CVX,Stock,SELL,25,168.97
2026-06-29 14:44,XOM,Stock,SELL,36,136.03
2026-06-29 14:44,NFLX,Stock,SELL,37,75.79
2026-06-29 14:44,LMT,Stock,SELL,21,507.36
2026-06-29 14:44,BLK,Stock,SELL,19,953.41
2026-06-29 14:44,SPGI,Stock,SELL,19,407.03
2026-06-29 14:44,MS,Stock,SELL,15,214.26
2026-06-29 14:44,RTX,Stock,BUY,19,188.88
2026-06-29 14:44,SPY,ETF,BUY,14,737.45
2026-06-29 14:44,VOO,ETF,BUY,14,677.86
2026-06-29 14:44,IVV,ETF,BUY,14,740.97
2026-06-29 14:44,VTI,ETF,SELL,14,365.34
2026-06-29 14:44,QQQ,ETF,BUY,14,712.81
2026-06-29 14:44,VUG,ETF,BUY,20,84.34
2026-06-29 14:44,VEA,ETF,BUY,13,70.36
2026-06-29 14:44,VTV,ETF,BUY,18,217.68
2026-06-29 14:44,IEFA,ETF,BUY,14,95.71
2026-06-29 14:44,AGG,ETF,BUY,12,99.36
2026-06-29 14:44,IEMG,ETF,BUY,15,80.63
2026-06-29 14:44,IJH,ETF,BUY,12,76.08
2026-06-29 14:44,IJR,ETF,BUY,32,146.71
2026-06-29 14:44,VIG,ETF,BUY,12,235.85
2026-06-29 14:44,VYM,ETF,BUY,14,158.35
2026-06-29 14:44,SCHD,ETF,BUY,20,32.01
2026-06-29 14:44,XLK,ETF,BUY,16,181.46
2026-06-29 14:44,VT,ETF,BUY,14,154.82
2026-06-29 14:44,ACWI,ETF,BUY,14,154.86
2026-06-29 17:30,AAPL,Stock,BUY,16,281.4
2026-06-29 17:30,MSFT,Stock,SELL,30,369.46
2026-06-29 17:30,NVDA,Stock,SELL,23,194.69
2026-06-29 17:30,AMZN,Stock,SELL,10,240.95
2026-06-29 17:30,GOOGL,Stock,BUY,17,352.78
2026-06-29 17:30,GOOG,Stock,BUY,17,350.73
2026-06-29 17:30,TSLA,Stock,SELL,30,408.86
2026-06-29 17:30,META,Stock,SELL,27,564.71
2026-06-29 17:30,ADBE,Stock,SELL,36,205.3
2026-06-29 17:30,AMD,Stock,BUY,15,541.35
2026-06-29 17:30,INTC,Stock,BUY,36,130.81
2026-06-29 17:30,CSCO,Stock,BUY,18,118.07
2026-06-29 17:30,QCOM,Stock,SELL,15,191.39
2026-06-29 17:30,CRM,Stock,SELL,30,158.26
2026-06-29 17:30,AVGO,Stock,SELL,18,375.6
2026-06-29 17:30,ORCL,Stock,SELL,28,149.11
2026-06-29 17:30,IBM,Stock,SELL,12,276.19
2026-06-29 17:30,TXN,Stock,BUY,20,289.67
2026-06-29 17:30,AMGN,Stock,BUY,26,359.18
2026-06-29 17:30,HON,Stock,BUY,32,234.55
2026-06-29 17:30,PEP,Stock,SELL,25,138.15
2026-06-29 17:30,KO,Stock,BUY,29,82.36
2026-06-29 17:30,MCD,Stock,SELL,26,266.84
2026-06-29 17:30,WMT,Stock,SELL,3,114.64
2026-06-29 17:30,CAT,Stock,BUY,37,1026.65
2026-06-29 17:30,JNJ,Stock,BUY,38,256.3
2026-06-29 17:30,V,Stock,BUY,28,341.65
2026-06-29 17:30,HD,Stock,BUY,31,348.73
2026-06-29 17:30,BAC,Stock,BUY,28,58.06
2026-06-29 17:30,JPM,Stock,BUY,24,330.62
2026-06-29 17:30,UNH,Stock,BUY,23,416.9
2026-06-29 17:30,CVX,Stock,SELL,25,169.88
2026-06-29 17:30,XOM,Stock,SELL,36,136.87
2026-06-29 17:30,NFLX,Stock,SELL,37,74.65
2026-06-29 17:30,LMT,Stock,SELL,21,504.79
2026-06-29 17:30,BLK,Stock,SELL,19,952.63
2026-06-29 17:30,SPGI,Stock,SELL,19,407.33
2026-06-29 17:30,MS,Stock,SELL,15,213.62
2026-06-29 17:30,RTX,Stock,BUY,19,187.8
2026-06-29 17:30,SPY,ETF,BUY,14,740.19
2026-06-29 17:30,VOO,ETF,BUY,14,680.3
2026-06-29 17:30,IVV,ETF,BUY,14,743.55
2026-06-29 17:30,VTI,ETF,SELL,14,366.58
2026-06-29 17:30,QQQ,ETF,BUY,14,723.12
2026-06-29 17:30,VUG,ETF,BUY,20,84.79
2026-06-29 17:30,VEA,ETF,BUY,13,70.75
2026-06-29 17:30,VTV,ETF,BUY,18,218.13
2026-06-29 17:30,IEFA,ETF,BUY,14,96.11
2026-06-29 17:30,AGG,ETF,BUY,12,99.33
2026-06-29 17:30,IEMG,ETF,BUY,15,81.49
2026-06-29 17:30,IJH,ETF,BUY,12,76.15
2026-06-29 17:30,IJR,ETF,BUY,32,146.66
2026-06-29 17:30,VIG,ETF,BUY,12,235.85
2026-06-29 17:30,VYM,ETF,BUY,14,158.42
2026-06-29 17:30,SCHD,ETF,BUY,20,31.91
2026-06-29 17:30,XLK,ETF,BUY,16,185.09
2026-06-29 17:30,VT,ETF,BUY,14,155.54
2026-06-29 17:30,ACWI,ETF,BUY,14,155.55
2026-06-29 19:47,AAPL,Stock,BUY,16,281.87
2026-06-29 19:47,MSFT,Stock,SELL,30,368.5
2026-06-29 19:47,NVDA,Stock,SELL,23,194.85
2026-06-29 19:47,AMZN,Stock,SELL,10,240.01
2026-06-29 19:47,GOOGL,Stock,BUY,17,354.04
2026-06-29 19:47,GOOG,Stock,BUY,17,351.66
2026-06-29 19:47,TSLA,Stock,SELL,30,412.67
2026-06-29 19:47,META,Stock,SELL,27,566.11
2026-06-29 19:47,ADBE,Stock,SELL,36,206.02
2026-06-29 19:47,AMD,Stock,BUY,15,536.96
2026-06-29 19:47,INTC,Stock,BUY,36,130.43
2026-06-29 19:47,CSCO,Stock,BUY,18,117.67
2026-06-29 19:47,QCOM,Stock,SELL,15,188.41
2026-06-29 19:47,CRM,Stock,SELL,30,158.35
2026-06-29 19:47,AVGO,Stock,SELL,18,373.46
2026-06-29 19:47,ORCL,Stock,SELL,28,148.84
2026-06-29 19:47,IBM,Stock,SELL,12,277.69
2026-06-29 19:47,TXN,Stock,BUY,20,285.21
2026-06-29 19:47,AMGN,Stock,BUY,26,359.9
2026-06-29 19:47,HON,Stock,BUY,32,228.88
2026-06-29 19:47,PEP,Stock,SELL,25,137.85
2026-06-29 19:47,KO,Stock,BUY,29,82.5
2026-06-29 19:47,MCD,Stock,SELL,26,267.17
2026-06-29 19:47,WMT,Stock,SELL,3,114.64
2026-06-29 19:47,CAT,Stock,BUY,37,1034.8
2026-06-29 19:47,JNJ,Stock,BUY,38,257.82
2026-06-29 19:47,V,Stock,BUY,28,342.02
2026-06-29 19:47,HD,Stock,BUY,31,349.55
2026-06-29 19:47,BAC,Stock,BUY,28,57.95
2026-06-29 19:47,JPM,Stock,BUY,24,330.5
2026-06-29 19:47,UNH,Stock,BUY,23,417.77
2026-06-29 19:47,CVX,Stock,SELL,25,168.66
2026-06-29 19:47,XOM,Stock,SELL,36,136.09
2026-06-29 19:47,NFLX,Stock,SELL,37,73.85
2026-06-29 19:47,LMT,Stock,SELL,21,502.14
2026-06-29 19:47,BLK,Stock,SELL,19,951.51
2026-06-29 19:47,SPGI,Stock,SELL,17,408.89
2026-06-29 19:47,MS,Stock,SELL,15,212.37
2026-06-29 19:47,RTX,Stock,BUY,19,187.54
2026-06-29 19:47,SPY,ETF,BUY,14,740.62
2026-06-29 19:47,VOO,ETF,BUY,14,680.75
2026-06-29 19:47,IVV,ETF,BUY,14,744.12
2026-06-29 19:47,VTI,ETF,SELL,14,366.93
2026-06-29 19:47,QQQ,ETF,BUY,14,723.31
2026-06-29 19:47,VUG,ETF,BUY,20,84.87
2026-06-29 19:47,VEA,ETF,BUY,13,70.85
2026-06-29 19:47,VTV,ETF,BUY,18,218.29
2026-06-29 19:47,IEFA,ETF,BUY,14,96.25
2026-06-29 19:47,AGG,ETF,BUY,12,99.39
2026-06-29 19:47,IEMG,ETF,BUY,15,81.61
2026-06-29 19:47,IJH,ETF,BUY,24,76.32
2026-06-29 19:47,IJR,ETF,BUY,32,147.08
2026-06-29 19:47,VIG,ETF,BUY,12,235.85
2026-06-29 19:47,VYM,ETF,BUY,14,158.33
2026-06-29 19:47,SCHD,ETF,BUY,20,31.88
2026-06-29 19:47,XLK,ETF,BUY,16,185.27
2026-06-29 19:47,VT,ETF,BUY,14,155.73
2026-06-29 19:47,ACWI,ETF,BUY,14,155.71
2026-06-29 21:19,AAPL,Stock,BUY,15,281.74
2026-06-29 21:19,MSFT,Stock,SELL,30,368.57
2026-06-29 21:19,NVDA,Stock,SELL,22,194.97
2026-06-29 21:19,AMZN,Stock,SELL,10,240.14
2026-06-29 21:19,GOOGL,Stock,BUY,16,353.65
2026-06-29 21:19,GOOG,Stock,BUY,16,351.28
2026-06-29 21:19,TSLA,Stock,SELL,30,411.84
2026-06-29 21:19,META,Stock,SELL,27,562.6
2026-06-29 21:19,ADBE,Stock,SELL,35,206.43
2026-06-29 21:19,AMD,Stock,BUY,15,539.49
2026-06-29 21:19,INTC,Stock,BUY,36,131.72
2026-06-29 21:19,CSCO,Stock,BUY,18,117.7
2026-06-29 21:19,QCOM,Stock,SELL,15,188.72
2026-06-29 21:19,CRM,Stock,SELL,30,157.93
2026-06-29 21:19,AVGO,Stock,SELL,18,372.45
2026-06-29 21:19,ORCL,Stock,SELL,28,147.76
2026-06-29 21:19,IBM,Stock,SELL,12,278.0
2026-06-29 21:19,TXN,Stock,BUY,20,285.48
2026-06-29 21:19,AMGN,Stock,BUY,28,360.55
2026-06-29 21:19,HON,Stock,BUY,32,227.8
2026-06-29 21:19,PEP,Stock,SELL,24,138.68
2026-06-29 21:19,KO,Stock,BUY,29,82.65
2026-06-29 21:19,MCD,Stock,SELL,27,267.18
2026-06-29 21:19,WMT,Stock,SELL,5,114.6
2026-06-29 21:19,CAT,Stock,BUY,37,1033.19
2026-06-29 21:19,JNJ,Stock,BUY,36,258.51
2026-06-29 21:19,V,Stock,BUY,28,341.65
2026-06-29 21:19,HD,Stock,BUY,32,350.81
2026-06-29 21:19,BAC,Stock,BUY,27,57.88
2026-06-29 21:19,JPM,Stock,BUY,24,329.39
2026-06-29 21:19,UNH,Stock,BUY,22,419.82
2026-06-29 21:19,CVX,Stock,SELL,25,168.47
2026-06-29 21:19,XOM,Stock,SELL,35,136.06
2026-06-29 21:19,NFLX,Stock,SELL,37,73.78
2026-06-29 21:19,LMT,Stock,SELL,21,502.07
2026-06-29 21:19,BLK,Stock,SELL,17,950.17
2026-06-29 21:19,SPGI,Stock,SELL,18,408.56
2026-06-29 21:19,MS,Stock,SELL,15,211.72
2026-06-29 21:19,RTX,Stock,BUY,19,187.33
2026-06-29 21:19,SPY,ETF,HOLD,0,741.0
2026-06-29 21:19,VOO,ETF,BUY,15,681.01
2026-06-29 21:19,IVV,ETF,BUY,15,744.19
2026-06-29 21:19,VTI,ETF,SELL,15,367.12
2026-06-29 21:19,QQQ,ETF,BUY,14,724.08
2026-06-29 21:19,VUG,ETF,BUY,20,84.85
2026-06-29 21:19,VEA,ETF,BUY,13,70.92
2026-06-29 21:19,VTV,ETF,BUY,37,218.63
2026-06-29 21:19,IEFA,ETF,BUY,14,96.32
2026-06-29 21:19,AGG,ETF,BUY,10,99.37
2026-06-29 21:19,IEMG,ETF,BUY,15,81.72
2026-06-29 21:19,IJH,ETF,BUY,25,76.53
2026-06-29 21:19,IJR,ETF,BUY,32,147.36
2026-06-29 21:19,VIG,ETF,HOLD,0,235.94
2026-06-29 21:19,VYM,ETF,BUY,14,158.45
2026-06-29 21:19,SCHD,ETF,BUY,20,31.93
2026-06-29 21:19,XLK,ETF,BUY,15,185.41
2026-06-29 21:19,VT,ETF,BUY,14,155.83
2026-06-29 21:19,ACWI,ETF,BUY,14,155.82
2026-06-29 22:49,AAPL,Stock,BUY,15,281.74
2026-06-29 22:49,MSFT,Stock,SELL,30,368.57
2026-06-29 22:49,NVDA,Stock,SELL,22,194.97
2026-06-29 22:49,AMZN,Stock,SELL,10,240.14
2026-06-29 22:49,GOOGL,Stock,BUY,16,353.65
2026-06-29 22:49,GOOG,Stock,BUY,16,351.28
2026-06-29 22:49,TSLA,Stock,SELL,30,411.84
2026-06-29 22:49,META,Stock,SELL,27,562.6
2026-06-29 22:49,ADBE,Stock,SELL,35,206.43
2026-06-29 22:49,AMD,Stock,BUY,15,539.49
2026-06-29 22:49,INTC,Stock,BUY,36,131.72
2026-06-29 22:49,CSCO,Stock,BUY,18,117.7
2026-06-29 22:49,QCOM,Stock,SELL,15,188.72
2026-06-29 22:49,CRM,Stock,SELL,30,157.93
2026-06-29 22:49,AVGO,Stock,SELL,18,372.45
2026-06-29 22:49,ORCL,Stock,SELL,28,147.76
2026-06-29 22:49,IBM,Stock,SELL,12,278.0
2026-06-29 22:49,TXN,Stock,BUY,20,285.48
2026-06-29 22:49,AMGN,Stock,BUY,28,360.55
2026-06-29 22:49,HON,Stock,BUY,32,227.8
2026-06-29 22:49,PEP,Stock,SELL,24,138.68
2026-06-29 22:49,KO,Stock,BUY,29,82.65
2026-06-29 22:49,MCD,Stock,SELL,27,267.18
2026-06-29 22:49,WMT,Stock,SELL,5,114.6
2026-06-29 22:49,CAT,Stock,BUY,37,1033.19
2026-06-29 22:49,JNJ,Stock,BUY,36,258.51
2026-06-29 22:49,V,Stock,BUY,28,341.65
2026-06-29 22:49,HD,Stock,BUY,32,350.81
2026-06-29 22:49,BAC,Stock,BUY,27,57.88
2026-06-29 22:49,JPM,Stock,BUY,24,329.39
2026-06-29 22:49,UNH,Stock,BUY,22,419.82
2026-06-29 22:49,CVX,Stock,SELL,25,168.47
2026-06-29 22:49,XOM,Stock,SELL,35,136.06
2026-06-29 22:49,NFLX,Stock,SELL,37,73.78
2026-06-29 22:49,LMT,Stock,SELL,21,502.07
2026-06-29 22:49,BLK,Stock,SELL,17,950.17
2026-06-29 22:49,SPGI,Stock,SELL,18,408.56
2026-06-29 22:49,MS,Stock,SELL,15,211.72
2026-06-29 22:49,RTX,Stock,BUY,19,187.33
2026-06-29 22:49,SPY,ETF,HOLD,0,741.0
2026-06-29 22:49,VOO,ETF,BUY,15,681.01
2026-06-29 22:49,IVV,ETF,BUY,15,744.19
2026-06-29 22:49,VTI,ETF,SELL,15,367.12
2026-06-29 22:49,QQQ,ETF,BUY,14,724.08
2026-06-29 22:49,VUG,ETF,BUY,20,84.85
2026-06-29 22:49,VEA,ETF,BUY,13,70.92
2026-06-29 22:49,VTV,ETF,BUY,37,218.63
2026-06-29 22:49,IEFA,ETF,BUY,14,96.32
2026-06-29 22:49,AGG,ETF,BUY,10,99.37
2026-06-29 22:49,IEMG,ETF,BUY,15,81.72
2026-06-29 22:49,IJH,ETF,BUY,25,76.53
2026-06-29 22:49,IJR,ETF,BUY,32,147.36
2026-06-29 22:49,VIG,ETF,HOLD,0,235.94
2026-06-29 22:49,VYM,ETF,BUY,14,158.45
2026-06-29 22:49,SCHD,ETF,BUY,20,31.93
2026-06-29 22:49,XLK,ETF,BUY,15,185.41
2026-06-29 22:49,VT,ETF,BUY,14,155.83
2026-06-29 22:49,ACWI,ETF,BUY,14,155.82
2026-06-29 23:57,AAPL,Stock,BUY,15,281.74
2026-06-29 23:57,MSFT,Stock,SELL,30,368.57
2026-06-29 23:57,NVDA,Stock,SELL,22,194.97
2026-06-29 23:57,AMZN,Stock,SELL,10,240.14
2026-06-29 23:57,GOOGL,Stock,BUY,16,353.65
2026-06-29 23:57,GOOG,Stock,BUY,16,351.28
2026-06-29 23:57,TSLA,Stock,SELL,30,411.84
2026-06-29 23:57,META,Stock,SELL,27,562.6
2026-06-29 23:57,ADBE,Stock,SELL,35,206.43
2026-06-29 23:57,AMD,Stock,BUY,15,539.49
2026-06-29 23:57,INTC,Stock,BUY,36,131.72
2026-06-29 23:57,CSCO,Stock,BUY,18,117.7
2026-06-29 23:57,QCOM,Stock,SELL,15,188.72
2026-06-29 23:57,CRM,Stock,SELL,30,157.93
2026-06-29 23:57,AVGO,Stock,SELL,18,372.45
2026-06-29 23:57,ORCL,Stock,SELL,28,147.76
2026-06-29 23:57,IBM,Stock,SELL,12,278.0
2026-06-29 23:57,TXN,Stock,BUY,20,285.48
2026-06-29 23:57,AMGN,Stock,BUY,28,360.55
2026-06-29 23:57,HON,Stock,BUY,32,227.8
2026-06-29 23:57,PEP,Stock,SELL,24,138.68
2026-06-29 23:57,KO,Stock,BUY,29,82.65
2026-06-29 23:57,MCD,Stock,SELL,27,267.18
2026-06-29 23:57,WMT,Stock,SELL,5,114.6
2026-06-29 23:57,CAT,Stock,BUY,37,1033.19
2026-06-29 23:57,JNJ,Stock,BUY,36,258.51
2026-06-29 23:57,V,Stock,BUY,28,341.65
2026-06-29 23:57,HD,Stock,BUY,32,350.81
2026-06-29 23:57,BAC,Stock,BUY,27,57.88
2026-06-29 23:57,JPM,Stock,BUY,24,329.39
2026-06-29 23:57,UNH,Stock,BUY,22,419.82
2026-06-29 23:57,CVX,Stock,SELL,25,168.47
2026-06-29 23:57,XOM,Stock,SELL,35,136.06
2026-06-29 23:57,NFLX,Stock,SELL,37,73.78
2026-06-29 23:57,LMT,Stock,SELL,21,502.07
2026-06-29 23:57,BLK,Stock,SELL,17,950.17
2026-06-29 23:57,SPGI,Stock,SELL,18,408.56
2026-06-29 23:57,MS,Stock,SELL,15,211.72
2026-06-29 23:57,RTX,Stock,BUY,19,187.33
2026-06-29 23:57,SPY,ETF,HOLD,0,741.0
2026-06-29 23:57,VOO,ETF,BUY,15,681.01
2026-06-29 23:57,IVV,ETF,BUY,15,744.19
2026-06-29 23:57,VTI,ETF,SELL,15,367.12
2026-06-29 23:57,QQQ,ETF,BUY,14,724.08
2026-06-29 23:57,VUG,ETF,BUY,20,84.85
2026-06-29 23:57,VEA,ETF,BUY,13,70.92
2026-06-29 23:57,VTV,ETF,BUY,37,218.63
2026-06-29 23:57,IEFA,ETF,BUY,14,96.32
2026-06-29 23:57,AGG,ETF,BUY,10,99.37
2026-06-29 23:57,IEMG,ETF,BUY,15,81.72
2026-06-29 23:57,IJH,ETF,BUY,25,76.53
2026-06-29 23:57,IJR,ETF,BUY,32,147.36
2026-06-29 23:57,VIG,ETF,HOLD,0,235.94
2026-06-29 23:57,VYM,ETF,BUY,14,158.45
2026-06-29 23:57,SCHD,ETF,BUY,20,31.93
2026-06-29 23:57,XLK,ETF,BUY,15,185.41
2026-06-29 23:57,VT,ETF,BUY,14,155.83
2026-06-29 23:57,ACWI,ETF,BUY,14,155.82
2026-06-30 03:25,AAPL,Stock,BUY,15,281.74
2026-06-30 03:25,MSFT,Stock,SELL,30,368.57
2026-06-30 03:25,NVDA,Stock,SELL,22,194.97
2026-06-30 03:25,AMZN,Stock,SELL,10,240.14
2026-06-30 03:25,GOOGL,Stock,BUY,16,353.65
2026-06-30 03:25,GOOG,Stock,BUY,16,351.28
2026-06-30 03:25,TSLA,Stock,SELL,30,411.84
2026-06-30 03:25,META,Stock,SELL,27,562.6
2026-06-30 03:25,ADBE,Stock,SELL,35,206.43
2026-06-30 03:25,AMD,Stock,BUY,15,539.49
2026-06-30 03:25,INTC,Stock,BUY,36,131.72
2026-06-30 03:25,CSCO,Stock,BUY,18,117.7
2026-06-30 03:25,QCOM,Stock,SELL,15,188.72
2026-06-30 03:25,CRM,Stock,SELL,30,157.93
2026-06-30 03:25,AVGO,Stock,SELL,18,372.45
2026-06-30 03:25,ORCL,Stock,SELL,28,147.76
2026-06-30 03:25,IBM,Stock,SELL,12,278.0
2026-06-30 03:25,TXN,Stock,BUY,20,285.48
2026-06-30 03:25,AMGN,Stock,BUY,28,360.55
2026-06-30 03:25,HON,Stock,BUY,32,227.8
2026-06-30 03:25,PEP,Stock,SELL,24,138.68
2026-06-30 03:25,KO,Stock,BUY,29,82.65
2026-06-30 03:25,MCD,Stock,SELL,27,267.18
2026-06-30 03:25,WMT,Stock,SELL,5,114.6
2026-06-30 03:25,CAT,Stock,BUY,37,1033.19
2026-06-30 03:25,JNJ,Stock,BUY,36,258.51
2026-06-30 03:25,V,Stock,BUY,28,341.65
2026-06-30 03:25,HD,Stock,BUY,32,350.81
2026-06-30 03:25,BAC,Stock,BUY,27,57.88
2026-06-30 03:25,JPM,Stock,BUY,24,329.39
2026-06-30 03:25,UNH,Stock,BUY,22,419.82
2026-06-30 03:25,CVX,Stock,SELL,25,168.47
2026-06-30 03:25,XOM,Stock,SELL,35,136.06
2026-06-30 03:25,NFLX,Stock,SELL,37,73.78
2026-06-30 03:25,LMT,Stock,SELL,21,502.07
2026-06-30 03:25,BLK,Stock,SELL,17,950.17
2026-06-30 03:25,SPGI,Stock,SELL,18,408.56
2026-06-30 03:25,MS,Stock,SELL,15,211.72
2026-06-30 03:25,RTX,Stock,BUY,19,187.33
2026-06-30 03:25,SPY,ETF,HOLD,0,741.0
2026-06-30 03:25,VOO,ETF,BUY,15,681.01
2026-06-30 03:25,IVV,ETF,BUY,15,744.19
2026-06-30 03:25,VTI,ETF,SELL,15,367.12
2026-06-30 03:25,QQQ,ETF,BUY,14,724.08
2026-06-30 03:25,VUG,ETF,BUY,20,84.85
2026-06-30 03:25,VEA,ETF,BUY,13,70.92
2026-06-30 03:25,VTV,ETF,BUY,37,218.63
2026-06-30 03:25,IEFA,ETF,BUY,14,96.32
2026-06-30 03:25,AGG,ETF,BUY,10,99.37
2026-06-30 03:26,IEMG,ETF,BUY,15,81.72
2026-06-30 03:26,IJH,ETF,BUY,25,76.53
2026-06-30 03:26,IJR,ETF,BUY,32,147.36
2026-06-30 03:26,VIG,ETF,HOLD,0,235.94
2026-06-30 03:26,VYM,ETF,BUY,14,158.45
2026-06-30 03:26,SCHD,ETF,BUY,20,31.93
2026-06-30 03:26,XLK,ETF,BUY,15,185.41
2026-06-30 03:26,VT,ETF,BUY,14,155.83
2026-06-30 03:26,ACWI,ETF,BUY,14,155.82
2026-06-30 07:44,AAPL,Stock,BUY,15,281.74
2026-06-30 07:44,MSFT,Stock,SELL,30,368.57
2026-06-30 07:44,NVDA,Stock,SELL,22,194.97
2026-06-30 07:44,AMZN,Stock,SELL,10,240.14
2026-06-30 07:44,GOOGL,Stock,BUY,16,353.65
2026-06-30 07:44,GOOG,Stock,BUY,16,351.28
2026-06-30 07:44,TSLA,Stock,SELL,30,411.84
2026-06-30 07:44,META,Stock,SELL,27,562.6
2026-06-30 07:44,ADBE,Stock,SELL,35,206.43
2026-06-30 07:44,AMD,Stock,BUY,15,539.49
2026-06-30 07:44,INTC,Stock,BUY,36,131.72
2026-06-30 07:44,CSCO,Stock,BUY,18,117.7
2026-06-30 07:44,QCOM,Stock,SELL,15,188.72
2026-06-30 07:44,CRM,Stock,SELL,30,157.93
2026-06-30 07:44,AVGO,Stock,SELL,18,372.45
2026-06-30 07:44,ORCL,Stock,SELL,28,147.76
2026-06-30 07:44,IBM,Stock,SELL,12,278.0
2026-06-30 07:44,TXN,Stock,BUY,20,285.48
2026-06-30 07:44,AMGN,Stock,BUY,28,360.55
2026-06-30 07:44,HON,Stock,BUY,32,
2026-06-30 07:44,PEP,Stock,SELL,24,138.68
2026-06-30 07:44,KO,Stock,BUY,29,82.65
2026-06-30 07:44,MCD,Stock,SELL,27,267.18
2026-06-30 07:44,WMT,Stock,SELL,5,114.6
2026-06-30 07:44,CAT,Stock,BUY,37,1033.19
2026-06-30 07:44,JNJ,Stock,BUY,36,258.51
2026-06-30 07:44,V,Stock,BUY,28,341.65
2026-06-30 07:44,HD,Stock,BUY,32,350.81
2026-06-30 07:44,BAC,Stock,BUY,27,57.88
2026-06-30 07:44,JPM,Stock,BUY,24,329.39
2026-06-30 07:44,UNH,Stock,BUY,22,419.82
2026-06-30 07:44,CVX,Stock,SELL,25,168.47
2026-06-30 07:44,XOM,Stock,SELL,35,136.06
2026-06-30 07:44,NFLX,Stock,SELL,37,73.78
2026-06-30 07:44,LMT,Stock,SELL,21,502.07
2026-06-30 07:44,BLK,Stock,SELL,17,950.17
2026-06-30 07:44,SPGI,Stock,SELL,18,408.56
2026-06-30 07:44,MS,Stock,SELL,15,211.72
2026-06-30 07:44,RTX,Stock,BUY,19,187.33
2026-06-30 07:44,SPY,ETF,HOLD,0,741.0
2026-06-30 07:44,VOO,ETF,BUY,15,681.01
2026-06-30 07:44,IVV,ETF,BUY,15,744.19
2026-06-30 07:44,VTI,ETF,SELL,15,367.12
2026-06-30 07:44,QQQ,ETF,BUY,14,724.08
2026-06-30 07:44,VUG,ETF,BUY,20,84.85
2026-06-30 07:44,VEA,ETF,BUY,13,70.92
2026-06-30 07:44,VTV,ETF,BUY,37,218.63
2026-06-30 07:44,IEFA,ETF,BUY,14,96.32
2026-06-30 07:44,AGG,ETF,BUY,10,99.37
2026-06-30 07:44,IEMG,ETF,BUY,15,81.72
2026-06-30 07:44,IJH,ETF,BUY,25,76.53
2026-06-30 07:44,IJR,ETF,BUY,32,147.36
2026-06-30 07:44,VIG,ETF,HOLD,0,235.94
2026-06-30 07:44,VYM,ETF,BUY,14,158.45
2026-06-30 07:44,SCHD,ETF,BUY,20,31.93
2026-06-30 07:44,XLK,ETF,BUY,15,185.41
2026-06-30 07:44,VT,ETF,BUY,14,155.83
2026-06-30 07:44,ACWI,ETF,BUY,14,155.82
2026-06-30 10:50,AAPL,Stock,BUY,15,281.74
2026-06-30 10:50,MSFT,Stock,SELL,30,368.57
2026-06-30 10:50,NVDA,Stock,SELL,22,194.97
2026-06-30 10:50,AMZN,Stock,SELL,10,240.14
2026-06-30 10:50,GOOGL,Stock,BUY,16,353.65
2026-06-30 10:50,GOOG,Stock,BUY,16,351.28
2026-06-30 10:50,TSLA,Stock,SELL,30,411.84
2026-06-30 10:50,META,Stock,SELL,27,562.6
2026-06-30 10:50,ADBE,Stock,SELL,35,206.43
2026-06-30 10:50,AMD,Stock,BUY,15,539.49
2026-06-30 10:50,INTC,Stock,BUY,36,131.72
2026-06-30 10:50,CSCO,Stock,BUY,18,117.7
2026-06-30 10:50,QCOM,Stock,SELL,15,188.72
2026-06-30 10:50,CRM,Stock,SELL,30,157.93
2026-06-30 10:50,AVGO,Stock,SELL,18,372.45
2026-06-30 10:50,ORCL,Stock,SELL,28,147.76
2026-06-30 10:50,IBM,Stock,SELL,12,278.0
2026-06-30 10:50,TXN,Stock,BUY,20,285.48
2026-06-30 10:50,AMGN,Stock,BUY,28,360.55
2026-06-30 10:50,HON,Stock,BUY,32,
2026-06-30 10:50,PEP,Stock,SELL,24,138.68
2026-06-30 10:50,KO,Stock,BUY,29,82.65
2026-06-30 10:50,MCD,Stock,SELL,27,267.18
2026-06-30 10:50,WMT,Stock,SELL,5,114.6
2026-06-30 10:50,CAT,Stock,BUY,37,1033.19
2026-06-30 10:50,JNJ,Stock,BUY,36,258.51
2026-06-30 10:50,V,Stock,BUY,28,341.65
2026-06-30 10:50,HD,Stock,BUY,32,350.81
2026-06-30 10:50,BAC,Stock,BUY,27,57.88
2026-06-30 10:50,JPM,Stock,BUY,24,329.39
2026-06-30 10:50,UNH,Stock,BUY,22,419.82
2026-06-30 10:50,CVX,Stock,SELL,25,168.47
2026-06-30 10:50,XOM,Stock,SELL,35,136.06
2026-06-30 10:50,NFLX,Stock,SELL,37,73.78
2026-06-30 10:50,LMT,Stock,SELL,21,502.07
2026-06-30 10:50,BLK,Stock,SELL,17,950.17
2026-06-30 10:50,SPGI,Stock,SELL,18,408.56
2026-06-30 10:50,MS,Stock,SELL,15,211.72
2026-06-30 10:50,RTX,Stock,BUY,19,187.33
2026-06-30 10:50,SPY,ETF,HOLD,0,741.0
2026-06-30 10:50,VOO,ETF,BUY,15,681.01
2026-06-30 10:50,IVV,ETF,BUY,15,744.19
2026-06-30 10:50,VTI,ETF,SELL,15,367.12
2026-06-30 10:50,QQQ,ETF,BUY,14,724.08
2026-06-30 10:50,VUG,ETF,BUY,20,84.85
2026-06-30 10:50,VEA,ETF,BUY,13,70.92
2026-06-30 10:50,VTV,ETF,BUY,37,218.63
2026-06-30 10:50,IEFA,ETF,BUY,14,96.32
2026-06-30 10:50,AGG,ETF,BUY,10,99.37
2026-06-30 10:50,IEMG,ETF,BUY,15,81.72
2026-06-30 10:50,IJH,ETF,BUY,25,76.53
2026-06-30 10:50,IJR,ETF,BUY,32,147.36
2026-06-30 10:50,VIG,ETF,HOLD,0,235.94
2026-06-30 10:50,VYM,ETF,BUY,14,158.45
2026-06-30 10:50,SCHD,ETF,BUY,20,31.93
2026-06-30 10:50,XLK,ETF,BUY,15,185.41
2026-06-30 10:50,VT,ETF,BUY,14,155.83
2026-06-30 10:50,ACWI,ETF,BUY,14,155.82
2026-06-30 13:05,AAPL,Stock,BUY,15,281.74
2026-06-30 13:05,MSFT,Stock,SELL,30,368.57
2026-06-30 13:05,NVDA,Stock,SELL,22,194.97
2026-06-30 13:05,AMZN,Stock,SELL,10,240.14
2026-06-30 13:05,GOOGL,Stock,BUY,16,353.65
2026-06-30 13:05,GOOG,Stock,BUY,16,351.28
2026-06-30 13:05,TSLA,Stock,SELL,30,411.84
2026-06-30 13:05,META,Stock,SELL,27,562.6
2026-06-30 13:05,ADBE,Stock,SELL,35,206.43
2026-06-30 13:05,AMD,Stock,BUY,15,539.49
2026-06-30 13:05,INTC,Stock,BUY,36,131.72
2026-06-30 13:05,CSCO,Stock,BUY,18,117.7
2026-06-30 13:05,QCOM,Stock,SELL,15,188.72
2026-06-30 13:05,CRM,Stock,SELL,30,157.93
2026-06-30 13:05,AVGO,Stock,SELL,18,372.45
2026-06-30 13:05,ORCL,Stock,SELL,28,147.76
2026-06-30 13:05,IBM,Stock,SELL,12,278.0
2026-06-30 13:05,TXN,Stock,BUY,20,285.48
2026-06-30 13:05,AMGN,Stock,BUY,28,360.55
2026-06-30 13:05,HON,Stock,BUY,32,
2026-06-30 13:05,PEP,Stock,SELL,24,138.68
2026-06-30 13:05,KO,Stock,BUY,29,82.65
2026-06-30 13:05,MCD,Stock,SELL,27,267.18
2026-06-30 13:06,WMT,Stock,SELL,5,114.6
2026-06-30 13:06,CAT,Stock,BUY,37,1033.19
2026-06-30 13:06,JNJ,Stock,BUY,36,258.51
2026-06-30 13:06,V,Stock,BUY,28,341.65
2026-06-30 13:06,HD,Stock,BUY,32,350.81
2026-06-30 13:06,BAC,Stock,BUY,27,57.88
2026-06-30 13:06,JPM,Stock,BUY,24,329.39
2026-06-30 13:06,UNH,Stock,BUY,22,419.82
2026-06-30 13:06,CVX,Stock,SELL,25,168.47
2026-06-30 13:06,XOM,Stock,SELL,35,136.06
2026-06-30 13:06,NFLX,Stock,SELL,37,73.78
2026-06-30 13:06,LMT,Stock,SELL,21,502.07
2026-06-30 13:06,BLK,Stock,SELL,17,950.17
2026-06-30 13:06,SPGI,Stock,SELL,18,408.56
2026-06-30 13:06,MS,Stock,SELL,15,211.72
2026-06-30 13:06,RTX,Stock,BUY,19,187.33
2026-06-30 13:06,SPY,ETF,HOLD,0,741.0
2026-06-30 13:06,VOO,ETF,BUY,15,681.01
2026-06-30 13:06,IVV,ETF,BUY,15,744.19
2026-06-30 13:06,VTI,ETF,SELL,15,367.12
2026-06-30 13:06,QQQ,ETF,BUY,14,724.08
2026-06-30 13:06,VUG,ETF,BUY,20,84.85
2026-06-30 13:06,VEA,ETF,BUY,13,70.92
2026-06-30 13:06,VTV,ETF,BUY,37,218.63
2026-06-30 13:06,IEFA,ETF,BUY,14,96.32
2026-06-30 13:06,AGG,ETF,BUY,10,99.37
2026-06-30 13:06,IEMG,ETF,BUY,15,81.72
2026-06-30 13:06,IJH,ETF,BUY,25,76.53
2026-06-30 13:06,IJR,ETF,BUY,32,147.36
2026-06-30 13:06,VIG,ETF,HOLD,0,235.94
2026-06-30 13:06,VYM,ETF,BUY,14,158.45
2026-06-30 13:06,SCHD,ETF,BUY,20,31.93
2026-06-30 13:06,XLK,ETF,BUY,15,185.41
2026-06-30 13:06,VT,ETF,BUY,14,155.83
2026-06-30 13:06,ACWI,ETF,BUY,14,155.82
2026-06-30 16:18,AAPL,Stock,BUY,15,288.33
2026-06-30 16:18,MSFT,Stock,SELL,31,370.64
2026-06-30 16:18,NVDA,Stock,SELL,22,198.37
2026-06-30 16:18,AMZN,Stock,SELL,9,238.84
2026-06-30 16:18,GOOGL,Stock,SELL,20,357.61
2026-06-30 16:18,GOOG,Stock,BUY,16,354.63
2026-06-30 16:18,TSLA,Stock,SELL,14,416.06
2026-06-30 16:18,META,Stock,SELL,28,556.09
2026-06-30 16:18,ADBE,Stock,SELL,35,201.55
2026-06-30 16:18,AMD,Stock,BUY,15,577.22
2026-06-30 16:18,INTC,Stock,BUY,36,140.27
2026-06-30 16:18,CSCO,Stock,BUY,18,117.82
2026-06-30 16:18,QCOM,Stock,SELL,15,186.04
2026-06-30 16:18,CRM,Stock,SELL,30,155.39
2026-06-30 16:18,AVGO,Stock,SELL,18,376.89
2026-06-30 16:18,ORCL,Stock,SELL,28,146.06
2026-06-30 16:18,IBM,Stock,SELL,12,278.74
2026-06-30 16:18,TXN,Stock,BUY,19,295.26
2026-06-30 16:18,AMGN,Stock,BUY,29,359.7
2026-06-30 16:18,HON,Stock,BUY,32,224.01
2026-06-30 16:18,PEP,Stock,SELL,24,136.24
2026-06-30 16:18,KO,Stock,BUY,29,82.0
2026-06-30 16:18,MCD,Stock,SELL,27,270.0
2026-06-30 16:18,WMT,Stock,SELL,5,113.79
2026-06-30 16:18,CAT,Stock,BUY,37,1065.19
2026-06-30 16:18,JNJ,Stock,BUY,36,256.15
2026-06-30 16:18,V,Stock,BUY,30,343.29
2026-06-30 16:18,HD,Stock,BUY,32,352.27
2026-06-30 16:18,BAC,Stock,BUY,26,57.3
2026-06-30 16:18,JPM,Stock,BUY,23,329.1
2026-06-30 16:18,UNH,Stock,BUY,22,417.35
2026-06-30 16:18,CVX,Stock,SELL,26,168.16
2026-06-30 16:18,XOM,Stock,SELL,35,136.67
2026-06-30 16:18,NFLX,Stock,SELL,37,72.68
2026-06-30 16:18,LMT,Stock,SELL,20,505.58
2026-06-30 16:18,BLK,Stock,SELL,17,963.57
2026-06-30 16:18,SPGI,Stock,SELL,17,404.9
2026-06-30 16:18,MS,Stock,SELL,15,209.73
2026-06-30 16:18,RTX,Stock,BUY,19,188.64
2026-06-30 16:18,SPY,ETF,HOLD,0,746.4
2026-06-30 16:18,VOO,ETF,BUY,15,686.05
2026-06-30 16:18,IVV,ETF,BUY,15,749.91
2026-06-30 16:18,VTI,ETF,SELL,15,369.77
2026-06-30 16:18,QQQ,ETF,BUY,14,735.17
2026-06-30 16:18,VUG,ETF,BUY,20,85.97
2026-06-30 16:18,VEA,ETF,BUY,13,71.2
2026-06-30 16:18,VTV,ETF,BUY,19,218.56
2026-06-30 16:18,IEFA,ETF,BUY,14,96.49
2026-06-30 16:18,AGG,ETF,BUY,10,99.23
2026-06-30 16:18,IEMG,ETF,BUY,15,82.74
2026-06-30 16:18,IJH,ETF,BUY,25,76.93
2026-06-30 16:18,IJR,ETF,BUY,33,147.94
2026-06-30 16:18,VIG,ETF,HOLD,0,236.84
2026-06-30 16:18,VYM,ETF,BUY,14,158.48
2026-06-30 16:18,SCHD,ETF,BUY,20,31.82
2026-06-30 16:18,XLK,ETF,BUY,15,189.6
2026-06-30 16:18,VT,ETF,BUY,14,156.85
2026-06-30 16:19,ACWI,ETF,BUY,14,156.78
2026-06-30 18:51,AAPL,Stock,BUY,15,287.06
2026-06-30 18:51,MSFT,Stock,SELL,31,370.53
2026-06-30 18:51,NVDA,Stock,SELL,22,198.71
2026-06-30 18:51,AMZN,Stock,SELL,9,237.83
2026-06-30 18:51,GOOGL,Stock,SELL,20,356.86
2026-06-30 18:51,GOOG,Stock,BUY,16,353.51
2026-06-30 18:51,TSLA,Stock,SELL,14,420.1
2026-06-30 18:51,META,Stock,SELL,28,560.73
2026-06-30 18:51,ADBE,Stock,SELL,35,204.76
2026-06-30 18:51,AMD,Stock,SELL,15,582.98
2026-06-30 18:51,INTC,Stock,BUY,36,140.83
2026-06-30 18:51,CSCO,Stock,BUY,18,117.74
2026-06-30 18:51,QCOM,Stock,SELL,15,186.12
2026-06-30 18:51,CRM,Stock,SELL,30,156.62
2026-06-30 18:51,AVGO,Stock,SELL,18,378.64
2026-06-30 18:51,ORCL,Stock,SELL,28,146.99
2026-06-30 18:51,IBM,Stock,SELL,12,281.29
2026-06-30 18:51,TXN,Stock,BUY,19,298.62
2026-06-30 18:51,AMGN,Stock,BUY,29,361.69
2026-06-30 18:51,HON,Stock,BUY,32,220.47
2026-06-30 18:51,PEP,Stock,SELL,24,136.46
2026-06-30 18:51,KO,Stock,BUY,29,81.55
2026-06-30 18:51,MCD,Stock,SELL,27,270.53
2026-06-30 18:51,WMT,Stock,SELL,5,113.82
2026-06-30 18:51,CAT,Stock,BUY,37,1070.05
2026-06-30 18:51,JNJ,Stock,BUY,36,256.4
2026-06-30 18:51,V,Stock,BUY,30,343.59
2026-06-30 18:51,HD,Stock,BUY,32,352.91
2026-06-30 18:51,BAC,Stock,BUY,26,57.12
2026-06-30 18:51,JPM,Stock,BUY,23,328.16
2026-06-30 18:51,UNH,Stock,BUY,22,416.81
2026-06-30 18:51,CVX,Stock,SELL,26,166.78
2026-06-30 18:51,XOM,Stock,SELL,35,136.53
2026-06-30 18:51,NFLX,Stock,SELL,37,72.28
2026-06-30 18:51,LMT,Stock,SELL,20,507.17
2026-06-30 18:51,BLK,Stock,SELL,17,960.85
2026-06-30 18:51,SPGI,Stock,SELL,17,404.98
2026-06-30 18:51,MS,Stock,SELL,15,210.29
2026-06-30 18:51,RTX,Stock,BUY,19,189.38
2026-06-30 18:51,SPY,ETF,HOLD,0,747.29
2026-06-30 18:51,VOO,ETF,BUY,15,686.88
2026-06-30 18:51,IVV,ETF,BUY,15,750.79
2026-06-30 18:51,VTI,ETF,SELL,15,370.26
2026-06-30 18:51,QQQ,ETF,BUY,14,736.77
2026-06-30 18:51,VUG,ETF,BUY,20,86.16
2026-06-30 18:51,VEA,ETF,BUY,13,71.31
2026-06-30 18:51,VTV,ETF,BUY,19,218.59
2026-06-30 18:51,IEFA,ETF,BUY,14,96.72
2026-06-30 18:51,AGG,ETF,BUY,10,99.12
2026-06-30 18:51,IEMG,ETF,BUY,15,82.98
2026-06-30 18:51,IJH,ETF,BUY,25,77.17
2026-06-30 18:51,IJR,ETF,BUY,33,148.43
2026-06-30 18:51,VIG,ETF,HOLD,0,237.25
2026-06-30 18:51,VYM,ETF,BUY,14,158.57
2026-06-30 18:51,SCHD,ETF,BUY,20,31.81
2026-06-30 18:51,XLK,ETF,BUY,15,190.42
2026-06-30 18:51,VT,ETF,BUY,14,157.13
2026-06-30 18:51,ACWI,ETF,BUY,14,157.02
2026-06-30 20:52,AAPL,Stock,BUY,15,289.36
2026-06-30 20:52,MSFT,Stock,SELL,28,373.02
2026-06-30 20:52,NVDA,Stock,SELL,23,200.09
2026-06-30 20:52,AMZN,Stock,SELL,8,238.34
2026-06-30 20:52,GOOGL,Stock,SELL,21,357.37
2026-06-30 20:52,GOOG,Stock,BUY,16,353.33
2026-06-30 20:52,TSLA,Stock,SELL,16,420.6
2026-06-30 20:52,META,Stock,SELL,26,563.29
2026-06-30 20:52,ADBE,Stock,SELL,34,205.02
2026-06-30 20:52,AMD,Stock,SELL,17,580.91
2026-06-30 20:52,INTC,Stock,BUY,35,139.63
2026-06-30 20:52,CSCO,Stock,BUY,18,117.46
2026-06-30 20:52,QCOM,Stock,SELL,16,184.79
2026-06-30 20:52,CRM,Stock,SELL,29,156.66
2026-06-30 20:52,AVGO,Stock,SELL,15,377.75
2026-06-30 20:52,ORCL,Stock,SELL,29,146.55
2026-06-30 20:52,IBM,Stock,SELL,12,281.21
2026-06-30 20:53,TXN,Stock,BUY,19,298.07
2026-06-30 20:53,AMGN,Stock,BUY,29,362.12
2026-06-30 20:53,HON,Stock,BUY,32,223.9
2026-06-30 20:53,PEP,Stock,SELL,25,135.4
2026-06-30 20:53,KO,Stock,BUY,31,81.27
2026-06-30 20:53,MCD,Stock,SELL,31,270.31
2026-06-30 20:53,WMT,Stock,SELL,5,113.26
2026-06-30 20:53,CAT,Stock,BUY,36,1064.9
2026-06-30 20:53,JNJ,Stock,BUY,39,253.97
2026-06-30 20:53,V,Stock,BUY,22,343.09
2026-06-30 20:53,HD,Stock,BUY,33,352.68
2026-06-30 20:53,BAC,Stock,BUY,29,56.98
2026-06-30 20:53,JPM,Stock,BUY,23,327.33
2026-06-30 20:53,UNH,Stock,BUY,10,415.63
2026-06-30 20:53,CVX,Stock,SELL,25,165.76
2026-06-30 20:53,XOM,Stock,SELL,34,136.72
2026-06-30 20:53,NFLX,Stock,SELL,36,71.4
2026-06-30 20:53,LMT,Stock,SELL,25,509.46
2026-06-30 20:53,BLK,Stock,SELL,20,961.56
2026-06-30 20:53,SPGI,Stock,SELL,19,407.26
2026-06-30 20:53,MS,Stock,SELL,17,209.04
2026-06-30 20:53,RTX,Stock,BUY,17,189.73
2026-06-30 20:53,SPY,ETF,SELL,17,746.77
2026-06-30 20:53,VOO,ETF,SELL,17,686.81
2026-06-30 20:53,IVV,ETF,SELL,17,748.89
2026-06-30 20:53,VTI,ETF,SELL,17,370.04
2026-06-30 20:53,QQQ,ETF,BUY,14,736.4
2026-06-30 20:53,VUG,ETF,BUY,16,86.14
2026-06-30 20:53,VEA,ETF,BUY,13,71.25
2026-06-30 20:53,VTV,ETF,BUY,19,217.93
2026-06-30 20:53,IEFA,ETF,BUY,14,96.58
2026-06-30 20:53,AGG,ETF,SELL,11,98.98
2026-06-30 20:53,IEMG,ETF,BUY,15,82.84
2026-06-30 20:53,IJH,ETF,BUY,25,77.11
2026-06-30 20:53,IJR,ETF,BUY,33,148.31
2026-06-30 20:53,VIG,ETF,SELL,15,236.62
2026-06-30 20:53,VYM,ETF,BUY,14,158.03
2026-06-30 20:53,SCHD,ETF,BUY,20,31.71
2026-06-30 20:53,XLK,ETF,BUY,15,190.52
2026-06-30 20:53,VT,ETF,SELL,14,156.95
2026-06-30 20:53,ACWI,ETF,SELL,15,156.97
2026-06-30 22:11,AAPL,Stock,BUY,15,289.36
2026-06-30 22:11,MSFT,Stock,SELL,28,373.02
2026-06-30 22:11,NVDA,Stock,SELL,23,200.09
2026-06-30 22:11,AMZN,Stock,SELL,8,238.34
2026-06-30 22:11,GOOGL,Stock,SELL,21,357.37
2026-06-30 22:11,GOOG,Stock,BUY,16,353.33
2026-06-30 22:11,TSLA,Stock,SELL,16,420.6
2026-06-30 22:11,META,Stock,SELL,26,563.29
2026-06-30 22:11,ADBE,Stock,SELL,34,205.02
2026-06-30 22:11,AMD,Stock,SELL,17,580.91
2026-06-30 22:11,INTC,Stock,BUY,35,139.63
2026-06-30 22:11,CSCO,Stock,BUY,18,117.46
2026-06-30 22:11,QCOM,Stock,SELL,16,184.79
2026-06-30 22:11,CRM,Stock,SELL,29,156.66
2026-06-30 22:11,AVGO,Stock,SELL,15,377.75
2026-06-30 22:11,ORCL,Stock,SELL,29,146.55
2026-06-30 22:11,IBM,Stock,SELL,12,281.21
2026-06-30 22:11,TXN,Stock,BUY,19,298.07
2026-06-30 22:11,AMGN,Stock,BUY,29,362.12
2026-06-30 22:11,HON,Stock,BUY,32,223.9
2026-06-30 22:11,PEP,Stock,SELL,25,135.4
2026-06-30 22:11,KO,Stock,BUY,31,81.27
2026-06-30 22:11,MCD,Stock,SELL,31,270.31
2026-06-30 22:11,WMT,Stock,SELL,5,113.26
2026-06-30 22:11,CAT,Stock,BUY,36,1064.9
2026-06-30 22:11,JNJ,Stock,BUY,39,253.97
2026-06-30 22:11,V,Stock,BUY,22,343.09
2026-06-30 22:11,HD,Stock,BUY,33,352.68
2026-06-30 22:11,BAC,Stock,BUY,29,56.98
2026-06-30 22:11,JPM,Stock,BUY,23,327.33
2026-06-30 22:11,UNH,Stock,BUY,10,415.63
2026-06-30 22:11,CVX,Stock,SELL,25,165.76
2026-06-30 22:11,XOM,Stock,SELL,34,136.72
2026-06-30 22:11,NFLX,Stock,SELL,36,71.4
2026-06-30 22:11,LMT,Stock,SELL,25,509.46
2026-06-30 22:11,BLK,Stock,SELL,20,961.56
2026-06-30 22:11,SPGI,Stock,SELL,19,407.26
2026-06-30 22:11,MS,Stock,SELL,17,209.04
2026-06-30 22:11,RTX,Stock,BUY,17,189.73
2026-06-30 22:11,SPY,ETF,SELL,17,746.77
2026-06-30 22:11,VOO,ETF,SELL,17,686.81
2026-06-30 22:11,IVV,ETF,SELL,17,748.89
2026-06-30 22:11,VTI,ETF,SELL,17,370.04
2026-06-30 22:11,QQQ,ETF,BUY,14,736.4
2026-06-30 22:11,VUG,ETF,BUY,16,86.14
2026-06-30 22:11,VEA,ETF,BUY,13,71.25
2026-06-30 22:11,VTV,ETF,BUY,19,217.93
2026-06-30 22:11,IEFA,ETF,BUY,14,96.58
2026-06-30 22:11,AGG,ETF,SELL,11,98.98
2026-06-30 22:11,IEMG,ETF,BUY,15,82.84
2026-06-30 22:11,IJH,ETF,BUY,25,77.11
2026-06-30 22:11,IJR,ETF,BUY,33,148.31
2026-06-30 22:11,VIG,ETF,SELL,15,236.62
2026-06-30 22:11,VYM,ETF,BUY,14,158.03
2026-06-30 22:11,SCHD,ETF,BUY,20,31.71
2026-06-30 22:11,XLK,ETF,BUY,15,190.52
2026-06-30 22:11,VT,ETF,SELL,14,156.95
2026-06-30 22:11,ACWI,ETF,SELL,15,156.97
2026-07-01 00:01,AAPL,Stock,BUY,15,289.36
2026-07-01 00:01,MSFT,Stock,SELL,28,373.02
2026-07-01 00:01,NVDA,Stock,SELL,23,200.09
2026-07-01 00:01,AMZN,Stock,SELL,8,238.34
2026-07-01 00:01,GOOGL,Stock,SELL,21,357.37
2026-07-01 00:01,GOOG,Stock,BUY,16,353.33
2026-07-01 00:01,TSLA,Stock,SELL,16,420.6
2026-07-01 00:01,META,Stock,SELL,26,563.29
2026-07-01 00:01,ADBE,Stock,SELL,34,205.02
2026-07-01 00:01,AMD,Stock,SELL,17,580.91
2026-07-01 00:01,INTC,Stock,BUY,35,139.63
2026-07-01 00:01,CSCO,Stock,BUY,18,117.46
2026-07-01 00:01,QCOM,Stock,SELL,16,184.79
2026-07-01 00:01,CRM,Stock,SELL,29,156.66
2026-07-01 00:01,AVGO,Stock,SELL,15,377.75
2026-07-01 00:01,ORCL,Stock,SELL,29,146.55
2026-07-01 00:01,IBM,Stock,SELL,12,281.21
2026-07-01 00:01,TXN,Stock,BUY,19,298.07
2026-07-01 00:01,AMGN,Stock,BUY,29,362.12
2026-07-01 00:01,HON,Stock,BUY,32,223.9
2026-07-01 00:01,PEP,Stock,SELL,25,135.4
2026-07-01 00:01,KO,Stock,BUY,31,81.27
2026-07-01 00:01,MCD,Stock,SELL,31,270.31
2026-07-01 00:01,WMT,Stock,SELL,5,113.26
2026-07-01 00:01,CAT,Stock,BUY,36,1064.9
2026-07-01 00:01,JNJ,Stock,BUY,39,253.97
2026-07-01 00:01,V,Stock,BUY,22,343.09
2026-07-01 00:01,HD,Stock,BUY,33,352.68
2026-07-01 00:01,BAC,Stock,BUY,29,56.98
2026-07-01 00:01,JPM,Stock,BUY,23,327.33
2026-07-01 00:01,UNH,Stock,BUY,10,415.63
2026-07-01 00:01,CVX,Stock,SELL,25,165.76
2026-07-01 00:01,XOM,Stock,SELL,34,136.72
2026-07-01 00:01,NFLX,Stock,SELL,36,71.4
2026-07-01 00:01,LMT,Stock,SELL,25,509.46
2026-07-01 00:01,BLK,Stock,SELL,20,961.56
2026-07-01 00:01,SPGI,Stock,SELL,19,407.26
2026-07-01 00:01,MS,Stock,SELL,17,209.04
2026-07-01 00:01,RTX,Stock,BUY,17,189.73
2026-07-01 00:01,SPY,ETF,SELL,17,746.77
2026-07-01 00:01,VOO,ETF,SELL,17,686.81
2026-07-01 00:01,IVV,ETF,SELL,17,748.89
2026-07-01 00:01,VTI,ETF,SELL,17,370.04
2026-07-01 00:01,QQQ,ETF,BUY,14,736.4
2026-07-01 00:01,VUG,ETF,BUY,16,86.14
2026-07-01 00:01,VEA,ETF,BUY,13,71.25
2026-07-01 00:01,VTV,ETF,BUY,19,217.93
2026-07-01 00:01,IEFA,ETF,BUY,14,96.58
2026-07-01 00:01,AGG,ETF,SELL,11,98.98
2026-07-01 00:01,IEMG,ETF,BUY,15,82.84
2026-07-01 00:01,IJH,ETF,BUY,25,77.11
2026-07-01 00:01,IJR,ETF,BUY,33,148.31
2026-07-01 00:01,VIG,ETF,SELL,15,236.62
2026-07-01 00:01,VYM,ETF,BUY,14,158.03
2026-07-01 00:01,SCHD,ETF,BUY,20,31.71
2026-07-01 00:01,XLK,ETF,BUY,15,190.52
2026-07-01 00:01,VT,ETF,SELL,14,156.95
2026-07-01 00:01,ACWI,ETF,SELL,15,156.97
2026-07-01 05:16,AAPL,Stock,BUY,15,289.36
2026-07-01 05:16,MSFT,Stock,SELL,28,373.02
2026-07-01 05:16,NVDA,Stock,SELL,23,200.09
2026-07-01 05:16,AMZN,Stock,SELL,8,238.34
2026-07-01 05:16,GOOGL,Stock,SELL,21,357.37
2026-07-01 05:16,GOOG,Stock,BUY,16,353.33
2026-07-01 05:16,TSLA,Stock,SELL,16,420.6
2026-07-01 05:16,META,Stock,SELL,26,563.29
2026-07-01 05:16,ADBE,Stock,SELL,34,205.02
2026-07-01 05:16,AMD,Stock,SELL,17,580.91
2026-07-01 05:16,INTC,Stock,BUY,35,139.63
2026-07-01 05:16,CSCO,Stock,BUY,18,117.46
2026-07-01 05:16,QCOM,Stock,SELL,16,184.79
2026-07-01 05:16,CRM,Stock,SELL,29,156.66
2026-07-01 05:16,AVGO,Stock,SELL,15,377.75
2026-07-01 05:16,ORCL,Stock,SELL,29,146.55
2026-07-01 05:16,IBM,Stock,SELL,12,281.21
2026-07-01 05:16,TXN,Stock,BUY,19,298.07
2026-07-01 05:16,AMGN,Stock,BUY,29,362.12
2026-07-01 05:16,HON,Stock,BUY,32,223.9
2026-07-01 05:16,PEP,Stock,SELL,25,135.4
2026-07-01 05:16,KO,Stock,BUY,31,81.27
2026-07-01 05:16,MCD,Stock,SELL,31,270.31
2026-07-01 05:16,WMT,Stock,SELL,5,113.26
2026-07-01 05:16,CAT,Stock,BUY,36,1064.9
2026-07-01 05:16,JNJ,Stock,BUY,39,253.97
2026-07-01 05:16,V,Stock,BUY,22,343.09
2026-07-01 05:16,HD,Stock,BUY,33,352.68
2026-07-01 05:16,BAC,Stock,BUY,29,56.98
2026-07-01 05:16,JPM,Stock,BUY,23,327.33
2026-07-01 05:16,UNH,Stock,BUY,10,415.63
2026-07-01 05:16,CVX,Stock,SELL,25,165.76
2026-07-01 05:16,XOM,Stock,SELL,34,136.72
2026-07-01 05:16,NFLX,Stock,SELL,36,71.4
2026-07-01 05:16,LMT,Stock,SELL,25,509.46
2026-07-01 05:16,BLK,Stock,SELL,20,961.56
2026-07-01 05:16,SPGI,Stock,SELL,19,407.26
2026-07-01 05:16,MS,Stock,SELL,17,209.04
2026-07-01 05:16,RTX,Stock,BUY,17,189.73
2026-07-01 05:16,SPY,ETF,SELL,17,746.77
2026-07-01 05:16,VOO,ETF,SELL,17,686.81
2026-07-01 05:16,IVV,ETF,SELL,17,748.89
2026-07-01 05:17,VTI,ETF,SELL,17,370.04
2026-07-01 05:17,QQQ,ETF,BUY,14,736.4
2026-07-01 05:17,VUG,ETF,BUY,16,86.14
2026-07-01 05:17,VEA,ETF,BUY,13,71.25
2026-07-01 05:17,VTV,ETF,BUY,19,217.93
2026-07-01 05:17,IEFA,ETF,BUY,14,96.58
2026-07-01 05:17,AGG,ETF,SELL,11,98.98
2026-07-01 05:17,IEMG,ETF,BUY,15,82.84
2026-07-01 05:17,IJH,ETF,BUY,25,77.11
2026-07-01 05:17,IJR,ETF,BUY,33,148.31
2026-07-01 05:17,VIG,ETF,SELL,15,236.62
2026-07-01 05:17,VYM,ETF,BUY,14,158.03
2026-07-01 05:17,SCHD,ETF,BUY,20,31.71
2026-07-01 05:17,XLK,ETF,BUY,15,190.52
2026-07-01 05:17,VT,ETF,SELL,14,156.95
2026-07-01 05:17,ACWI,ETF,SELL,15,156.97
2026-07-01 09:33,AAPL,Stock,BUY,15,289.36
2026-07-01 09:33,MSFT,Stock,SELL,28,373.02
2026-07-01 09:33,NVDA,Stock,SELL,23,200.09
2026-07-01 09:33,AMZN,Stock,SELL,8,238.34
2026-07-01 09:33,GOOGL,Stock,SELL,21,357.37
2026-07-01 09:33,GOOG,Stock,BUY,16,353.33
2026-07-01 09:33,TSLA,Stock,SELL,16,420.6
2026-07-01 09:33,META,Stock,SELL,26,563.29
2026-07-01 09:33,ADBE,Stock,SELL,34,205.02
2026-07-01 09:33,AMD,Stock,SELL,17,580.91
2026-07-01 09:33,INTC,Stock,BUY,35,139.63
2026-07-01 09:33,CSCO,Stock,BUY,18,117.46
2026-07-01 09:33,QCOM,Stock,SELL,16,184.79
2026-07-01 09:33,CRM,Stock,SELL,29,156.66
2026-07-01 09:33,AVGO,Stock,SELL,15,377.75
2026-07-01 09:33,ORCL,Stock,SELL,29,146.55
2026-07-01 09:33,IBM,Stock,SELL,12,281.21
2026-07-01 09:33,TXN,Stock,BUY,19,298.07
2026-07-01 09:33,AMGN,Stock,BUY,29,362.12
2026-07-01 09:33,HON,Stock,BUY,32,223.9
2026-07-01 09:33,PEP,Stock,SELL,25,135.4
2026-07-01 09:33,KO,Stock,BUY,31,81.27
2026-07-01 09:33,MCD,Stock,SELL,31,270.31
2026-07-01 09:33,WMT,Stock,SELL,5,113.26
2026-07-01 09:33,CAT,Stock,BUY,36,1064.9
2026-07-01 09:33,JNJ,Stock,BUY,39,253.97
2026-07-01 09:33,V,Stock,BUY,22,343.09
2026-07-01 09:33,HD,Stock,BUY,33,352.68
2026-07-01 09:33,BAC,Stock,BUY,29,56.98
2026-07-01 09:33,JPM,Stock,BUY,23,327.33
2026-07-01 09:33,UNH,Stock,BUY,10,415.63
2026-07-01 09:33,CVX,Stock,SELL,25,165.76
2026-07-01 09:33,XOM,Stock,SELL,34,136.72
2026-07-01 09:33,NFLX,Stock,SELL,36,71.4
2026-07-01 09:33,LMT,Stock,SELL,25,509.46
2026-07-01 09:33,BLK,Stock,SELL,20,961.56
2026-07-01 09:33,SPGI,Stock,SELL,19,407.26
2026-07-01 09:33,MS,Stock,SELL,17,209.04
2026-07-01 09:33,RTX,Stock,BUY,17,189.73
2026-07-01 09:33,SPY,ETF,SELL,17,746.77
2026-07-01 09:33,VOO,ETF,SELL,17,686.81
2026-07-01 09:33,IVV,ETF,SELL,17,748.89
2026-07-01 09:33,VTI,ETF,SELL,17,370.04
2026-07-01 09:33,QQQ,ETF,BUY,14,736.4
2026-07-01 09:33,VUG,ETF,BUY,16,86.14
2026-07-01 09:33,VEA,ETF,BUY,13,71.25
2026-07-01 09:33,VTV,ETF,BUY,19,217.93
2026-07-01 09:33,IEFA,ETF,BUY,14,96.58
2026-07-01 09:33,AGG,ETF,SELL,11,98.98
2026-07-01 09:33,IEMG,ETF,BUY,15,82.84
2026-07-01 09:33,IJH,ETF,BUY,25,77.11
2026-07-01 09:33,IJR,ETF,BUY,33,148.31
2026-07-01 09:33,VIG,ETF,SELL,15,236.62
2026-07-01 09:33,VYM,ETF,BUY,14,158.03
2026-07-01 09:33,SCHD,ETF,BUY,20,31.71
2026-07-01 09:33,XLK,ETF,BUY,15,190.52
2026-07-01 09:33,VT,ETF,SELL,14,156.95
2026-07-01 09:33,ACWI,ETF,SELL,15,156.97
2026-07-01 12:29,AAPL,Stock,BUY,15,289.36
2026-07-01 12:29,MSFT,Stock,SELL,28,373.02
2026-07-01 12:29,NVDA,Stock,SELL,23,200.09
2026-07-01 12:29,AMZN,Stock,SELL,8,238.34
2026-07-01 12:29,GOOGL,Stock,SELL,21,357.37
2026-07-01 12:29,GOOG,Stock,BUY,16,353.33
2026-07-01 12:29,TSLA,Stock,SELL,16,420.6
2026-07-01 12:29,META,Stock,SELL,26,563.29
2026-07-01 12:29,ADBE,Stock,SELL,34,205.02
2026-07-01 12:29,AMD,Stock,SELL,17,580.91
2026-07-01 12:29,INTC,Stock,BUY,35,139.63
2026-07-01 12:29,CSCO,Stock,BUY,18,117.46
2026-07-01 12:29,QCOM,Stock,SELL,16,184.79
2026-07-01 12:29,CRM,Stock,SELL,29,156.66
2026-07-01 12:29,AVGO,Stock,SELL,15,377.75
2026-07-01 12:29,ORCL,Stock,SELL,29,146.55
2026-07-01 12:29,IBM,Stock,SELL,12,281.21
2026-07-01 12:29,TXN,Stock,BUY,19,298.07
2026-07-01 12:29,AMGN,Stock,BUY,29,362.12
2026-07-01 12:29,HON,Stock,BUY,32,223.9
2026-07-01 12:29,PEP,Stock,SELL,25,135.4
2026-07-01 12:29,KO,Stock,BUY,31,81.27
2026-07-01 12:29,MCD,Stock,SELL,31,270.31
2026-07-01 12:29,WMT,Stock,SELL,5,113.26
2026-07-01 12:29,CAT,Stock,BUY,36,1064.9
2026-07-01 12:29,JNJ,Stock,BUY,39,253.97
2026-07-01 12:29,V,Stock,BUY,22,343.09
2026-07-01 12:29,HD,Stock,BUY,33,352.68
2026-07-01 12:29,BAC,Stock,BUY,29,56.98
2026-07-01 12:29,JPM,Stock,BUY,23,327.33
2026-07-01 12:29,UNH,Stock,BUY,10,415.63
2026-07-01 12:29,CVX,Stock,SELL,25,165.76
2026-07-01 12:29,XOM,Stock,SELL,34,136.72
2026-07-01 12:29,NFLX,Stock,SELL,36,71.4
2026-07-01 12:29,LMT,Stock,SELL,25,509.46
2026-07-01 12:29,BLK,Stock,SELL,20,961.56
2026-07-01 12:29,SPGI,Stock,SELL,19,407.26
2026-07-01 12:29,MS,Stock,SELL,17,209.04
2026-07-01 12:29,RTX,Stock,BUY,17,189.73
2026-07-01 12:29,SPY,ETF,SELL,17,746.77
2026-07-01 12:29,VOO,ETF,SELL,17,686.81
2026-07-01 12:29,IVV,ETF,SELL,17,748.89
2026-07-01 12:29,VTI,ETF,SELL,17,370.04
2026-07-01 12:29,QQQ,ETF,BUY,14,736.4
2026-07-01 12:29,VUG,ETF,BUY,16,86.14
2026-07-01 12:29,VEA,ETF,BUY,13,71.25
2026-07-01 12:29,VTV,ETF,BUY,19,217.93
2026-07-01 12:29,IEFA,ETF,BUY,14,96.58
2026-07-01 12:29,AGG,ETF,SELL,11,98.98
2026-07-01 12:29,IEMG,ETF,BUY,15,82.84
2026-07-01 12:29,IJH,ETF,BUY,25,77.11
2026-07-01 12:29,IJR,ETF,BUY,33,148.31
2026-07-01 12:29,VIG,ETF,SELL,15,236.62
2026-07-01 12:29,VYM,ETF,BUY,14,158.03
2026-07-01 12:29,SCHD,ETF,BUY,20,31.71
2026-07-01 12:29,XLK,ETF,BUY,15,190.52
2026-07-01 12:29,VT,ETF,SELL,14,156.95
2026-07-01 12:29,ACWI,ETF,SELL,15,156.97
2026-07-01 15:35,AAPL,Stock,BUY,15,294.98
2026-07-01 15:35,MSFT,Stock,SELL,27,384.33
2026-07-01 15:35,NVDA,Stock,SELL,23,196.91
2026-07-01 15:35,AMZN,Stock,BUY,13,242.45
2026-07-01 15:35,GOOGL,Stock,BUY,16,360.63
2026-07-01 15:35,GOOG,Stock,BUY,16,357.36
2026-07-01 15:35,TSLA,Stock,BUY,15,431.81
2026-07-01 15:35,META,Stock,SELL,13,623.51
2026-07-01 15:35,ADBE,Stock,SELL,16,211.63
2026-07-01 15:35,AMD,Stock,BUY,15,555.18
2026-07-01 15:35,INTC,Stock,BUY,34,129.93
2026-07-01 15:35,CSCO,Stock,BUY,18,116.31
2026-07-01 15:35,QCOM,Stock,SELL,16,185.4
2026-07-01 15:35,CRM,Stock,SELL,14,164.51
2026-07-01 15:35,AVGO,Stock,SELL,15,371.89
2026-07-01 15:35,ORCL,Stock,SELL,29,145.48
2026-07-01 15:35,IBM,Stock,BUY,9,290.69
2026-07-01 15:35,TXN,Stock,BUY,19,298.92
2026-07-01 15:35,AMGN,Stock,BUY,30,359.75
2026-07-01 15:35,HON,Stock,BUY,16,224.12
2026-07-01 15:35,PEP,Stock,SELL,25,139.65
2026-07-01 15:35,KO,Stock,BUY,31,81.73
2026-07-01 15:35,MCD,Stock,SELL,31,270.1
2026-07-01 15:35,WMT,Stock,BUY,23,107.75
2026-07-01 15:35,CAT,Stock,BUY,36,1019.59
2026-07-01 15:35,JNJ,Stock,BUY,39,252.27
2026-07-01 15:35,V,Stock,BUY,24,350.05
2026-07-01 15:35,HD,Stock,BUY,33,355.24
2026-07-01 15:36,BAC,Stock,BUY,30,58.11
2026-07-01 15:36,JPM,Stock,BUY,22,333.18
2026-07-01 15:36,UNH,Stock,BUY,10,420.63
2026-07-01 15:36,CVX,Stock,SELL,26,166.0
2026-07-01 15:36,XOM,Stock,SELL,34,136.39
2026-07-01 15:36,NFLX,Stock,SELL,35,73.05
2026-07-01 15:36,LMT,Stock,BUY,19,518.42
2026-07-01 15:36,BLK,Stock,SELL,20,975.17
2026-07-01 15:36,SPGI,Stock,SELL,18,414.83
2026-07-01 15:36,MS,Stock,SELL,17,210.88
2026-07-01 15:36,RTX,Stock,BUY,17,190.81
2026-07-01 15:36,SPY,ETF,SELL,17,748.6
2026-07-01 15:36,VOO,ETF,SELL,17,688.06
2026-07-01 15:36,IVV,ETF,SELL,17,752.09
2026-07-01 15:36,VTI,ETF,SELL,17,371.01
2026-07-01 15:36,QQQ,ETF,BUY,14,730.69
2026-07-01 15:36,VUG,ETF,BUY,16,86.62
2026-07-01 15:36,VEA,ETF,BUY,13,70.65
2026-07-01 15:36,VTV,ETF,BUY,19,217.94
2026-07-01 15:36,IEFA,ETF,BUY,14,96.28
2026-07-01 15:36,AGG,ETF,SELL,11,98.57
2026-07-01 15:36,IEMG,ETF,BUY,15,81.39
2026-07-01 15:36,IJH,ETF,BUY,25,77.01
2026-07-01 15:36,IJR,ETF,BUY,33,149.2
2026-07-01 15:36,VIG,ETF,SELL,15,237.07
2026-07-01 15:36,VYM,ETF,BUY,14,158.62
2026-07-01 15:36,SCHD,ETF,BUY,20,31.91
2026-07-01 15:36,XLK,ETF,BUY,15,187.28
2026-07-01 15:36,VT,ETF,SELL,14,156.8
2026-07-01 15:36,ACWI,ETF,SELL,15,156.77
2026-07-01 17:47,AAPL,Stock,BUY,15,294.01
2026-07-01 17:47,MSFT,Stock,SELL,27,387.04
2026-07-01 17:47,NVDA,Stock,SELL,23,198.67
2026-07-01 17:47,AMZN,Stock,BUY,13,244.04
2026-07-01 17:47,GOOGL,Stock,SELL,21,359.07
2026-07-01 17:47,GOOG,Stock,BUY,16,356.01
2026-07-01 17:47,TSLA,Stock,SELL,15,425.46
2026-07-01 17:47,META,Stock,SELL,13,619.76
2026-07-01 17:47,ADBE,Stock,SELL,16,211.37
2026-07-01 17:47,AMD,Stock,BUY,15,550.98
2026-07-01 17:47,INTC,Stock,BUY,17,127.94
2026-07-01 17:47,CSCO,Stock,BUY,18,116.44
2026-07-01 17:47,QCOM,Stock,SELL,16,183.51
2026-07-01 17:47,CRM,Stock,SELL,14,164.29
2026-07-01 17:47,AVGO,Stock,SELL,15,369.58
2026-07-01 17:47,ORCL,Stock,SELL,29,143.65
2026-07-01 17:48,IBM,Stock,BUY,9,289.52
2026-07-01 17:48,TXN,Stock,BUY,19,299.42
2026-07-01 17:48,AMGN,Stock,BUY,30,358.77
2026-07-01 17:48,HON,Stock,BUY,16,221.3
2026-07-01 17:48,PEP,Stock,SELL,25,140.66
2026-07-01 17:48,KO,Stock,BUY,31,81.43
2026-07-01 17:48,MCD,Stock,SELL,31,271.07
2026-07-01 17:48,WMT,Stock,BUY,23,108.57
2026-07-01 17:48,CAT,Stock,BUY,36,997.28
2026-07-01 17:48,JNJ,Stock,BUY,39,252.36
2026-07-01 17:48,V,Stock,SELL,28,351.76
2026-07-01 17:48,HD,Stock,BUY,33,353.83
2026-07-01 17:48,BAC,Stock,BUY,30,58.33
2026-07-01 17:48,JPM,Stock,BUY,24,333.71
2026-07-01 17:48,UNH,Stock,BUY,20,425.67
2026-07-01 17:48,CVX,Stock,SELL,26,166.37
2026-07-01 17:48,XOM,Stock,SELL,34,136.54
2026-07-01 17:48,NFLX,Stock,SELL,35,73.93
2026-07-01 17:48,LMT,Stock,BUY,19,517.78
2026-07-01 17:48,BLK,Stock,SELL,20,980.17
2026-07-01 17:48,SPGI,Stock,BUY,11,418.71
2026-07-01 17:48,MS,Stock,SELL,17,211.91
2026-07-01 17:48,RTX,Stock,BUY,17,190.12
2026-07-01 17:48,SPY,ETF,SELL,17,747.37
2026-07-01 17:48,VOO,ETF,SELL,17,686.93
2026-07-01 17:48,IVV,ETF,SELL,17,750.9
2026-07-01 17:48,VTI,ETF,SELL,17,370.27
2026-07-01 17:48,QQQ,ETF,BUY,14,727.42
2026-07-01 17:48,VUG,ETF,BUY,16,86.39
2026-07-01 17:48,VEA,ETF,BUY,13,70.5
2026-07-01 17:48,VTV,ETF,BUY,19,217.81
2026-07-01 17:48,IEFA,ETF,BUY,14,96.2
2026-07-01 17:48,AGG,ETF,SELL,11,98.57
2026-07-01 17:48,IEMG,ETF,BUY,15,80.89
2026-07-01 17:48,IJH,ETF,BUY,25,76.76
2026-07-01 17:48,IJR,ETF,BUY,33,148.39
2026-07-01 17:48,VIG,ETF,SELL,15,236.68
2026-07-01 17:48,VYM,ETF,BUY,14,158.51
2026-07-01 17:48,SCHD,ETF,BUY,20,31.93
2026-07-01 17:48,XLK,ETF,BUY,15,186.19
2026-07-01 17:48,VT,ETF,SELL,14,156.51
2026-07-01 17:48,ACWI,ETF,SELL,15,156.39
2026-07-01 19:42,AAPL,Stock,BUY,15,294.14
2026-07-01 19:42,MSFT,Stock,SELL,27,385.48
2026-07-01 19:42,NVDA,Stock,SELL,23,198.47
2026-07-01 19:42,AMZN,Stock,BUY,13,242.09
2026-07-01 19:42,GOOGL,Stock,BUY,16,361.07
2026-07-01 19:42,GOOG,Stock,BUY,16,357.73
2026-07-01 19:42,TSLA,Stock,SELL,15,426.48
2026-07-01 19:43,META,Stock,SELL,13,615.84
2026-07-01 19:43,ADBE,Stock,SELL,16,211.4
2026-07-01 19:43,AMD,Stock,BUY,15,544.84
2026-07-01 19:43,INTC,Stock,BUY,17,127.76
2026-07-01 19:43,CSCO,Stock,BUY,18,116.54
2026-07-01 19:43,QCOM,Stock,SELL,16,183.19
2026-07-01 19:43,CRM,Stock,SELL,14,163.79
2026-07-01 19:43,AVGO,Stock,SELL,15,371.0
2026-07-01 19:43,ORCL,Stock,SELL,29,143.76
2026-07-01 19:43,IBM,Stock,BUY,9,288.17
2026-07-01 19:43,TXN,Stock,BUY,19,299.27
2026-07-01 19:43,AMGN,Stock,BUY,30,360.27
2026-07-01 19:43,HON,Stock,BUY,16,222.07
2026-07-01 19:43,PEP,Stock,SELL,25,140.4
2026-07-01 19:43,KO,Stock,BUY,31,81.04
2026-07-01 19:43,MCD,Stock,SELL,31,270.05
2026-07-01 19:43,WMT,Stock,BUY,23,108.39
2026-07-01 19:43,CAT,Stock,BUY,36,993.76
2026-07-01 19:43,JNJ,Stock,BUY,39,253.15
2026-07-01 19:43,V,Stock,SELL,28,350.58
2026-07-01 19:43,HD,Stock,BUY,33,351.0
2026-07-01 19:43,BAC,Stock,BUY,30,58.43
2026-07-01 19:43,JPM,Stock,BUY,22,333.26
2026-07-01 19:43,UNH,Stock,BUY,20,427.86
2026-07-01 19:43,CVX,Stock,SELL,26,165.76
2026-07-01 19:43,XOM,Stock,SELL,34,136.1
2026-07-01 19:43,NFLX,Stock,SELL,35,74.04
2026-07-01 19:43,LMT,Stock,BUY,19,520.48
2026-07-01 19:43,BLK,Stock,SELL,20,979.7
2026-07-01 19:43,SPGI,Stock,SELL,18,415.72
2026-07-01 19:43,MS,Stock,SELL,17,211.74
2026-07-01 19:43,RTX,Stock,BUY,17,191.14
2026-07-01 19:43,SPY,ETF,SELL,17,746.6
2026-07-01 19:43,VOO,ETF,SELL,17,686.21
2026-07-01 19:43,IVV,ETF,SELL,17,750.06
2026-07-01 19:43,VTI,ETF,SELL,17,369.79
2026-07-01 19:43,QQQ,ETF,BUY,14,726.74
2026-07-01 19:43,VUG,ETF,BUY,16,86.32
2026-07-01 19:43,VEA,ETF,BUY,13,70.45
2026-07-01 19:43,VTV,ETF,BUY,18,217.54
2026-07-01 19:43,IEFA,ETF,BUY,14,96.17
2026-07-01 19:43,AGG,ETF,SELL,11,98.49
2026-07-01 19:43,IEMG,ETF,BUY,15,80.75
2026-07-01 19:43,IJH,ETF,BUY,25,76.61
2026-07-01 19:43,IJR,ETF,BUY,33,148.04
2026-07-01 19:43,VIG,ETF,SELL,15,236.42
2026-07-01 19:43,VYM,ETF,BUY,14,158.29
2026-07-01 19:43,SCHD,ETF,BUY,20,31.85
2026-07-01 19:43,XLK,ETF,BUY,15,186.12
2026-07-01 19:43,VT,ETF,SELL,14,156.3
2026-07-01 19:43,ACWI,ETF,SELL,15,156.23
2026-07-01 21:21,AAPL,Stock,BUY,15,294.38
2026-07-01 21:21,MSFT,Stock,SELL,27,384.28
2026-07-01 21:21,NVDA,Stock,SELL,23,197.58
2026-07-01 21:21,AMZN,Stock,BUY,13,241.7
2026-07-01 21:21,GOOGL,Stock,BUY,16,361.21
2026-07-01 21:21,GOOG,Stock,BUY,16,357.89
2026-07-01 21:21,TSLA,Stock,SELL,15,425.3
2026-07-01 21:21,META,Stock,SELL,13,612.91
2026-07-01 21:21,ADBE,Stock,SELL,16,210.98
2026-07-01 21:21,AMD,Stock,BUY,15,540.88
2026-07-01 21:21,INTC,Stock,BUY,17,127.02
2026-07-01 21:21,CSCO,Stock,BUY,18,117.01
2026-07-01 21:21,QCOM,Stock,SELL,16,181.92
2026-07-01 21:21,CRM,Stock,SELL,14,163.23
2026-07-01 21:21,AVGO,Stock,SELL,15,369.34
2026-07-01 21:21,ORCL,Stock,SELL,29,142.5
2026-07-01 21:21,IBM,Stock,BUY,9,286.25
2026-07-01 21:21,TXN,Stock,BUY,19,298.41
2026-07-01 21:21,AMGN,Stock,BUY,30,361.33
2026-07-01 21:21,HON,Stock,BUY,16,221.75
2026-07-01 21:21,PEP,Stock,SELL,25,141.16
2026-07-01 21:21,KO,Stock,BUY,31,81.29
2026-07-01 21:21,MCD,Stock,SELL,31,269.43
2026-07-01 21:21,WMT,Stock,BUY,23,108.82
2026-07-01 21:21,CAT,Stock,BUY,36,991.41
2026-07-01 21:21,JNJ,Stock,BUY,39,253.98
2026-07-01 21:21,V,Stock,SELL,28,351.08
2026-07-01 21:21,HD,Stock,BUY,33,350.84
2026-07-01 21:21,BAC,Stock,BUY,30,58.36
2026-07-01 21:21,JPM,Stock,BUY,24,334.07
2026-07-01 21:21,UNH,Stock,BUY,20,426.54
2026-07-01 21:21,CVX,Stock,SELL,26,165.69
2026-07-01 21:21,XOM,Stock,SELL,34,136.28
2026-07-01 21:21,NFLX,Stock,SELL,35,74.19
2026-07-01 21:21,LMT,Stock,BUY,19,521.82
2026-07-01 21:21,BLK,Stock,SELL,20,980.38
2026-07-01 21:21,SPGI,Stock,SELL,18,414.97
2026-07-01 21:21,MS,Stock,SELL,17,211.86
2026-07-01 21:21,RTX,Stock,BUY,17,191.78
2026-07-01 21:21,SPY,ETF,SELL,17,745.76
2026-07-01 21:21,VOO,ETF,SELL,17,685.46
2026-07-01 21:21,IVV,ETF,SELL,17,749.1
2026-07-01 21:21,VTI,ETF,SELL,17,369.27
2026-07-01 21:21,QQQ,ETF,BUY,14,725.17
2026-07-01 21:21,VUG,ETF,BUY,16,86.17
2026-07-01 21:21,VEA,ETF,BUY,13,70.36
2026-07-01 21:21,VTV,ETF,BUY,18,217.38
2026-07-01 21:21,IEFA,ETF,BUY,14,96.08
2026-07-01 21:21,AGG,ETF,SELL,11,98.5
2026-07-01 21:21,IEMG,ETF,BUY,15,80.63
2026-07-01 21:21,IJH,ETF,BUY,25,76.44
2026-07-01 21:21,IJR,ETF,BUY,33,147.54
2026-07-01 21:21,VIG,ETF,SELL,15,236.46
2026-07-01 21:21,VYM,ETF,BUY,14,158.24
2026-07-01 21:21,SCHD,ETF,BUY,20,31.85
2026-07-01 21:21,XLK,ETF,BUY,15,185.62
2026-07-01 21:21,VT,ETF,SELL,14,156.12
2026-07-01 21:21,ACWI,ETF,SELL,15,156.12
2026-07-01 23:06,AAPL,Stock,BUY,15,294.38
2026-07-01 23:06,MSFT,Stock,SELL,27,384.28
2026-07-01 23:06,NVDA,Stock,SELL,23,197.58
2026-07-01 23:06,AMZN,Stock,BUY,13,241.7
2026-07-01 23:06,GOOGL,Stock,BUY,16,361.21
2026-07-01 23:06,GOOG,Stock,BUY,16,357.89
2026-07-01 23:06,TSLA,Stock,SELL,15,425.3
2026-07-01 23:06,META,Stock,SELL,13,612.91
2026-07-01 23:06,ADBE,Stock,SELL,16,210.98
2026-07-01 23:06,AMD,Stock,BUY,15,540.88
2026-07-01 23:06,INTC,Stock,BUY,17,127.02
2026-07-01 23:06,CSCO,Stock,BUY,18,117.01
2026-07-01 23:06,QCOM,Stock,SELL,16,181.92
2026-07-01 23:06,CRM,Stock,SELL,14,163.23
2026-07-01 23:06,AVGO,Stock,SELL,15,369.34
2026-07-01 23:06,ORCL,Stock,SELL,29,142.5
2026-07-01 23:06,IBM,Stock,BUY,9,286.25
2026-07-01 23:06,TXN,Stock,BUY,19,298.41
2026-07-01 23:06,AMGN,Stock,BUY,30,361.33
2026-07-01 23:06,HON,Stock,BUY,16,221.75
2026-07-01 23:06,PEP,Stock,SELL,25,141.16
2026-07-01 23:06,KO,Stock,BUY,31,81.29
2026-07-01 23:06,MCD,Stock,SELL,31,269.43
2026-07-01 23:06,WMT,Stock,BUY,23,108.82
2026-07-01 23:06,CAT,Stock,BUY,36,991.41
2026-07-01 23:06,JNJ,Stock,BUY,39,253.98
2026-07-01 23:06,V,Stock,SELL,28,351.08
2026-07-01 23:06,HD,Stock,BUY,33,350.84
2026-07-01 23:06,BAC,Stock,BUY,30,58.36
2026-07-01 23:06,JPM,Stock,BUY,24,334.07
2026-07-01 23:06,UNH,Stock,BUY,20,426.54
2026-07-01 23:06,CVX,Stock,SELL,26,165.69
2026-07-01 23:06,XOM,Stock,SELL,34,136.28
2026-07-01 23:06,NFLX,Stock,SELL,35,74.19
2026-07-01 23:06,LMT,Stock,BUY,19,521.82
2026-07-01 23:06,BLK,Stock,SELL,20,980.38
2026-07-01 23:06,SPGI,Stock,SELL,18,414.97
2026-07-01 23:06,MS,Stock,SELL,17,211.86
2026-07-01 23:06,RTX,Stock,BUY,17,191.78
2026-07-01 23:06,SPY,ETF,SELL,17,745.76
2026-07-01 23:06,VOO,ETF,SELL,17,685.46
2026-07-01 23:06,IVV,ETF,SELL,17,749.1
2026-07-01 23:06,VTI,ETF,SELL,17,369.27
2026-07-01 23:06,QQQ,ETF,BUY,14,725.17
2026-07-01 23:06,VUG,ETF,BUY,16,86.17
2026-07-01 23:06,VEA,ETF,BUY,13,70.36
2026-07-01 23:06,VTV,ETF,BUY,18,217.38
2026-07-01 23:06,IEFA,ETF,BUY,14,96.08
2026-07-01 23:06,AGG,ETF,SELL,11,98.5
2026-07-01 23:06,IEMG,ETF,BUY,15,80.63
2026-07-01 23:06,IJH,ETF,BUY,25,76.44
2026-07-01 23:06,IJR,ETF,BUY,33,147.54
2026-07-01 23:06,VIG,ETF,SELL,15,236.46
2026-07-01 23:06,VYM,ETF,BUY,14,158.24
2026-07-01 23:06,SCHD,ETF,BUY,20,31.85
2026-07-01 23:06,XLK,ETF,BUY,15,185.62
2026-07-01 23:06,VT,ETF,SELL,14,156.12
2026-07-01 23:06,ACWI,ETF,SELL,15,156.12
2026-07-02 02:37,AAPL,Stock,BUY,15,294.38
2026-07-02 02:37,MSFT,Stock,SELL,27,384.28
2026-07-02 02:37,NVDA,Stock,SELL,23,197.58
2026-07-02 02:37,AMZN,Stock,BUY,13,241.7
2026-07-02 02:37,GOOGL,Stock,BUY,16,361.21
2026-07-02 02:37,GOOG,Stock,BUY,16,357.89
2026-07-02 02:37,TSLA,Stock,SELL,15,425.3
2026-07-02 02:37,META,Stock,SELL,13,612.91
2026-07-02 02:37,ADBE,Stock,SELL,16,210.98
2026-07-02 02:37,AMD,Stock,BUY,15,540.88
2026-07-02 02:37,INTC,Stock,BUY,17,127.02
2026-07-02 02:37,CSCO,Stock,BUY,18,117.01
2026-07-02 02:37,QCOM,Stock,SELL,16,181.92
2026-07-02 02:37,CRM,Stock,SELL,14,163.23
2026-07-02 02:37,AVGO,Stock,SELL,15,369.34
2026-07-02 02:37,ORCL,Stock,SELL,29,142.5
2026-07-02 02:37,IBM,Stock,BUY,9,286.25
2026-07-02 02:37,TXN,Stock,BUY,19,298.41
2026-07-02 02:37,AMGN,Stock,BUY,30,361.33
2026-07-02 02:37,HON,Stock,BUY,16,221.75
2026-07-02 02:37,PEP,Stock,SELL,25,141.16
2026-07-02 02:37,KO,Stock,BUY,31,81.29
2026-07-02 02:37,MCD,Stock,SELL,31,269.43
2026-07-02 02:37,WMT,Stock,BUY,23,108.82
2026-07-02 02:37,CAT,Stock,BUY,36,991.41
2026-07-02 02:37,JNJ,Stock,BUY,39,253.98
2026-07-02 02:37,V,Stock,SELL,28,351.08
2026-07-02 02:37,HD,Stock,BUY,33,350.84
2026-07-02 02:37,BAC,Stock,BUY,30,58.36
2026-07-02 02:37,JPM,Stock,BUY,24,334.07
2026-07-02 02:37,UNH,Stock,BUY,20,426.54
2026-07-02 02:37,CVX,Stock,SELL,26,165.69
2026-07-02 02:37,XOM,Stock,SELL,34,136.28
2026-07-02 02:37,NFLX,Stock,SELL,35,74.19
2026-07-02 02:37,LMT,Stock,BUY,19,521.82
2026-07-02 02:37,BLK,Stock,SELL,20,980.38
2026-07-02 02:37,SPGI,Stock,SELL,18,414.97
2026-07-02 02:37,MS,Stock,SELL,17,211.86
2026-07-02 02:37,RTX,Stock,BUY,17,191.78
2026-07-02 02:37,SPY,ETF,SELL,17,745.76
2026-07-02 02:37,VOO,ETF,SELL,17,685.46
2026-07-02 02:37,IVV,ETF,SELL,17,749.1
2026-07-02 02:37,VTI,ETF,SELL,17,369.27
2026-07-02 02:37,QQQ,ETF,BUY,14,725.17
2026-07-02 02:37,VUG,ETF,BUY,16,86.17
2026-07-02 02:37,VEA,ETF,BUY,13,70.36
2026-07-02 02:37,VTV,ETF,BUY,18,217.38
2026-07-02 02:37,IEFA,ETF,BUY,14,96.08
2026-07-02 02:37,AGG,ETF,SELL,11,98.5
2026-07-02 02:37,IEMG,ETF,BUY,15,80.63
2026-07-02 02:37,IJH,ETF,BUY,25,76.44
2026-07-02 02:37,IJR,ETF,BUY,33,147.54
2026-07-02 02:37,VIG,ETF,SELL,15,236.46
2026-07-02 02:37,VYM,ETF,BUY,14,158.24
2026-07-02 02:37,SCHD,ETF,BUY,20,31.85
2026-07-02 02:37,XLK,ETF,BUY,15,185.62
2026-07-02 02:37,VT,ETF,SELL,14,156.12
2026-07-02 02:37,ACWI,ETF,SELL,15,156.12
2026-07-02 06:33,AAPL,Stock,BUY,15,294.38
2026-07-02 06:33,MSFT,Stock,SELL,27,384.28
2026-07-02 06:34,NVDA,Stock,SELL,23,197.58
2026-07-02 06:34,AMZN,Stock,BUY,13,241.7
2026-07-02 06:34,GOOGL,Stock,BUY,16,361.21
2026-07-02 06:34,GOOG,Stock,BUY,16,357.89
2026-07-02 06:34,TSLA,Stock,SELL,15,425.3
2026-07-02 06:34,META,Stock,SELL,13,612.91
2026-07-02 06:34,ADBE,Stock,SELL,16,210.98
2026-07-02 06:34,AMD,Stock,BUY,15,540.88
2026-07-02 06:34,INTC,Stock,BUY,17,127.02
2026-07-02 06:34,CSCO,Stock,BUY,18,117.01
2026-07-02 06:34,QCOM,Stock,SELL,16,181.92
2026-07-02 06:34,CRM,Stock,SELL,14,163.23
2026-07-02 06:34,AVGO,Stock,SELL,15,369.34
2026-07-02 06:34,ORCL,Stock,SELL,29,142.5
2026-07-02 06:34,IBM,Stock,BUY,9,286.25
2026-07-02 06:34,TXN,Stock,BUY,19,298.41
2026-07-02 06:34,AMGN,Stock,BUY,30,361.33
2026-07-02 06:34,HON,Stock,BUY,16,221.75
2026-07-02 06:34,PEP,Stock,SELL,25,141.16
2026-07-02 06:34,KO,Stock,BUY,31,81.29
2026-07-02 06:34,MCD,Stock,SELL,31,269.43
2026-07-02 06:34,WMT,Stock,BUY,23,108.82
2026-07-02 06:34,CAT,Stock,BUY,36,991.41
2026-07-02 06:34,JNJ,Stock,BUY,39,253.98
2026-07-02 06:34,V,Stock,SELL,28,351.08
2026-07-02 06:34,HD,Stock,BUY,33,350.84
2026-07-02 06:34,BAC,Stock,BUY,30,58.36
2026-07-02 06:34,JPM,Stock,BUY,24,334.07
2026-07-02 06:34,UNH,Stock,BUY,20,426.54
2026-07-02 06:34,CVX,Stock,SELL,26,165.69
2026-07-02 06:34,XOM,Stock,SELL,34,136.28
2026-07-02 06:34,NFLX,Stock,SELL,35,74.19
2026-07-02 06:34,LMT,Stock,BUY,19,521.82
2026-07-02 06:34,BLK,Stock,SELL,20,980.38
2026-07-02 06:34,SPGI,Stock,SELL,18,414.97
2026-07-02 06:34,MS,Stock,SELL,17,211.86
2026-07-02 06:34,RTX,Stock,BUY,17,191.78
2026-07-02 06:34,SPY,ETF,SELL,17,745.76
2026-07-02 06:34,VOO,ETF,SELL,17,685.46
2026-07-02 06:34,IVV,ETF,SELL,17,749.1
2026-07-02 06:34,VTI,ETF,SELL,17,369.27
2026-07-02 06:34,QQQ,ETF,BUY,14,725.17
2026-07-02 06:34,VUG,ETF,BUY,16,86.17
2026-07-02 06:34,VEA,ETF,BUY,13,70.36
2026-07-02 06:34,VTV,ETF,BUY,18,217.38
2026-07-02 06:34,IEFA,ETF,BUY,14,96.08
2026-07-02 06:34,AGG,ETF,SELL,11,98.5
2026-07-02 06:34,IEMG,ETF,BUY,15,80.63
2026-07-02 06:34,IJH,ETF,BUY,25,76.44
2026-07-02 06:34,IJR,ETF,BUY,33,147.54
2026-07-02 06:34,VIG,ETF,SELL,15,236.46
2026-07-02 06:34,VYM,ETF,BUY,14,158.24
2026-07-02 06:34,SCHD,ETF,BUY,20,31.85
2026-07-02 06:34,XLK,ETF,BUY,15,185.62
2026-07-02 06:34,VT,ETF,SELL,14,156.12
2026-07-02 06:34,ACWI,ETF,SELL,15,156.12
2026-07-02 09:55,AAPL,Stock,BUY,15,294.38
2026-07-02 09:55,MSFT,Stock,SELL,27,384.28
2026-07-02 09:55,NVDA,Stock,SELL,23,197.58
2026-07-02 09:55,AMZN,Stock,BUY,13,241.7
2026-07-02 09:55,GOOGL,Stock,BUY,16,361.21
2026-07-02 09:55,GOOG,Stock,BUY,16,357.89
2026-07-02 09:55,TSLA,Stock,SELL,15,425.3
2026-07-02 09:55,META,Stock,SELL,13,612.91
2026-07-02 09:55,ADBE,Stock,SELL,16,210.98
2026-07-02 09:55,AMD,Stock,BUY,15,540.88
2026-07-02 09:55,INTC,Stock,BUY,17,127.02
2026-07-02 09:55,CSCO,Stock,BUY,18,117.01
2026-07-02 09:55,QCOM,Stock,SELL,16,181.92
2026-07-02 09:55,CRM,Stock,SELL,14,163.23
2026-07-02 09:55,AVGO,Stock,SELL,15,369.34
2026-07-02 09:55,ORCL,Stock,SELL,29,142.5
2026-07-02 09:55,IBM,Stock,BUY,9,286.25
2026-07-02 09:55,TXN,Stock,BUY,19,298.41
2026-07-02 09:55,AMGN,Stock,BUY,30,361.33
2026-07-02 09:55,HON,Stock,BUY,16,221.75
2026-07-02 09:55,PEP,Stock,SELL,25,141.16
2026-07-02 09:55,KO,Stock,BUY,31,81.29
2026-07-02 09:55,MCD,Stock,SELL,31,269.43
2026-07-02 09:55,WMT,Stock,BUY,23,108.82
2026-07-02 09:55,CAT,Stock,BUY,36,991.41
2026-07-02 09:55,JNJ,Stock,BUY,39,253.98
2026-07-02 09:55,V,Stock,SELL,28,351.08
2026-07-02 09:55,HD,Stock,BUY,33,350.84
2026-07-02 09:55,BAC,Stock,BUY,30,58.36
2026-07-02 09:55,JPM,Stock,BUY,24,334.07
2026-07-02 09:55,UNH,Stock,BUY,20,426.54
2026-07-02 09:55,CVX,Stock,SELL,26,165.69
2026-07-02 09:55,XOM,Stock,SELL,34,136.28
2026-07-02 09:55,NFLX,Stock,SELL,35,74.19
2026-07-02 09:55,LMT,Stock,BUY,19,521.82
2026-07-02 09:55,BLK,Stock,SELL,20,980.38
2026-07-02 09:55,SPGI,Stock,SELL,18,414.97
2026-07-02 09:55,MS,Stock,SELL,17,211.86
2026-07-02 09:55,RTX,Stock,BUY,17,191.78
2026-07-02 09:55,SPY,ETF,SELL,17,745.76
2026-07-02 09:55,VOO,ETF,SELL,17,685.46
2026-07-02 09:55,IVV,ETF,SELL,17,749.1
2026-07-02 09:55,VTI,ETF,SELL,17,369.27
2026-07-02 09:55,QQQ,ETF,BUY,14,725.17
2026-07-02 09:55,VUG,ETF,BUY,16,86.17
2026-07-02 09:55,VEA,ETF,BUY,13,70.36
2026-07-02 09:55,VTV,ETF,BUY,18,217.38
2026-07-02 09:55,IEFA,ETF,BUY,14,96.08
2026-07-02 09:55,AGG,ETF,SELL,11,98.5
2026-07-02 09:55,IEMG,ETF,BUY,15,80.63
2026-07-02 09:55,IJH,ETF,BUY,25,76.44
2026-07-02 09:55,IJR,ETF,BUY,33,147.54
2026-07-02 09:55,VIG,ETF,SELL,15,236.46
2026-07-02 09:55,VYM,ETF,BUY,14,158.24
2026-07-02 09:55,SCHD,ETF,BUY,20,31.85
2026-07-02 09:55,XLK,ETF,BUY,15,185.62
2026-07-02 09:55,VT,ETF,SELL,14,156.12
2026-07-02 09:55,ACWI,ETF,SELL,15,156.12
2026-07-02 12:05,AAPL,Stock,BUY,15,294.38
2026-07-02 12:05,MSFT,Stock,SELL,27,384.28
2026-07-02 12:05,NVDA,Stock,SELL,23,197.58
2026-07-02 12:05,AMZN,Stock,BUY,13,241.7
2026-07-02 12:05,GOOGL,Stock,BUY,16,361.21
2026-07-02 12:05,GOOG,Stock,BUY,16,357.89
2026-07-02 12:05,TSLA,Stock,SELL,15,425.3
2026-07-02 12:05,META,Stock,SELL,13,612.91
2026-07-02 12:05,ADBE,Stock,SELL,16,210.98
2026-07-02 12:05,AMD,Stock,BUY,15,540.88
2026-07-02 12:05,INTC,Stock,BUY,17,127.02
2026-07-02 12:05,CSCO,Stock,BUY,18,117.01
2026-07-02 12:05,QCOM,Stock,SELL,16,181.92
2026-07-02 12:05,CRM,Stock,SELL,14,163.23
2026-07-02 12:05,AVGO,Stock,SELL,15,369.34
2026-07-02 12:05,ORCL,Stock,SELL,29,142.5
2026-07-02 12:05,IBM,Stock,BUY,9,286.25
2026-07-02 12:05,TXN,Stock,BUY,19,298.41
2026-07-02 12:05,AMGN,Stock,BUY,30,361.33
2026-07-02 12:05,HON,Stock,BUY,16,221.75
2026-07-02 12:05,PEP,Stock,SELL,25,141.16
2026-07-02 12:05,KO,Stock,BUY,31,81.29
2026-07-02 12:05,MCD,Stock,SELL,31,269.43
2026-07-02 12:05,WMT,Stock,BUY,23,108.82
2026-07-02 12:05,CAT,Stock,BUY,36,991.41
2026-07-02 12:05,JNJ,Stock,BUY,39,253.98
2026-07-02 12:05,V,Stock,SELL,28,351.08
2026-07-02 12:05,HD,Stock,BUY,33,350.84
2026-07-02 12:05,BAC,Stock,BUY,30,58.36
2026-07-02 12:05,JPM,Stock,BUY,24,334.07
2026-07-02 12:05,UNH,Stock,BUY,20,426.54
2026-07-02 12:05,CVX,Stock,SELL,26,165.69
2026-07-02 12:05,XOM,Stock,SELL,34,136.28
2026-07-02 12:05,NFLX,Stock,SELL,35,74.19
2026-07-02 12:05,LMT,Stock,BUY,19,521.82
2026-07-02 12:05,BLK,Stock,SELL,20,980.38
2026-07-02 12:05,SPGI,Stock,SELL,18,414.97
2026-07-02 12:05,MS,Stock,SELL,17,211.86
2026-07-02 12:05,RTX,Stock,BUY,17,191.78
2026-07-02 12:05,SPY,ETF,SELL,17,745.76
2026-07-02 12:05,VOO,ETF,SELL,17,685.46
2026-07-02 12:05,IVV,ETF,SELL,17,749.1
2026-07-02 12:05,VTI,ETF,SELL,17,369.27
2026-07-02 12:05,QQQ,ETF,BUY,14,725.17
2026-07-02 12:05,VUG,ETF,BUY,16,86.17
2026-07-02 12:05,VEA,ETF,BUY,13,70.36
2026-07-02 12:05,VTV,ETF,BUY,18,217.38
2026-07-02 12:05,IEFA,ETF,BUY,14,96.08
2026-07-02 12:05,AGG,ETF,SELL,11,98.5
2026-07-02 12:05,IEMG,ETF,BUY,15,80.63
2026-07-02 12:05,IJH,ETF,BUY,25,76.44
2026-07-02 12:05,IJR,ETF,BUY,33,147.54
2026-07-02 12:05,VIG,ETF,SELL,15,236.46
2026-07-02 12:05,VYM,ETF,BUY,14,158.24
2026-07-02 12:05,SCHD,ETF,BUY,20,31.85
2026-07-02 12:05,XLK,ETF,BUY,15,185.62
2026-07-02 12:05,VT,ETF,SELL,14,156.12
2026-07-02 12:05,ACWI,ETF,SELL,15,156.12
2026-07-02 15:08,AAPL,Stock,BUY,30,306.03
2026-07-02 15:08,MSFT,Stock,SELL,13,387.72
2026-07-02 15:08,NVDA,Stock,SELL,23,194.9
2026-07-02 15:08,AMZN,Stock,BUY,13,243.87
2026-07-02 15:08,GOOGL,Stock,BUY,32,358.16
2026-07-02 15:08,GOOG,Stock,BUY,33,354.83
2026-07-02 15:08,TSLA,Stock,SELL,15,396.38
2026-07-02 15:08,META,Stock,SELL,12,586.0
2026-07-02 15:08,ADBE,Stock,SELL,16,217.12
2026-07-02 15:08,AMD,Stock,BUY,15,518.19
2026-07-02 15:08,INTC,Stock,SELL,100,123.07
2026-07-02 15:08,CSCO,Stock,BUY,18,113.02
2026-07-02 15:08,QCOM,Stock,SELL,16,175.57
2026-07-02 15:08,CRM,Stock,SELL,14,164.43
2026-07-02 15:08,AVGO,Stock,SELL,15,365.72
2026-07-02 15:08,ORCL,Stock,SELL,29,141.11
2026-07-02 15:08,IBM,Stock,BUY,9,283.44
2026-07-02 15:08,TXN,Stock,BUY,19,295.77
2026-07-02 15:08,AMGN,Stock,BUY,30,374.08
2026-07-02 15:08,HON,Stock,BUY,15,222.72
2026-07-02 15:08,PEP,Stock,BUY,13,144.06
2026-07-02 15:08,KO,Stock,BUY,31,83.48
2026-07-02 15:08,MCD,Stock,SELL,30,274.35
2026-07-02 15:08,WMT,Stock,SELL,5,111.8
2026-07-02 15:08,CAT,Stock,BUY,35,975.46
2026-07-02 15:08,JNJ,Stock,BUY,39,261.35
2026-07-02 15:08,V,Stock,SELL,28,357.39
2026-07-02 15:08,HD,Stock,BUY,34,352.89
2026-07-02 15:08,BAC,Stock,BUY,30,58.38
2026-07-02 15:08,JPM,Stock,BUY,23,333.89
2026-07-02 15:08,UNH,Stock,BUY,20,427.93
2026-07-02 15:08,CVX,Stock,SELL,27,168.78
2026-07-02 15:08,XOM,Stock,SELL,33,138.55
2026-07-02 15:08,NFLX,Stock,SELL,17,76.84
2026-07-02 15:08,LMT,Stock,BUY,19,536.63
2026-07-02 15:08,BLK,Stock,SELL,20,991.8
2026-07-02 15:08,SPGI,Stock,SELL,18,429.39
2026-07-02 15:08,MS,Stock,SELL,17,213.06
2026-07-02 15:08,RTX,Stock,BUY,17,195.88
2026-07-02 15:08,SPY,ETF,SELL,17,745.05
2026-07-02 15:08,VOO,ETF,SELL,17,684.74
2026-07-02 15:08,IVV,ETF,SELL,17,748.43
2026-07-02 15:08,VTI,ETF,SELL,17,368.72
2026-07-02 15:08,QQQ,ETF,BUY,14,716.17
2026-07-02 15:08,VUG,ETF,BUY,16,85.71
2026-07-02 15:08,VEA,ETF,BUY,13,70.96
2026-07-02 15:08,VTV,ETF,BUY,18,218.39
2026-07-02 15:08,IEFA,ETF,BUY,14,97.57
2026-07-02 15:08,AGG,ETF,SELL,22,98.62
2026-07-02 15:08,IEMG,ETF,BUY,15,80.04
2026-07-02 15:08,IJH,ETF,SELL,12,76.03
2026-07-02 15:08,IJR,ETF,BUY,33,146.34
2026-07-02 15:08,VIG,ETF,BUY,26,238.1
2026-07-02 15:08,VYM,ETF,BUY,14,159.01
2026-07-02 15:08,SCHD,ETF,BUY,20,32.21
2026-07-02 15:08,XLK,ETF,BUY,15,182.02
2026-07-02 15:08,VT,ETF,SELL,14,156.24
2026-07-02 15:08,ACWI,ETF,SELL,15,156.33
2026-07-02 17:38,AAPL,Stock,BUY,30,307.86
2026-07-02 17:38,MSFT,Stock,SELL,13,391.03
2026-07-02 17:39,AMZN,Stock,BUY,13,244.73
2026-07-02 17:39,GOOGL,Stock,BUY,16,355.59
2026-07-02 17:39,GOOG,Stock,SELL,20,352.4
2026-07-02 17:39,TSLA,Stock,SELL,15,390.24
2026-07-02 17:39,META,Stock,SELL,12,584.2
2026-07-02 17:39,ADBE,Stock,SELL,16,221.05
2026-07-02 17:39,AMD,Stock,BUY,15,511.15
2026-07-02 17:39,INTC,Stock,BUY,16,118.81
2026-07-02 17:39,CSCO,Stock,BUY,37,112.11
2026-07-02 17:39,QCOM,Stock,SELL,16,172.99
2026-07-02 17:39,CRM,Stock,SELL,14,166.12
2026-07-02 17:39,AVGO,Stock,SELL,15,359.01
2026-07-02 17:39,ORCL,Stock,SELL,29,139.52
2026-07-02 17:39,IBM,Stock,BUY,9,287.17
2026-07-02 17:39,TXN,Stock,BUY,19,289.82
2026-07-02 17:39,AMGN,Stock,BUY,30,370.96
2026-07-02 17:39,HON,Stock,BUY,15,225.31
2026-07-02 17:39,PEP,Stock,BUY,13,143.64
2026-07-02 17:39,KO,Stock,BUY,31,82.94
2026-07-02 17:39,MCD,Stock,SELL,30,277.82
2026-07-02 17:39,WMT,Stock,SELL,5,112.03
2026-07-02 17:39,CAT,Stock,SELL,100,951.61
2026-07-02 17:39,JNJ,Stock,BUY,39,261.39
2026-07-02 17:39,V,Stock,SELL,28,359.07
2026-07-02 17:39,HD,Stock,BUY,34,354.55
2026-07-02 17:39,BAC,Stock,BUY,30,58.4
2026-07-02 17:39,JPM,Stock,BUY,23,333.02
2026-07-02 17:39,UNH,Stock,BUY,20,422.93
2026-07-02 17:39,CVX,Stock,SELL,27,168.39
2026-07-02 17:39,XOM,Stock,SELL,35,137.12
2026-07-02 17:39,NFLX,Stock,SELL,17,78.25
2026-07-02 17:39,LMT,Stock,BUY,19,538.43
2026-07-02 17:39,BLK,Stock,SELL,20,990.53
2026-07-02 17:39,SPGI,Stock,SELL,18,437.42
2026-07-02 17:39,MS,Stock,SELL,17,212.01
2026-07-02 17:39,RTX,Stock,BUY,17,196.6
2026-07-02 17:39,SPY,ETF,SELL,17,740.71
2026-07-02 17:39,VOO,ETF,SELL,17,680.8
2026-07-02 17:39,IVV,ETF,SELL,17,744.11
2026-07-02 17:39,VTI,ETF,SELL,17,366.51
2026-07-02 17:39,QQQ,ETF,BUY,14,708.72
2026-07-02 17:39,VUG,ETF,BUY,16,85.05
2026-07-02 17:39,VEA,ETF,BUY,13,70.3
2026-07-02 17:39,VTV,ETF,BUY,18,217.65
2026-07-02 17:39,IEFA,ETF,BUY,14,96.8
2026-07-02 17:39,AGG,ETF,SELL,22,98.5
2026-07-02 17:39,IEMG,ETF,BUY,15,79.04
2026-07-02 17:39,IJH,ETF,SELL,12,75.5
2026-07-02 17:39,IJR,ETF,BUY,33,145.55
2026-07-02 17:39,VIG,ETF,SELL,15,237.32
2026-07-02 17:39,VYM,ETF,BUY,14,158.36
2026-07-02 17:39,SCHD,ETF,BUY,20,32.12
2026-07-02 17:39,XLK,ETF,BUY,15,179.23
2026-07-02 17:39,VT,ETF,SELL,14,155.15
2026-07-02 17:39,ACWI,ETF,SELL,15,155.21
2026-07-02 19:13,AAPL,Stock,BUY,30,307.94
2026-07-02 19:13,MSFT,Stock,SELL,13,391.83
2026-07-02 19:13,NVDA,Stock,SELL,23,192.9
2026-07-02 19:13,AMZN,Stock,BUY,13,243.73
2026-07-02 19:13,GOOGL,Stock,BUY,32,359.29
2026-07-02 19:13,GOOG,Stock,BUY,33,355.95
2026-07-02 19:13,TSLA,Stock,SELL,15,391.29
2026-07-02 19:13,META,Stock,SELL,12,586.11
2026-07-02 19:13,ADBE,Stock,SELL,16,221.6
2026-07-02 19:13,AMD,Stock,BUY,15,509.3
2026-07-02 19:13,INTC,Stock,BUY,16,118.5
2026-07-02 19:13,CSCO,Stock,BUY,37,112.24
2026-07-02 19:13,QCOM,Stock,SELL,16,174.28
2026-07-02 19:13,CRM,Stock,SELL,14,167.17
2026-07-02 19:13,AVGO,Stock,SELL,15,357.65
2026-07-02 19:13,ORCL,Stock,SELL,29,140.23
2026-07-02 19:13,IBM,Stock,BUY,9,287.69
2026-07-02 19:13,TXN,Stock,BUY,19,290.2
2026-07-02 19:13,AMGN,Stock,BUY,30,372.29
2026-07-02 19:13,HON,Stock,BUY,15,226.16
2026-07-02 19:13,PEP,Stock,BUY,13,144.21
2026-07-02 19:13,KO,Stock,BUY,31,83.54
2026-07-02 19:13,MCD,Stock,BUY,16,279.03
2026-07-02 19:13,WMT,Stock,SELL,5,111.94
2026-07-02 19:13,CAT,Stock,BUY,17,955.57
2026-07-02 19:13,JNJ,Stock,BUY,39,262.17
2026-07-02 19:13,V,Stock,SELL,28,360.19
2026-07-02 19:13,HD,Stock,BUY,34,355.07
2026-07-02 19:13,BAC,Stock,BUY,30,58.54
2026-07-02 19:13,JPM,Stock,BUY,23,333.55
2026-07-02 19:13,UNH,Stock,BUY,20,423.41
2026-07-02 19:13,CVX,Stock,SELL,27,168.13
2026-07-02 19:13,XOM,Stock,SELL,35,136.39
2026-07-02 19:13,NFLX,Stock,SELL,17,78.01
2026-07-02 19:13,LMT,Stock,BUY,19,541.85
2026-07-02 19:13,BLK,Stock,SELL,20,990.91
2026-07-02 19:13,SPGI,Stock,SELL,18,437.86
2026-07-02 19:13,MS,Stock,SELL,17,212.95
2026-07-02 19:13,RTX,Stock,BUY,17,198.45
2026-07-02 19:13,SPY,ETF,SELL,17,742.22
2026-07-02 19:13,VOO,ETF,SELL,17,682.15
2026-07-02 19:13,IVV,ETF,SELL,17,745.65
2026-07-02 19:13,VTI,ETF,SELL,17,367.24
2026-07-02 19:13,QQQ,ETF,BUY,14,709.88
2026-07-02 19:13,VUG,ETF,BUY,16,85.28
2026-07-02 19:13,VEA,ETF,BUY,13,70.42
2026-07-02 19:13,VTV,ETF,BUY,18,218.03
2026-07-02 19:13,IEFA,ETF,BUY,14,96.92
2026-07-02 19:13,AGG,ETF,SELL,22,98.56
2026-07-02 19:13,IEMG,ETF,BUY,15,79.34
2026-07-02 19:13,IJH,ETF,SELL,12,75.54
2026-07-02 19:13,IJR,ETF,BUY,33,145.4
2026-07-02 19:13,VIG,ETF,SELL,15,237.49
2026-07-02 19:13,VYM,ETF,BUY,14,158.63
2026-07-02 19:13,SCHD,ETF,BUY,20,32.21
2026-07-02 19:13,XLK,ETF,BUY,15,179.42
2026-07-02 19:13,VT,ETF,SELL,14,155.51
2026-07-02 19:13,ACWI,ETF,SELL,15,155.57
2026-07-02 20:56,AAPL,Stock,BUY,29,308.63
2026-07-02 20:56,MSFT,Stock,SELL,13,390.49
2026-07-02 20:56,NVDA,Stock,SELL,22,194.83
2026-07-02 20:57,AMZN,Stock,BUY,12,242.67
2026-07-02 20:57,GOOGL,Stock,BUY,32,359.91
2026-07-02 20:57,GOOG,Stock,BUY,32,356.18
2026-07-02 20:57,TSLA,Stock,SELL,14,393.45
2026-07-02 20:57,META,Stock,SELL,13,582.9
2026-07-02 20:57,ADBE,Stock,SELL,16,219.72
2026-07-02 20:57,AMD,Stock,BUY,15,517.82
2026-07-02 20:57,INTC,Stock,BUY,16,120.35
2026-07-02 20:57,CSCO,Stock,BUY,18,112.69
2026-07-02 20:57,QCOM,Stock,SELL,16,176.25
2026-07-02 20:57,CRM,Stock,SELL,13,166.11
2026-07-02 20:57,AVGO,Stock,SELL,14,360.45
2026-07-02 20:57,ORCL,Stock,SELL,29,140.27
2026-07-02 20:57,IBM,Stock,BUY,7,289.52
2026-07-02 20:57,TXN,Stock,BUY,19,293.08
2026-07-02 20:57,AMGN,Stock,BUY,31,374.15
2026-07-02 20:57,HON,Stock,BUY,31,229.86
2026-07-02 20:57,PEP,Stock,BUY,13,144.22
2026-07-02 20:57,KO,Stock,BUY,31,84.14
2026-07-02 20:57,MCD,Stock,BUY,17,280.63
2026-07-02 20:57,WMT,Stock,SELL,5,111.84
2026-07-02 20:57,CAT,Stock,BUY,17,963.53
2026-07-02 20:57,JNJ,Stock,BUY,40,263.04
2026-07-02 20:57,V,Stock,SELL,29,362.13
2026-07-02 20:57,HD,Stock,BUY,38,357.9
2026-07-02 20:57,BAC,Stock,BUY,34,58.73
2026-07-02 20:57,JPM,Stock,BUY,27,334.47
2026-07-02 20:57,UNH,Stock,BUY,20,425.36
2026-07-02 20:57,CVX,Stock,SELL,20,169.2
2026-07-02 20:57,XOM,Stock,SELL,31,137.09
2026-07-02 20:57,NFLX,Stock,SELL,17,77.65
2026-07-02 20:57,LMT,Stock,BUY,18,545.91
2026-07-02 20:57,BLK,Stock,SELL,16,995.73
2026-07-02 20:57,SPGI,Stock,SELL,20,439.89
2026-07-02 20:57,MS,Stock,SELL,15,213.93
2026-07-02 20:57,RTX,Stock,BUY,15,199.25
2026-07-02 20:57,SPY,ETF,SELL,15,744.78
2026-07-02 20:57,VOO,ETF,SELL,15,684.84
2026-07-02 20:57,IVV,ETF,SELL,15,748.43
2026-07-02 20:57,VTI,ETF,SELL,15,368.76
2026-07-02 20:57,QQQ,ETF,BUY,14,712.6
2026-07-02 20:57,VUG,ETF,BUY,16,85.5
2026-07-02 20:57,VEA,ETF,BUY,13,70.81
2026-07-02 20:57,VTV,ETF,BUY,18,219.17
2026-07-02 20:57,IEFA,ETF,BUY,13,97.3
2026-07-02 20:57,AGG,ETF,SELL,19,98.61
2026-07-02 20:57,IEMG,ETF,BUY,15,79.84
2026-07-02 20:57,IJH,ETF,SELL,13,76.09
2026-07-02 20:57,IJR,ETF,BUY,32,146.48
2026-07-02 20:57,VIG,ETF,BUY,24,238.62
2026-07-02 20:57,VYM,ETF,BUY,14,159.48
2026-07-02 20:57,SCHD,ETF,BUY,20,32.39
2026-07-02 20:57,XLK,ETF,BUY,15,180.59
2026-07-02 20:57,VT,ETF,SELL,15,156.17
2026-07-02 20:57,ACWI,ETF,SELL,15,156.15
2026-07-02 22:04,AAPL,Stock,BUY,29,308.63
2026-07-02 22:04,MSFT,Stock,SELL,13,390.49
2026-07-02 22:04,NVDA,Stock,SELL,22,194.83
2026-07-02 22:04,AMZN,Stock,BUY,12,242.67
2026-07-02 22:04,GOOGL,Stock,BUY,32,359.91
2026-07-02 22:04,GOOG,Stock,BUY,32,356.18
2026-07-02 22:04,TSLA,Stock,SELL,14,393.45
2026-07-02 22:04,META,Stock,SELL,13,582.9
2026-07-02 22:04,ADBE,Stock,SELL,16,219.72
2026-07-02 22:04,AMD,Stock,BUY,15,517.82
2026-07-02 22:04,INTC,Stock,BUY,16,120.35
2026-07-02 22:04,CSCO,Stock,BUY,18,112.69
2026-07-02 22:04,QCOM,Stock,SELL,16,176.25
2026-07-02 22:04,CRM,Stock,SELL,13,166.11
2026-07-02 22:04,AVGO,Stock,SELL,14,360.45
2026-07-02 22:04,ORCL,Stock,SELL,29,140.27
2026-07-02 22:04,IBM,Stock,BUY,7,289.52
2026-07-02 22:04,TXN,Stock,BUY,19,293.08
2026-07-02 22:04,AMGN,Stock,BUY,31,374.15
2026-07-02 22:04,HON,Stock,BUY,31,229.86
2026-07-02 22:04,PEP,Stock,BUY,13,144.22
2026-07-02 22:04,KO,Stock,BUY,31,84.14
2026-07-02 22:04,MCD,Stock,BUY,17,280.63
2026-07-02 22:04,WMT,Stock,SELL,5,111.84
2026-07-02 22:04,CAT,Stock,BUY,17,963.53
2026-07-02 22:04,JNJ,Stock,BUY,40,263.04
2026-07-02 22:04,V,Stock,SELL,29,362.13
2026-07-02 22:04,HD,Stock,BUY,38,357.9
2026-07-02 22:04,BAC,Stock,BUY,34,58.73
2026-07-02 22:04,JPM,Stock,BUY,27,334.47
2026-07-02 22:04,UNH,Stock,BUY,20,425.36
2026-07-02 22:04,CVX,Stock,SELL,20,169.2
2026-07-02 22:04,XOM,Stock,SELL,31,137.09
2026-07-02 22:04,NFLX,Stock,SELL,17,77.65
2026-07-02 22:04,LMT,Stock,BUY,18,545.91
2026-07-02 22:04,BLK,Stock,SELL,16,995.73
2026-07-02 22:04,SPGI,Stock,SELL,20,439.89
2026-07-02 22:04,MS,Stock,SELL,15,213.93
2026-07-02 22:04,RTX,Stock,BUY,15,199.25
2026-07-02 22:04,SPY,ETF,SELL,15,744.78
2026-07-02 22:04,VOO,ETF,SELL,15,684.84
2026-07-02 22:04,IVV,ETF,SELL,15,748.43
2026-07-02 22:04,VTI,ETF,SELL,15,368.76
2026-07-02 22:04,QQQ,ETF,BUY,14,712.6
2026-07-02 22:04,VUG,ETF,BUY,16,85.5
2026-07-02 22:04,VEA,ETF,BUY,13,70.81
2026-07-02 22:04,VTV,ETF,BUY,18,219.17
2026-07-02 22:04,IEFA,ETF,BUY,13,97.3
2026-07-02 22:04,AGG,ETF,SELL,19,98.61
2026-07-02 22:04,IEMG,ETF,BUY,15,79.84
2026-07-02 22:04,IJH,ETF,SELL,13,76.09
2026-07-02 22:04,IJR,ETF,BUY,32,146.48
2026-07-02 22:04,VIG,ETF,BUY,24,238.62
2026-07-02 22:04,VYM,ETF,BUY,14,159.48
2026-07-02 22:04,SCHD,ETF,BUY,20,32.39
2026-07-02 22:04,XLK,ETF,BUY,15,180.59
2026-07-02 22:04,VT,ETF,SELL,15,156.17
2026-07-02 22:04,ACWI,ETF,SELL,15,156.15
2026-07-02 23:58,AAPL,Stock,BUY,29,308.63
2026-07-02 23:58,MSFT,Stock,SELL,13,390.49
2026-07-02 23:58,NVDA,Stock,SELL,22,194.83
2026-07-02 23:58,AMZN,Stock,BUY,12,242.67
2026-07-02 23:58,GOOGL,Stock,BUY,32,359.91
2026-07-02 23:58,GOOG,Stock,BUY,32,356.18
2026-07-02 23:58,TSLA,Stock,SELL,14,393.45
2026-07-02 23:58,META,Stock,SELL,13,582.9
2026-07-02 23:58,ADBE,Stock,SELL,16,219.72
2026-07-02 23:58,AMD,Stock,BUY,15,517.82
2026-07-02 23:58,INTC,Stock,BUY,16,120.35
2026-07-02 23:58,CSCO,Stock,BUY,18,112.69
2026-07-02 23:58,QCOM,Stock,SELL,16,176.25
2026-07-02 23:58,CRM,Stock,SELL,13,166.11
2026-07-02 23:58,AVGO,Stock,SELL,14,360.45
2026-07-02 23:58,ORCL,Stock,SELL,29,140.27
2026-07-02 23:58,IBM,Stock,BUY,7,289.52
2026-07-02 23:58,TXN,Stock,BUY,19,293.08
2026-07-02 23:58,AMGN,Stock,BUY,31,374.15
2026-07-02 23:58,HON,Stock,BUY,31,229.86
2026-07-02 23:58,PEP,Stock,BUY,13,144.22
2026-07-02 23:58,KO,Stock,BUY,31,84.14
2026-07-02 23:58,MCD,Stock,BUY,17,280.63
2026-07-02 23:58,WMT,Stock,SELL,5,111.84
2026-07-02 23:58,CAT,Stock,BUY,17,963.53
2026-07-02 23:58,JNJ,Stock,BUY,40,263.04
2026-07-02 23:58,V,Stock,SELL,29,362.13
2026-07-02 23:58,HD,Stock,BUY,38,357.9
2026-07-02 23:58,BAC,Stock,BUY,34,58.73
2026-07-02 23:58,JPM,Stock,BUY,27,334.47
2026-07-02 23:58,UNH,Stock,BUY,20,425.36
2026-07-02 23:58,CVX,Stock,SELL,20,169.2
2026-07-02 23:58,XOM,Stock,SELL,31,137.09
2026-07-02 23:58,NFLX,Stock,SELL,17,77.65
2026-07-02 23:58,LMT,Stock,BUY,18,545.91
2026-07-02 23:58,BLK,Stock,SELL,16,995.73
2026-07-02 23:58,SPGI,Stock,SELL,20,439.89
2026-07-02 23:58,MS,Stock,SELL,15,213.93
2026-07-02 23:58,RTX,Stock,BUY,15,199.25
2026-07-02 23:58,SPY,ETF,SELL,15,744.78
2026-07-02 23:58,VOO,ETF,SELL,15,684.84
2026-07-02 23:58,IVV,ETF,SELL,15,748.43
2026-07-02 23:58,VTI,ETF,SELL,15,368.76
2026-07-02 23:58,QQQ,ETF,BUY,14,712.6
2026-07-02 23:58,VUG,ETF,BUY,16,85.5
2026-07-02 23:58,VEA,ETF,BUY,13,70.81
2026-07-02 23:58,VTV,ETF,BUY,18,219.17
2026-07-02 23:58,IEFA,ETF,BUY,13,97.3
2026-07-02 23:58,AGG,ETF,SELL,19,98.61
2026-07-02 23:58,IEMG,ETF,BUY,15,79.84
2026-07-02 23:58,IJH,ETF,SELL,13,76.09
2026-07-02 23:58,IJR,ETF,BUY,32,146.48
2026-07-02 23:58,VIG,ETF,BUY,24,238.62
2026-07-02 23:58,VYM,ETF,BUY,14,159.48
2026-07-02 23:58,SCHD,ETF,BUY,20,32.39
2026-07-02 23:58,XLK,ETF,BUY,15,180.59
2026-07-02 23:58,VT,ETF,SELL,15,156.17
2026-07-02 23:58,ACWI,ETF,SELL,15,156.15
2026-07-03 03:22,AAPL,Stock,BUY,29,308.63
2026-07-03 03:22,MSFT,Stock,SELL,13,390.49
2026-07-03 03:22,NVDA,Stock,SELL,22,194.83
2026-07-03 03:22,AMZN,Stock,BUY,12,242.67
2026-07-03 03:22,GOOGL,Stock,BUY,32,359.91
2026-07-03 03:22,GOOG,Stock,BUY,32,356.18
2026-07-03 03:22,TSLA,Stock,SELL,14,393.45
2026-07-03 03:22,META,Stock,SELL,13,582.9
2026-07-03 03:22,ADBE,Stock,SELL,16,219.72
2026-07-03 03:22,AMD,Stock,BUY,15,517.82
2026-07-03 03:22,INTC,Stock,BUY,16,120.35
2026-07-03 03:22,CSCO,Stock,BUY,18,112.69
2026-07-03 03:22,QCOM,Stock,SELL,16,176.25
2026-07-03 03:22,CRM,Stock,SELL,13,166.11
2026-07-03 03:22,AVGO,Stock,SELL,14,360.45
2026-07-03 03:22,ORCL,Stock,SELL,29,140.27
2026-07-03 03:22,IBM,Stock,BUY,7,289.52
2026-07-03 03:22,TXN,Stock,BUY,19,293.08
2026-07-03 03:22,AMGN,Stock,BUY,31,374.15
2026-07-03 03:22,HON,Stock,BUY,31,229.86
2026-07-03 03:22,PEP,Stock,BUY,13,144.22
2026-07-03 03:22,KO,Stock,BUY,31,84.14
2026-07-03 03:22,MCD,Stock,BUY,17,280.63
2026-07-03 03:22,WMT,Stock,SELL,5,111.84
2026-07-03 03:22,CAT,Stock,BUY,17,963.53
2026-07-03 03:22,JNJ,Stock,BUY,40,263.04
2026-07-03 03:22,V,Stock,SELL,29,362.13
2026-07-03 03:22,HD,Stock,BUY,38,357.9
2026-07-03 03:22,BAC,Stock,BUY,34,58.73
2026-07-03 03:22,JPM,Stock,BUY,27,334.47
2026-07-03 03:22,UNH,Stock,BUY,20,425.36
2026-07-03 03:22,CVX,Stock,SELL,20,169.2
2026-07-03 03:22,XOM,Stock,SELL,31,137.09
2026-07-03 03:22,NFLX,Stock,SELL,17,77.65
2026-07-03 03:22,LMT,Stock,BUY,18,545.91
2026-07-03 03:22,BLK,Stock,SELL,16,995.73
2026-07-03 03:22,SPGI,Stock,SELL,20,439.89
2026-07-03 03:22,MS,Stock,SELL,15,213.93
2026-07-03 03:22,RTX,Stock,BUY,15,199.25
2026-07-03 03:22,SPY,ETF,SELL,15,744.78
2026-07-03 03:22,VOO,ETF,SELL,15,684.84
2026-07-03 03:22,IVV,ETF,SELL,15,748.43
2026-07-03 03:22,VTI,ETF,SELL,15,368.76
2026-07-03 03:22,QQQ,ETF,BUY,14,712.6
2026-07-03 03:22,VUG,ETF,BUY,16,85.5
2026-07-03 03:22,VEA,ETF,BUY,13,70.81
2026-07-03 03:22,VTV,ETF,BUY,18,219.17
2026-07-03 03:22,IEFA,ETF,BUY,13,97.3
2026-07-03 03:22,AGG,ETF,SELL,19,98.61
2026-07-03 03:22,IEMG,ETF,BUY,15,79.84
2026-07-03 03:22,IJH,ETF,SELL,13,76.09
2026-07-03 03:22,IJR,ETF,BUY,32,146.48
2026-07-03 03:22,VIG,ETF,BUY,24,238.62
2026-07-03 03:22,VYM,ETF,BUY,14,159.48
2026-07-03 03:22,SCHD,ETF,BUY,20,32.39
2026-07-03 03:22,XLK,ETF,BUY,15,180.59
2026-07-03 03:22,VT,ETF,SELL,15,156.17
2026-07-03 03:22,ACWI,ETF,SELL,15,156.15
2026-07-03 06:55,AAPL,Stock,BUY,29,308.63
2026-07-03 06:55,MSFT,Stock,SELL,13,390.49
2026-07-03 06:55,NVDA,Stock,SELL,22,194.83
2026-07-03 06:55,AMZN,Stock,BUY,12,242.67
2026-07-03 06:55,GOOGL,Stock,BUY,32,359.91
2026-07-03 06:55,GOOG,Stock,BUY,32,356.18
2026-07-03 06:55,TSLA,Stock,SELL,14,393.45
2026-07-03 06:55,META,Stock,SELL,13,582.9
2026-07-03 06:55,ADBE,Stock,SELL,16,219.72
2026-07-03 06:55,AMD,Stock,BUY,15,517.82
2026-07-03 06:55,INTC,Stock,BUY,16,120.35
2026-07-03 06:55,CSCO,Stock,BUY,18,112.69
2026-07-03 06:55,QCOM,Stock,SELL,16,176.25
2026-07-03 06:55,CRM,Stock,SELL,13,166.11
2026-07-03 06:55,AVGO,Stock,SELL,14,360.45
2026-07-03 06:55,ORCL,Stock,SELL,29,140.27
2026-07-03 06:55,IBM,Stock,BUY,7,289.52
2026-07-03 06:55,TXN,Stock,BUY,19,293.08
2026-07-03 06:55,AMGN,Stock,BUY,31,374.15
2026-07-03 06:55,HON,Stock,BUY,31,229.86
2026-07-03 06:55,PEP,Stock,BUY,13,144.22
2026-07-03 06:55,KO,Stock,BUY,31,84.14
2026-07-03 06:55,MCD,Stock,BUY,17,280.63
2026-07-03 06:55,WMT,Stock,SELL,5,111.84
2026-07-03 06:55,CAT,Stock,BUY,17,963.53
2026-07-03 06:55,JNJ,Stock,BUY,40,263.04
2026-07-03 06:55,V,Stock,SELL,29,362.13
2026-07-03 06:55,HD,Stock,BUY,38,357.9
2026-07-03 06:55,BAC,Stock,BUY,34,58.73
2026-07-03 06:55,JPM,Stock,BUY,27,334.47
2026-07-03 06:55,UNH,Stock,BUY,20,425.36
2026-07-03 06:55,CVX,Stock,SELL,20,169.2
2026-07-03 06:55,XOM,Stock,SELL,31,137.09
2026-07-03 06:55,NFLX,Stock,SELL,17,77.65
2026-07-03 06:55,LMT,Stock,BUY,18,545.91
2026-07-03 06:55,BLK,Stock,SELL,16,995.73
2026-07-03 06:55,SPGI,Stock,SELL,20,439.89
2026-07-03 06:55,MS,Stock,SELL,15,213.93
2026-07-03 06:55,RTX,Stock,BUY,15,199.25
2026-07-03 06:55,SPY,ETF,SELL,15,744.78
2026-07-03 06:55,VOO,ETF,SELL,15,684.84
2026-07-03 06:55,IVV,ETF,SELL,15,748.43
2026-07-03 06:55,VTI,ETF,SELL,15,368.76
2026-07-03 06:55,QQQ,ETF,BUY,14,712.6
2026-07-03 06:55,VUG,ETF,BUY,16,85.5
2026-07-03 06:55,VEA,ETF,BUY,13,70.81
2026-07-03 06:55,VTV,ETF,BUY,18,219.17
2026-07-03 06:55,IEFA,ETF,BUY,13,97.3
2026-07-03 06:55,AGG,ETF,SELL,19,98.61
2026-07-03 06:55,IEMG,ETF,BUY,15,79.84
2026-07-03 06:55,IJH,ETF,SELL,13,76.09
2026-07-03 06:55,IJR,ETF,BUY,32,146.48
2026-07-03 06:55,VIG,ETF,BUY,24,238.62
2026-07-03 06:55,VYM,ETF,BUY,14,159.48
2026-07-03 06:55,SCHD,ETF,BUY,20,32.39
2026-07-03 06:55,XLK,ETF,BUY,15,180.59
2026-07-03 06:55,VT,ETF,SELL,15,156.17
2026-07-03 06:55,ACWI,ETF,SELL,15,156.15
2026-07-03 09:51,AAPL,Stock,BUY,29,308.63
2026-07-03 09:51,MSFT,Stock,SELL,13,390.49
2026-07-03 09:51,NVDA,Stock,SELL,22,194.83
2026-07-03 09:51,AMZN,Stock,BUY,12,242.67
2026-07-03 09:51,GOOGL,Stock,BUY,32,359.91
2026-07-03 09:51,GOOG,Stock,BUY,32,356.18
2026-07-03 09:51,TSLA,Stock,SELL,14,393.45
2026-07-03 09:51,META,Stock,SELL,13,582.9
2026-07-03 09:51,ADBE,Stock,SELL,16,219.72
2026-07-03 09:51,AMD,Stock,BUY,15,517.82
2026-07-03 09:51,INTC,Stock,BUY,16,120.35
2026-07-03 09:51,CSCO,Stock,BUY,18,112.69
2026-07-03 09:52,QCOM,Stock,SELL,16,176.25
2026-07-03 09:52,CRM,Stock,SELL,13,166.11
2026-07-03 09:52,AVGO,Stock,SELL,14,360.45
2026-07-03 09:52,ORCL,Stock,SELL,29,140.27
2026-07-03 09:52,IBM,Stock,BUY,7,289.52
2026-07-03 09:52,TXN,Stock,BUY,19,293.08
2026-07-03 09:52,AMGN,Stock,BUY,31,374.15
2026-07-03 09:52,HON,Stock,BUY,31,229.86
2026-07-03 09:52,PEP,Stock,BUY,13,144.22
2026-07-03 09:52,KO,Stock,BUY,31,84.14
2026-07-03 09:52,MCD,Stock,BUY,17,280.63
2026-07-03 09:52,WMT,Stock,SELL,5,111.84
2026-07-03 09:52,CAT,Stock,BUY,17,963.53
2026-07-03 09:52,JNJ,Stock,BUY,40,263.04
2026-07-03 09:52,V,Stock,SELL,29,362.13
2026-07-03 09:52,HD,Stock,BUY,38,357.9
2026-07-03 09:52,BAC,Stock,BUY,34,58.73
2026-07-03 09:52,JPM,Stock,BUY,27,334.47
2026-07-03 09:52,UNH,Stock,BUY,20,425.36
2026-07-03 09:52,CVX,Stock,SELL,20,169.2
2026-07-03 09:52,XOM,Stock,SELL,31,137.09
2026-07-03 09:52,NFLX,Stock,SELL,17,77.65
2026-07-03 09:52,LMT,Stock,BUY,18,545.91
2026-07-03 09:52,BLK,Stock,SELL,16,995.73
2026-07-03 09:52,SPGI,Stock,SELL,20,439.89
2026-07-03 09:52,MS,Stock,SELL,15,213.93
2026-07-03 09:52,RTX,Stock,BUY,15,199.25
2026-07-03 09:52,SPY,ETF,SELL,15,744.78
2026-07-03 09:52,VOO,ETF,SELL,15,684.84
2026-07-03 09:52,IVV,ETF,SELL,15,748.43
2026-07-03 09:52,VTI,ETF,SELL,15,368.76
2026-07-03 09:52,QQQ,ETF,BUY,14,712.6
2026-07-03 09:52,VUG,ETF,BUY,16,85.5
2026-07-03 09:52,VEA,ETF,BUY,13,70.81
2026-07-03 09:52,VTV,ETF,BUY,18,219.17
2026-07-03 09:52,IEFA,ETF,BUY,13,97.3
2026-07-03 09:52,AGG,ETF,SELL,19,98.61
2026-07-03 09:52,IEMG,ETF,BUY,15,79.84
2026-07-03 09:52,IJH,ETF,SELL,13,76.09
2026-07-03 09:52,IJR,ETF,BUY,32,146.48
2026-07-03 09:52,VIG,ETF,BUY,24,238.62
2026-07-03 09:52,VYM,ETF,BUY,14,159.48
2026-07-03 09:52,SCHD,ETF,BUY,20,32.39
2026-07-03 09:52,XLK,ETF,BUY,15,180.59
2026-07-03 09:52,VT,ETF,SELL,15,156.17
2026-07-03 09:52,ACWI,ETF,SELL,15,156.15
2026-07-03 12:03,AAPL,Stock,BUY,29,308.63
2026-07-03 12:03,MSFT,Stock,SELL,13,390.49
2026-07-03 12:03,NVDA,Stock,SELL,22,194.83
2026-07-03 12:03,AMZN,Stock,BUY,12,242.67
2026-07-03 12:03,GOOGL,Stock,BUY,32,359.91
2026-07-03 12:03,GOOG,Stock,BUY,32,356.18
2026-07-03 12:03,TSLA,Stock,SELL,14,393.45
2026-07-03 12:03,META,Stock,SELL,13,582.9
2026-07-03 12:03,ADBE,Stock,SELL,16,219.72
2026-07-03 12:03,AMD,Stock,BUY,15,517.82
2026-07-03 12:03,INTC,Stock,BUY,16,120.35
2026-07-03 12:03,CSCO,Stock,BUY,18,112.69
2026-07-03 12:03,QCOM,Stock,SELL,16,176.25
2026-07-03 12:03,CRM,Stock,SELL,13,166.11
2026-07-03 12:03,AVGO,Stock,SELL,14,360.45
2026-07-03 12:03,ORCL,Stock,SELL,29,140.27
2026-07-03 12:03,IBM,Stock,BUY,7,289.52
2026-07-03 12:03,TXN,Stock,BUY,19,293.08
2026-07-03 12:03,AMGN,Stock,BUY,31,374.15
2026-07-03 12:03,HON,Stock,BUY,31,229.86
2026-07-03 12:03,PEP,Stock,BUY,13,144.22
2026-07-03 12:03,KO,Stock,BUY,31,84.14
2026-07-03 12:03,MCD,Stock,BUY,17,280.63
2026-07-03 12:03,WMT,Stock,SELL,5,111.84
2026-07-03 12:03,CAT,Stock,BUY,17,963.53
2026-07-03 12:03,JNJ,Stock,BUY,40,263.04
2026-07-03 12:03,V,Stock,SELL,29,362.13
2026-07-03 12:03,HD,Stock,BUY,38,357.9
2026-07-03 12:03,BAC,Stock,BUY,34,58.73
2026-07-03 12:03,JPM,Stock,BUY,27,334.47
2026-07-03 12:03,UNH,Stock,BUY,20,425.36
2026-07-03 12:03,CVX,Stock,SELL,20,169.2
2026-07-03 12:03,XOM,Stock,SELL,31,137.09
2026-07-03 12:03,NFLX,Stock,SELL,17,77.65
2026-07-03 12:03,LMT,Stock,BUY,18,545.91
2026-07-03 12:03,BLK,Stock,SELL,16,995.73
2026-07-03 12:03,SPGI,Stock,SELL,20,439.89
2026-07-03 12:03,MS,Stock,SELL,15,213.93
2026-07-03 12:03,RTX,Stock,BUY,15,199.25
2026-07-03 12:03,SPY,ETF,SELL,15,744.78
2026-07-03 12:03,VOO,ETF,SELL,15,684.84
2026-07-03 12:03,IVV,ETF,SELL,15,748.43
2026-07-03 12:03,VTI,ETF,SELL,15,368.76
2026-07-03 12:03,QQQ,ETF,BUY,14,712.6
2026-07-03 12:03,VUG,ETF,BUY,16,85.5
2026-07-03 12:03,VEA,ETF,BUY,13,70.81
2026-07-03 12:03,VTV,ETF,BUY,18,219.17
2026-07-03 12:03,IEFA,ETF,BUY,13,97.3
2026-07-03 12:03,AGG,ETF,SELL,19,98.61
2026-07-03 12:03,IEMG,ETF,BUY,15,79.84
2026-07-03 12:03,IJH,ETF,SELL,13,76.09
2026-07-03 12:03,IJR,ETF,BUY,32,146.48
2026-07-03 12:03,VIG,ETF,BUY,24,238.62
2026-07-03 12:03,VYM,ETF,BUY,14,159.48
2026-07-03 12:03,SCHD,ETF,BUY,20,32.39
2026-07-03 12:03,XLK,ETF,BUY,15,180.59
2026-07-03 12:03,VT,ETF,SELL,15,156.17
2026-07-03 12:03,ACWI,ETF,SELL,15,156.15
2026-07-03 15:03,AAPL,Stock,BUY,29,308.63
2026-07-03 15:03,MSFT,Stock,SELL,13,390.49
2026-07-03 15:03,NVDA,Stock,SELL,22,194.83
2026-07-03 15:03,AMZN,Stock,BUY,12,242.67
2026-07-03 15:03,GOOGL,Stock,BUY,32,359.91
2026-07-03 15:03,GOOG,Stock,BUY,32,356.18
2026-07-03 15:03,TSLA,Stock,SELL,14,393.45
2026-07-03 15:03,META,Stock,SELL,13,582.9
2026-07-03 15:03,ADBE,Stock,SELL,16,219.72
2026-07-03 15:03,AMD,Stock,BUY,15,517.82
2026-07-03 15:03,INTC,Stock,BUY,16,120.35
2026-07-03 15:03,CSCO,Stock,BUY,18,112.69
2026-07-03 15:03,QCOM,Stock,SELL,16,176.25
2026-07-03 15:03,CRM,Stock,SELL,13,166.11
2026-07-03 15:03,AVGO,Stock,SELL,14,360.45
2026-07-03 15:03,ORCL,Stock,SELL,29,140.27
2026-07-03 15:03,IBM,Stock,BUY,7,289.52
2026-07-03 15:04,TXN,Stock,BUY,19,293.08
2026-07-03 15:04,AMGN,Stock,BUY,31,374.15
2026-07-03 15:04,HON,Stock,BUY,31,229.86
2026-07-03 15:04,PEP,Stock,BUY,13,144.22
2026-07-03 15:04,KO,Stock,BUY,31,84.14
2026-07-03 15:04,MCD,Stock,BUY,17,280.63
2026-07-03 15:04,WMT,Stock,SELL,5,111.84
2026-07-03 15:04,CAT,Stock,BUY,17,963.53
2026-07-03 15:04,JNJ,Stock,BUY,40,263.04
2026-07-03 15:04,V,Stock,SELL,29,362.13
2026-07-03 15:04,HD,Stock,BUY,38,357.9
2026-07-03 15:04,BAC,Stock,BUY,34,58.73
2026-07-03 15:04,JPM,Stock,BUY,27,334.47
2026-07-03 15:04,UNH,Stock,BUY,20,425.36
2026-07-03 15:04,CVX,Stock,SELL,20,169.2
2026-07-03 15:04,XOM,Stock,SELL,31,137.09
2026-07-03 15:04,NFLX,Stock,SELL,17,77.65
2026-07-03 15:04,LMT,Stock,BUY,18,545.91
2026-07-03 15:04,BLK,Stock,SELL,16,995.73
2026-07-03 15:04,SPGI,Stock,SELL,20,439.89
2026-07-03 15:04,MS,Stock,SELL,15,213.93
2026-07-03 15:04,RTX,Stock,BUY,15,199.25
2026-07-03 15:04,SPY,ETF,SELL,15,744.78
2026-07-03 15:04,VOO,ETF,SELL,15,684.84
2026-07-03 15:04,IVV,ETF,SELL,15,748.43
2026-07-03 15:04,VTI,ETF,SELL,15,368.76
2026-07-03 15:04,QQQ,ETF,BUY,14,712.6
2026-07-03 15:04,VUG,ETF,BUY,16,85.5
2026-07-03 15:04,VEA,ETF,BUY,13,70.81
2026-07-03 15:04,VTV,ETF,BUY,18,219.17
2026-07-03 15:04,IEFA,ETF,BUY,13,97.3
2026-07-03 15:04,AGG,ETF,SELL,19,98.61
2026-07-03 15:04,IEMG,ETF,BUY,15,79.84
2026-07-03 15:04,IJH,ETF,SELL,13,76.09
2026-07-03 15:04,IJR,ETF,BUY,32,146.48
2026-07-03 15:04,VIG,ETF,BUY,24,238.62
2026-07-03 15:04,VYM,ETF,BUY,14,159.48
2026-07-03 15:04,SCHD,ETF,BUY,20,32.39
2026-07-03 15:04,XLK,ETF,BUY,15,180.59
2026-07-03 15:04,VT,ETF,SELL,15,156.17
2026-07-03 15:04,ACWI,ETF,SELL,15,156.15
2026-07-03 17:16,AAPL,Stock,BUY,29,308.63
2026-07-03 17:16,MSFT,Stock,SELL,13,390.49
2026-07-03 17:16,NVDA,Stock,SELL,22,194.83
2026-07-03 17:16,AMZN,Stock,BUY,12,242.67
2026-07-03 17:16,GOOGL,Stock,BUY,32,359.91
2026-07-03 17:16,GOOG,Stock,BUY,32,356.18
2026-07-03 17:16,TSLA,Stock,SELL,14,393.45
2026-07-03 17:16,META,Stock,SELL,13,582.9
2026-07-03 17:16,ADBE,Stock,SELL,16,219.72
2026-07-03 17:16,AMD,Stock,BUY,15,517.82
2026-07-03 17:16,INTC,Stock,BUY,16,120.35
2026-07-03 17:16,CSCO,Stock,BUY,18,112.69
2026-07-03 17:16,QCOM,Stock,SELL,16,176.25
2026-07-03 17:16,CRM,Stock,SELL,13,166.11
2026-07-03 17:16,AVGO,Stock,SELL,14,360.45
2026-07-03 17:16,ORCL,Stock,SELL,29,140.27
2026-07-03 17:16,IBM,Stock,BUY,7,289.52
2026-07-03 17:16,TXN,Stock,BUY,19,293.08
2026-07-03 17:16,AMGN,Stock,BUY,31,374.15
2026-07-03 17:16,HON,Stock,BUY,31,229.86
2026-07-03 17:16,PEP,Stock,BUY,13,144.22
2026-07-03 17:16,KO,Stock,BUY,31,84.14
2026-07-03 17:16,MCD,Stock,BUY,17,280.63
2026-07-03 17:16,WMT,Stock,SELL,5,111.84
2026-07-03 17:16,CAT,Stock,BUY,17,963.53
2026-07-03 17:16,JNJ,Stock,BUY,40,263.04
2026-07-03 17:16,V,Stock,SELL,29,362.13
2026-07-03 17:16,HD,Stock,BUY,38,357.9
2026-07-03 17:16,BAC,Stock,BUY,34,58.73
2026-07-03 17:16,JPM,Stock,BUY,27,334.47
2026-07-03 17:16,UNH,Stock,BUY,20,425.36
2026-07-03 17:16,CVX,Stock,SELL,20,169.2
2026-07-03 17:16,XOM,Stock,SELL,31,137.09
2026-07-03 17:16,NFLX,Stock,SELL,17,77.65
2026-07-03 17:17,LMT,Stock,BUY,18,545.91
2026-07-03 17:17,BLK,Stock,SELL,16,995.73
2026-07-03 17:17,SPGI,Stock,SELL,20,439.89
2026-07-03 17:17,MS,Stock,SELL,15,213.93
2026-07-03 17:17,RTX,Stock,BUY,15,199.25
2026-07-03 17:17,SPY,ETF,SELL,15,744.78
2026-07-03 17:17,VOO,ETF,SELL,15,684.84
2026-07-03 17:17,IVV,ETF,SELL,15,748.43
2026-07-03 17:17,VTI,ETF,SELL,15,368.76
2026-07-03 17:17,QQQ,ETF,BUY,14,712.6
2026-07-03 17:17,VUG,ETF,BUY,16,85.5
2026-07-03 17:17,VEA,ETF,BUY,13,70.81
2026-07-03 17:17,VTV,ETF,BUY,18,219.17
2026-07-03 17:17,IEFA,ETF,BUY,13,97.3
2026-07-03 17:17,AGG,ETF,SELL,19,98.61
2026-07-03 17:17,IEMG,ETF,BUY,15,79.84
2026-07-03 17:17,IJH,ETF,SELL,13,76.09
2026-07-03 17:17,IJR,ETF,BUY,32,146.48
2026-07-03 17:17,VIG,ETF,BUY,24,238.62
2026-07-03 17:17,VYM,ETF,BUY,14,159.48
2026-07-03 17:17,SCHD,ETF,BUY,20,32.39
2026-07-03 17:17,XLK,ETF,BUY,15,180.59
2026-07-03 17:17,VT,ETF,SELL,15,156.17
2026-07-03 17:17,ACWI,ETF,SELL,15,156.15
2026-07-03 19:07,AAPL,Stock,BUY,29,308.63
2026-07-03 19:07,MSFT,Stock,SELL,13,390.49
2026-07-03 19:07,NVDA,Stock,SELL,22,194.83
2026-07-03 19:07,AMZN,Stock,BUY,12,242.67
2026-07-03 19:07,GOOGL,Stock,BUY,32,359.91
2026-07-03 19:07,GOOG,Stock,BUY,32,356.18
2026-07-03 19:07,TSLA,Stock,SELL,14,393.45
2026-07-03 19:07,META,Stock,SELL,13,582.9
2026-07-03 19:07,ADBE,Stock,SELL,16,219.72
2026-07-03 19:07,AMD,Stock,BUY,15,517.82
2026-07-03 19:07,INTC,Stock,BUY,16,120.35
2026-07-03 19:07,CSCO,Stock,BUY,18,112.69
2026-07-03 19:07,QCOM,Stock,SELL,16,176.25
2026-07-03 19:07,CRM,Stock,SELL,13,166.11
2026-07-03 19:07,AVGO,Stock,SELL,14,360.45
2026-07-03 19:07,ORCL,Stock,SELL,29,140.27
2026-07-03 19:07,IBM,Stock,BUY,7,289.52
2026-07-03 19:07,TXN,Stock,BUY,19,293.08
2026-07-03 19:07,AMGN,Stock,BUY,31,374.15
2026-07-03 19:07,HON,Stock,BUY,31,229.86
2026-07-03 19:07,PEP,Stock,BUY,13,144.22
2026-07-03 19:07,KO,Stock,BUY,31,84.14
2026-07-03 19:07,MCD,Stock,BUY,17,280.63
2026-07-03 19:07,WMT,Stock,SELL,5,111.84
2026-07-03 19:07,CAT,Stock,BUY,17,963.53
2026-07-03 19:07,JNJ,Stock,BUY,40,263.04
2026-07-03 19:07,V,Stock,SELL,29,362.13
2026-07-03 19:07,HD,Stock,BUY,38,357.9
2026-07-03 19:07,BAC,Stock,BUY,34,58.73
2026-07-03 19:07,JPM,Stock,BUY,27,334.47
2026-07-03 19:07,UNH,Stock,BUY,20,425.36
2026-07-03 19:07,CVX,Stock,SELL,20,169.2
2026-07-03 19:07,XOM,Stock,SELL,31,137.09
2026-07-03 19:07,NFLX,Stock,SELL,17,77.65
2026-07-03 19:07,LMT,Stock,BUY,18,545.91
2026-07-03 19:07,BLK,Stock,SELL,16,995.73
2026-07-03 19:07,SPGI,Stock,SELL,20,439.89
2026-07-03 19:07,MS,Stock,SELL,15,213.93
2026-07-03 19:07,RTX,Stock,BUY,15,199.25
2026-07-03 19:07,SPY,ETF,SELL,15,744.78
2026-07-03 19:07,VOO,ETF,SELL,15,684.84
2026-07-03 19:07,IVV,ETF,SELL,15,748.43
2026-07-03 19:07,VTI,ETF,SELL,15,368.76
2026-07-03 19:07,QQQ,ETF,BUY,14,712.6
2026-07-03 19:07,VUG,ETF,BUY,16,85.5
2026-07-03 19:07,VEA,ETF,BUY,13,70.81
2026-07-03 19:07,VTV,ETF,BUY,18,219.17
2026-07-03 19:07,IEFA,ETF,BUY,13,97.3
2026-07-03 19:07,AGG,ETF,SELL,19,98.61
2026-07-03 19:07,IEMG,ETF,BUY,15,79.84
2026-07-03 19:07,IJH,ETF,SELL,13,76.09
2026-07-03 19:07,IJR,ETF,BUY,32,146.48
2026-07-03 19:07,VIG,ETF,BUY,24,238.62
2026-07-03 19:07,VYM,ETF,BUY,14,159.48
2026-07-03 19:07,SCHD,ETF,BUY,20,32.39
2026-07-03 19:07,XLK,ETF,BUY,15,180.59
2026-07-03 19:07,VT,ETF,SELL,15,156.17
2026-07-03 19:07,ACWI,ETF,SELL,15,156.15
2026-07-03 20:56,AAPL,Stock,BUY,29,308.63
2026-07-03 20:56,MSFT,Stock,SELL,13,390.49
2026-07-03 20:56,NVDA,Stock,SELL,22,194.83
2026-07-03 20:56,AMZN,Stock,BUY,12,242.67
2026-07-03 20:56,GOOGL,Stock,BUY,32,359.91
2026-07-03 20:56,GOOG,Stock,BUY,32,356.18
2026-07-03 20:56,TSLA,Stock,SELL,14,393.45
2026-07-03 20:56,META,Stock,SELL,13,582.9
2026-07-03 20:56,ADBE,Stock,SELL,16,219.72
2026-07-03 20:56,AMD,Stock,BUY,15,517.82
2026-07-03 20:56,INTC,Stock,BUY,16,120.35
2026-07-03 20:56,CSCO,Stock,BUY,18,112.69
2026-07-03 20:56,QCOM,Stock,SELL,16,176.25
2026-07-03 20:56,CRM,Stock,SELL,13,166.11
2026-07-03 20:56,AVGO,Stock,SELL,14,360.45
2026-07-03 20:56,ORCL,Stock,SELL,29,140.27
2026-07-03 20:56,IBM,Stock,BUY,7,289.52
2026-07-03 20:56,TXN,Stock,BUY,19,293.08
2026-07-03 20:56,AMGN,Stock,BUY,31,374.15
2026-07-03 20:56,HON,Stock,BUY,31,229.86
2026-07-03 20:56,PEP,Stock,BUY,13,144.22
2026-07-03 20:56,KO,Stock,BUY,31,84.14
2026-07-03 20:56,MCD,Stock,BUY,17,280.63
2026-07-03 20:56,WMT,Stock,SELL,5,111.84
2026-07-03 20:56,CAT,Stock,BUY,17,963.53
2026-07-03 20:56,JNJ,Stock,BUY,40,263.04
2026-07-03 20:56,V,Stock,SELL,29,362.13
2026-07-03 20:56,HD,Stock,BUY,38,357.9
2026-07-03 20:56,BAC,Stock,BUY,34,58.73
2026-07-03 20:56,JPM,Stock,BUY,27,334.47
2026-07-03 20:56,UNH,Stock,BUY,20,425.36
2026-07-03 20:56,CVX,Stock,SELL,20,169.2
2026-07-03 20:56,XOM,Stock,SELL,31,137.09
2026-07-03 20:56,NFLX,Stock,SELL,17,77.65
2026-07-03 20:56,LMT,Stock,BUY,18,545.91
2026-07-03 20:56,BLK,Stock,SELL,16,995.73
2026-07-03 20:56,SPGI,Stock,SELL,20,439.89
2026-07-03 20:56,MS,Stock,SELL,15,213.93
2026-07-03 20:56,RTX,Stock,BUY,15,199.25
2026-07-03 20:56,SPY,ETF,SELL,15,744.78
2026-07-03 20:56,VOO,ETF,SELL,15,684.84
2026-07-03 20:56,IVV,ETF,SELL,15,748.43
2026-07-03 20:56,VTI,ETF,SELL,15,368.76
2026-07-03 20:56,QQQ,ETF,BUY,14,712.6
2026-07-03 20:56,VUG,ETF,BUY,16,85.5
2026-07-03 20:56,VEA,ETF,BUY,13,70.81
2026-07-03 20:56,VTV,ETF,BUY,18,219.17
2026-07-03 20:56,IEFA,ETF,BUY,13,97.3
2026-07-03 20:56,AGG,ETF,SELL,19,98.61
2026-07-03 20:56,IEMG,ETF,BUY,15,79.84
2026-07-03 20:56,IJH,ETF,SELL,13,76.09
2026-07-03 20:56,IJR,ETF,BUY,32,146.48
2026-07-03 20:56,VIG,ETF,BUY,24,238.62
2026-07-03 20:56,VYM,ETF,BUY,14,159.48
2026-07-03 20:56,SCHD,ETF,BUY,20,32.39
2026-07-03 20:56,XLK,ETF,BUY,15,180.59
2026-07-03 20:56,VT,ETF,SELL,15,156.17
2026-07-03 20:56,ACWI,ETF,SELL,15,156.15
2026-07-03 22:01,AAPL,Stock,BUY,29,308.63
2026-07-03 22:01,MSFT,Stock,SELL,13,390.49
2026-07-03 22:01,NVDA,Stock,SELL,22,194.83
2026-07-03 22:01,AMZN,Stock,BUY,12,242.67
2026-07-03 22:01,GOOGL,Stock,BUY,32,359.91
2026-07-03 22:01,GOOG,Stock,BUY,32,356.18
2026-07-03 22:01,TSLA,Stock,SELL,14,393.45
2026-07-03 22:01,META,Stock,SELL,13,582.9
2026-07-03 22:01,ADBE,Stock,SELL,16,219.72
2026-07-03 22:01,AMD,Stock,BUY,15,517.82
2026-07-03 22:01,INTC,Stock,BUY,16,120.35
2026-07-03 22:01,CSCO,Stock,BUY,18,112.69
2026-07-03 22:01,QCOM,Stock,SELL,16,176.25
2026-07-03 22:01,CRM,Stock,SELL,13,166.11
2026-07-03 22:01,AVGO,Stock,SELL,14,360.45
2026-07-03 22:01,ORCL,Stock,SELL,29,140.27
2026-07-03 22:01,IBM,Stock,BUY,7,289.52
2026-07-03 22:01,TXN,Stock,BUY,19,293.08
2026-07-03 22:01,AMGN,Stock,BUY,31,374.15
2026-07-03 22:01,HON,Stock,BUY,31,229.86
2026-07-03 22:01,PEP,Stock,BUY,13,144.22
2026-07-03 22:01,KO,Stock,BUY,31,84.14
2026-07-03 22:01,MCD,Stock,BUY,17,280.63
2026-07-03 22:01,WMT,Stock,SELL,5,111.84
2026-07-03 22:01,CAT,Stock,BUY,17,963.53
2026-07-03 22:01,JNJ,Stock,BUY,40,263.04
2026-07-03 22:01,V,Stock,SELL,29,362.13
2026-07-03 22:01,HD,Stock,BUY,38,357.9
2026-07-03 22:01,BAC,Stock,BUY,34,58.73
2026-07-03 22:01,JPM,Stock,BUY,27,334.47
2026-07-03 22:01,UNH,Stock,BUY,20,425.36
2026-07-03 22:01,CVX,Stock,SELL,20,169.2
2026-07-03 22:01,XOM,Stock,SELL,31,137.09
2026-07-03 22:01,NFLX,Stock,SELL,17,77.65
2026-07-03 22:01,LMT,Stock,BUY,18,545.91
2026-07-03 22:01,BLK,Stock,SELL,16,995.73
2026-07-03 22:01,SPGI,Stock,SELL,20,439.89
2026-07-03 22:01,MS,Stock,SELL,15,213.93
2026-07-03 22:01,RTX,Stock,BUY,15,199.25
2026-07-03 22:01,SPY,ETF,SELL,15,744.78
2026-07-03 22:01,VOO,ETF,SELL,15,684.84
2026-07-03 22:01,IVV,ETF,SELL,15,748.43
2026-07-03 22:01,VTI,ETF,SELL,15,368.76
2026-07-03 22:01,QQQ,ETF,BUY,14,712.6
2026-07-03 22:01,VUG,ETF,BUY,16,85.5
2026-07-03 22:01,VEA,ETF,BUY,13,70.81
2026-07-03 22:01,VTV,ETF,BUY,18,219.17
2026-07-03 22:01,IEFA,ETF,BUY,13,97.3
2026-07-03 22:01,AGG,ETF,SELL,19,98.61
2026-07-03 22:01,IEMG,ETF,BUY,15,79.84
2026-07-03 22:01,IJH,ETF,SELL,13,76.09
2026-07-03 22:01,IJR,ETF,BUY,32,146.48
2026-07-03 22:01,VIG,ETF,BUY,24,238.62
2026-07-03 22:01,VYM,ETF,BUY,14,159.48
2026-07-03 22:01,SCHD,ETF,BUY,20,32.39
2026-07-03 22:01,XLK,ETF,BUY,15,180.59
2026-07-03 22:01,VT,ETF,SELL,15,156.17
2026-07-03 22:01,ACWI,ETF,SELL,15,156.15
2026-07-03 23:57,AAPL,Stock,BUY,29,308.63
2026-07-03 23:57,MSFT,Stock,SELL,13,390.49
2026-07-03 23:57,NVDA,Stock,SELL,22,194.83
2026-07-03 23:57,AMZN,Stock,BUY,12,242.67
2026-07-03 23:57,GOOGL,Stock,BUY,32,359.91
2026-07-03 23:57,GOOG,Stock,BUY,32,356.18
2026-07-03 23:57,TSLA,Stock,SELL,14,393.45
2026-07-03 23:57,META,Stock,SELL,13,582.9
2026-07-03 23:57,ADBE,Stock,SELL,16,219.72
2026-07-03 23:57,AMD,Stock,BUY,15,517.82
2026-07-03 23:57,INTC,Stock,BUY,16,120.35
2026-07-03 23:57,CSCO,Stock,BUY,18,112.69
2026-07-03 23:57,QCOM,Stock,SELL,16,176.25
2026-07-03 23:57,CRM,Stock,SELL,13,166.11
2026-07-03 23:57,AVGO,Stock,SELL,14,360.45
2026-07-03 23:57,ORCL,Stock,SELL,29,140.27
2026-07-03 23:57,IBM,Stock,BUY,7,289.52
2026-07-03 23:57,TXN,Stock,BUY,19,293.08
2026-07-03 23:57,AMGN,Stock,BUY,31,374.15
2026-07-03 23:57,HON,Stock,BUY,31,229.86
2026-07-03 23:57,PEP,Stock,BUY,13,144.22
2026-07-03 23:57,KO,Stock,BUY,31,84.14
2026-07-03 23:58,MCD,Stock,BUY,17,280.63
2026-07-03 23:58,WMT,Stock,SELL,5,111.84
2026-07-03 23:58,CAT,Stock,BUY,17,963.53
2026-07-03 23:58,JNJ,Stock,BUY,40,263.04
2026-07-03 23:58,V,Stock,SELL,29,362.13
2026-07-03 23:58,HD,Stock,BUY,38,357.9
2026-07-03 23:58,BAC,Stock,BUY,34,58.73
2026-07-03 23:58,JPM,Stock,BUY,27,334.47
2026-07-03 23:58,UNH,Stock,BUY,20,425.36
2026-07-03 23:58,CVX,Stock,SELL,20,169.2
2026-07-03 23:58,XOM,Stock,SELL,31,137.09
2026-07-03 23:58,NFLX,Stock,SELL,17,77.65
2026-07-03 23:58,LMT,Stock,BUY,18,545.91
2026-07-03 23:58,BLK,Stock,SELL,16,995.73
2026-07-03 23:58,SPGI,Stock,SELL,20,439.89
2026-07-03 23:58,MS,Stock,SELL,15,213.93
2026-07-03 23:58,RTX,Stock,BUY,15,199.25
2026-07-03 23:58,SPY,ETF,SELL,15,744.78
2026-07-03 23:58,VOO,ETF,SELL,15,684.84
2026-07-03 23:58,IVV,ETF,SELL,15,748.43
2026-07-03 23:58,VTI,ETF,SELL,15,368.76
2026-07-03 23:58,QQQ,ETF,BUY,14,712.6
2026-07-03 23:58,VUG,ETF,BUY,16,85.5
2026-07-03 23:58,VEA,ETF,BUY,13,70.81
2026-07-03 23:58,VTV,ETF,BUY,18,219.17
2026-07-03 23:58,IEFA,ETF,BUY,13,97.3
2026-07-03 23:58,AGG,ETF,SELL,19,98.61
2026-07-03 23:58,IEMG,ETF,BUY,15,79.84
2026-07-03 23:58,IJH,ETF,SELL,13,76.09
2026-07-03 23:58,IJR,ETF,BUY,32,146.48
2026-07-03 23:58,VIG,ETF,BUY,24,238.62
2026-07-03 23:58,VYM,ETF,BUY,14,159.48
2026-07-03 23:58,SCHD,ETF,BUY,20,32.39
2026-07-03 23:58,XLK,ETF,BUY,15,180.59
2026-07-03 23:58,VT,ETF,SELL,15,156.17
2026-07-03 23:58,ACWI,ETF,SELL,15,156.15
2026-07-04 02:52,AAPL,Stock,BUY,29,308.63
2026-07-04 02:52,MSFT,Stock,SELL,13,390.49
2026-07-04 02:52,NVDA,Stock,SELL,22,194.83
2026-07-04 02:52,AMZN,Stock,BUY,12,242.67
2026-07-04 02:52,GOOGL,Stock,BUY,32,359.91
2026-07-04 02:52,GOOG,Stock,BUY,32,356.18
2026-07-04 02:52,TSLA,Stock,SELL,14,393.45
2026-07-04 02:52,META,Stock,SELL,13,582.9
2026-07-04 02:52,ADBE,Stock,SELL,16,219.72
2026-07-04 02:52,AMD,Stock,BUY,15,517.82
2026-07-04 02:52,INTC,Stock,BUY,16,120.35
2026-07-04 02:52,CSCO,Stock,BUY,18,112.69
2026-07-04 02:52,QCOM,Stock,SELL,16,176.25
2026-07-04 02:52,CRM,Stock,SELL,13,166.11
2026-07-04 02:52,AVGO,Stock,SELL,14,360.45
2026-07-04 02:52,ORCL,Stock,SELL,29,140.27
2026-07-04 02:52,IBM,Stock,BUY,7,289.52
2026-07-04 02:52,TXN,Stock,BUY,19,293.08
2026-07-04 02:52,AMGN,Stock,BUY,31,374.15
2026-07-04 02:52,HON,Stock,BUY,31,229.86
2026-07-04 02:52,PEP,Stock,BUY,13,144.22
2026-07-04 02:52,KO,Stock,BUY,31,84.14
2026-07-04 02:52,MCD,Stock,BUY,17,280.63
2026-07-04 02:52,WMT,Stock,SELL,5,111.84
2026-07-04 02:52,CAT,Stock,BUY,17,963.53
2026-07-04 02:52,JNJ,Stock,BUY,40,263.04
2026-07-04 02:52,V,Stock,SELL,29,362.13
2026-07-04 02:52,HD,Stock,BUY,38,357.9
2026-07-04 02:52,BAC,Stock,BUY,34,58.73
2026-07-04 02:52,JPM,Stock,BUY,27,334.47
2026-07-04 02:52,UNH,Stock,BUY,20,425.36
2026-07-04 02:52,CVX,Stock,SELL,20,169.2
2026-07-04 02:52,XOM,Stock,SELL,31,137.09
2026-07-04 02:52,NFLX,Stock,SELL,17,77.65
2026-07-04 02:52,LMT,Stock,BUY,18,545.91
2026-07-04 02:52,BLK,Stock,SELL,16,995.73
2026-07-04 02:52,SPGI,Stock,SELL,20,439.89
2026-07-04 02:52,MS,Stock,SELL,15,213.93
2026-07-04 02:52,RTX,Stock,BUY,15,199.25
2026-07-04 02:52,SPY,ETF,SELL,15,744.78
2026-07-04 02:52,VOO,ETF,SELL,15,684.84
2026-07-04 02:52,IVV,ETF,SELL,15,748.43
2026-07-04 02:52,VTI,ETF,SELL,15,368.76
2026-07-04 02:52,QQQ,ETF,BUY,14,712.6
2026-07-04 02:52,VUG,ETF,BUY,16,85.5
2026-07-04 02:52,VEA,ETF,BUY,13,70.81
2026-07-04 02:52,VTV,ETF,BUY,18,219.17
2026-07-04 02:52,IEFA,ETF,BUY,13,97.3
2026-07-04 02:52,AGG,ETF,SELL,19,98.61
2026-07-04 02:52,IEMG,ETF,BUY,15,79.84
2026-07-04 02:52,IJH,ETF,SELL,13,76.09
2026-07-04 02:52,IJR,ETF,BUY,32,146.48
2026-07-04 02:52,VIG,ETF,BUY,24,238.62
2026-07-04 02:52,VYM,ETF,BUY,14,159.48
2026-07-04 02:52,SCHD,ETF,BUY,20,32.39
2026-07-04 02:52,XLK,ETF,BUY,15,180.59
2026-07-04 02:52,VT,ETF,SELL,15,156.17
2026-07-04 02:52,ACWI,ETF,SELL,15,156.15
2026-07-04 06:13,AAPL,Stock,BUY,29,308.63
2026-07-04 06:13,MSFT,Stock,SELL,13,390.49
2026-07-04 06:13,NVDA,Stock,SELL,22,194.83
2026-07-04 06:13,AMZN,Stock,BUY,12,242.67
2026-07-04 06:13,GOOGL,Stock,BUY,32,359.91
2026-07-04 06:13,GOOG,Stock,BUY,32,356.18
2026-07-04 06:13,TSLA,Stock,SELL,14,393.45
2026-07-04 06:13,META,Stock,SELL,13,582.9
2026-07-04 06:13,ADBE,Stock,SELL,16,219.72
2026-07-04 06:13,AMD,Stock,BUY,15,517.82
2026-07-04 06:13,INTC,Stock,BUY,16,120.35
2026-07-04 06:13,CSCO,Stock,BUY,18,112.69
2026-07-04 06:13,QCOM,Stock,SELL,16,176.25
2026-07-04 06:13,CRM,Stock,SELL,13,166.11
2026-07-04 06:13,AVGO,Stock,SELL,14,360.45
2026-07-04 06:13,ORCL,Stock,SELL,29,140.27
2026-07-04 06:13,IBM,Stock,BUY,7,289.52
2026-07-04 06:13,TXN,Stock,BUY,19,293.08
2026-07-04 06:13,AMGN,Stock,BUY,31,374.15
2026-07-04 06:13,HON,Stock,BUY,31,229.86
2026-07-04 06:13,PEP,Stock,BUY,13,144.22
2026-07-04 06:13,KO,Stock,BUY,31,84.14
2026-07-04 06:13,MCD,Stock,BUY,17,280.63
2026-07-04 06:13,WMT,Stock,SELL,5,111.84
2026-07-04 06:13,CAT,Stock,BUY,17,963.53
2026-07-04 06:13,JNJ,Stock,BUY,40,263.04
2026-07-04 06:13,V,Stock,SELL,29,362.13
2026-07-04 06:13,HD,Stock,BUY,38,357.9
2026-07-04 06:13,BAC,Stock,BUY,34,58.73
2026-07-04 06:13,JPM,Stock,BUY,27,334.47
2026-07-04 06:13,UNH,Stock,BUY,20,425.36
2026-07-04 06:13,CVX,Stock,SELL,20,169.2
2026-07-04 06:13,XOM,Stock,SELL,31,137.09
2026-07-04 06:13,NFLX,Stock,SELL,17,77.65
2026-07-04 06:13,LMT,Stock,BUY,18,545.91
2026-07-04 06:13,BLK,Stock,SELL,16,995.73
2026-07-04 06:13,SPGI,Stock,SELL,20,439.89
2026-07-04 06:13,MS,Stock,SELL,15,213.93
2026-07-04 06:13,RTX,Stock,BUY,15,199.25
2026-07-04 06:13,SPY,ETF,SELL,15,744.78
2026-07-04 06:13,VOO,ETF,SELL,15,684.84
2026-07-04 06:13,IVV,ETF,SELL,15,748.43
2026-07-04 06:13,VTI,ETF,SELL,15,368.76
2026-07-04 06:13,QQQ,ETF,BUY,14,712.6
2026-07-04 06:13,VUG,ETF,BUY,16,85.5
2026-07-04 06:13,VEA,ETF,BUY,13,70.81
2026-07-04 06:13,VTV,ETF,BUY,18,219.17
2026-07-04 06:13,IEFA,ETF,BUY,13,97.3
2026-07-04 06:13,AGG,ETF,SELL,19,98.61
2026-07-04 06:13,IEMG,ETF,BUY,15,79.84
2026-07-04 06:13,IJH,ETF,SELL,13,76.09
2026-07-04 06:13,IJR,ETF,BUY,32,146.48
2026-07-04 06:13,VIG,ETF,BUY,24,238.62
2026-07-04 06:13,VYM,ETF,BUY,14,159.48
2026-07-04 06:13,SCHD,ETF,BUY,20,32.39
2026-07-04 06:13,XLK,ETF,BUY,15,180.59
2026-07-04 06:13,VT,ETF,SELL,15,156.17
2026-07-04 06:13,ACWI,ETF,SELL,15,156.15
2026-07-04 09:15,MSFT,Stock,SELL,13,390.49
2026-07-04 09:15,NVDA,Stock,SELL,22,194.83
2026-07-04 09:15,AMZN,Stock,BUY,12,242.67
2026-07-04 09:15,GOOGL,Stock,BUY,32,359.91
2026-07-04 09:15,GOOG,Stock,BUY,32,356.18
2026-07-04 09:15,TSLA,Stock,SELL,14,393.45
2026-07-04 09:15,META,Stock,SELL,13,582.9
2026-07-04 09:15,ADBE,Stock,SELL,16,219.72
2026-07-04 09:15,AMD,Stock,BUY,15,517.82
2026-07-04 09:15,INTC,Stock,BUY,16,120.35
2026-07-04 09:15,CSCO,Stock,BUY,18,112.69
2026-07-04 09:15,QCOM,Stock,SELL,16,176.25
2026-07-04 09:15,CRM,Stock,SELL,13,166.11
2026-07-04 09:15,AVGO,Stock,SELL,14,360.45
2026-07-04 09:15,ORCL,Stock,SELL,29,140.27
2026-07-04 09:15,IBM,Stock,BUY,7,289.52
2026-07-04 09:15,TXN,Stock,BUY,19,293.08
2026-07-04 09:15,AMGN,Stock,BUY,31,374.15
2026-07-04 09:15,HON,Stock,BUY,31,229.86
2026-07-04 09:15,PEP,Stock,BUY,13,144.22
2026-07-04 09:15,KO,Stock,BUY,31,84.14
2026-07-04 09:15,MCD,Stock,BUY,17,280.63
2026-07-04 09:15,WMT,Stock,SELL,5,111.84
2026-07-04 09:15,CAT,Stock,BUY,17,963.53
2026-07-04 09:15,JNJ,Stock,BUY,40,263.04
2026-07-04 09:15,V,Stock,SELL,29,362.13
2026-07-04 09:15,HD,Stock,BUY,38,357.9
2026-07-04 09:15,BAC,Stock,BUY,34,58.73
2026-07-04 09:15,JPM,Stock,BUY,27,334.47
2026-07-04 09:15,UNH,Stock,BUY,20,425.36
2026-07-04 09:15,CVX,Stock,SELL,20,169.2
2026-07-04 09:15,XOM,Stock,SELL,31,137.09
2026-07-04 09:15,NFLX,Stock,SELL,17,77.65
2026-07-04 09:16,LMT,Stock,BUY,18,545.91
2026-07-04 09:16,BLK,Stock,SELL,16,995.73
2026-07-04 09:16,SPGI,Stock,SELL,20,439.89
2026-07-04 09:16,MS,Stock,SELL,15,213.93
2026-07-04 09:16,RTX,Stock,BUY,15,199.25
2026-07-04 09:16,SPY,ETF,SELL,15,744.78
2026-07-04 09:16,VOO,ETF,SELL,15,684.84
2026-07-04 09:16,IVV,ETF,SELL,15,748.43
2026-07-04 09:16,VTI,ETF,SELL,15,368.76
2026-07-04 09:16,QQQ,ETF,BUY,14,712.6
2026-07-04 09:16,VUG,ETF,BUY,16,85.5
2026-07-04 09:16,VEA,ETF,BUY,13,70.81
2026-07-04 09:16,VTV,ETF,BUY,18,219.17
2026-07-04 09:16,IEFA,ETF,BUY,13,97.3
2026-07-04 09:16,AGG,ETF,SELL,19,98.61
2026-07-04 09:16,IEMG,ETF,BUY,15,79.84
2026-07-04 09:16,IJH,ETF,SELL,13,76.09
2026-07-04 09:16,IJR,ETF,BUY,32,146.48
2026-07-04 09:16,VIG,ETF,BUY,24,238.62
2026-07-04 09:16,VYM,ETF,BUY,14,159.48
2026-07-04 09:16,SCHD,ETF,BUY,20,32.39
2026-07-04 09:16,XLK,ETF,BUY,15,180.59
2026-07-04 09:16,VT,ETF,SELL,15,156.17
2026-07-04 09:16,ACWI,ETF,SELL,15,156.15
2026-07-04 11:20,AAPL,Stock,BUY,29,308.63
2026-07-04 11:20,MSFT,Stock,SELL,13,390.49
2026-07-04 11:20,NVDA,Stock,SELL,22,194.83
2026-07-04 11:20,AMZN,Stock,BUY,12,242.67
2026-07-04 11:20,GOOGL,Stock,BUY,32,359.91
2026-07-04 11:20,GOOG,Stock,BUY,32,356.18
2026-07-04 11:20,TSLA,Stock,SELL,14,393.45
2026-07-04 11:20,META,Stock,SELL,13,582.9
2026-07-04 11:20,ADBE,Stock,SELL,16,219.72
2026-07-04 11:20,AMD,Stock,BUY,15,517.82
2026-07-04 11:20,INTC,Stock,BUY,16,120.35
2026-07-04 11:20,CSCO,Stock,BUY,18,112.69
2026-07-04 11:20,QCOM,Stock,SELL,16,176.25
2026-07-04 11:20,CRM,Stock,SELL,13,166.11
2026-07-04 11:20,AVGO,Stock,SELL,14,360.45
2026-07-04 11:20,ORCL,Stock,SELL,29,140.27
2026-07-04 11:20,IBM,Stock,BUY,7,289.52
2026-07-04 11:20,TXN,Stock,BUY,19,293.08
2026-07-04 11:20,AMGN,Stock,BUY,31,374.15
2026-07-04 11:20,HON,Stock,BUY,31,229.86
2026-07-04 11:20,PEP,Stock,BUY,13,144.22
2026-07-04 11:20,KO,Stock,BUY,31,84.14
2026-07-04 11:20,MCD,Stock,BUY,17,280.63
2026-07-04 11:20,WMT,Stock,SELL,5,111.84
2026-07-04 11:20,CAT,Stock,BUY,17,963.53
2026-07-04 11:20,JNJ,Stock,BUY,40,263.04
2026-07-04 11:20,V,Stock,SELL,29,362.13
2026-07-04 11:20,HD,Stock,BUY,38,357.9
2026-07-04 11:20,BAC,Stock,BUY,34,58.73
2026-07-04 11:20,JPM,Stock,BUY,27,334.47
2026-07-04 11:20,UNH,Stock,BUY,20,425.36
2026-07-04 11:20,CVX,Stock,SELL,20,169.2
2026-07-04 11:20,XOM,Stock,SELL,31,137.09
2026-07-04 11:20,NFLX,Stock,SELL,17,77.65
2026-07-04 11:20,LMT,Stock,BUY,18,545.91
2026-07-04 11:20,BLK,Stock,SELL,16,995.73
2026-07-04 11:20,SPGI,Stock,SELL,20,439.89
2026-07-04 11:20,MS,Stock,SELL,15,213.93
2026-07-04 11:20,RTX,Stock,BUY,15,199.25
2026-07-04 11:20,SPY,ETF,SELL,15,744.78
2026-07-04 11:20,VOO,ETF,SELL,15,684.84
2026-07-04 11:20,IVV,ETF,SELL,15,748.43
2026-07-04 11:20,VTI,ETF,SELL,15,368.76
2026-07-04 11:20,QQQ,ETF,BUY,14,712.6
2026-07-04 11:20,VUG,ETF,BUY,16,85.5
2026-07-04 11:20,VEA,ETF,BUY,13,70.81
2026-07-04 11:20,VTV,ETF,BUY,18,219.17
2026-07-04 11:20,IEFA,ETF,BUY,13,97.3
2026-07-04 11:20,AGG,ETF,SELL,19,98.61
2026-07-04 11:20,IEMG,ETF,BUY,15,79.84
2026-07-04 11:20,IJH,ETF,SELL,13,76.09
2026-07-04 11:20,IJR,ETF,BUY,32,146.48
2026-07-04 11:20,VIG,ETF,BUY,24,238.62
2026-07-04 11:20,VYM,ETF,BUY,14,159.48
2026-07-04 11:20,SCHD,ETF,BUY,20,32.39
2026-07-04 11:20,XLK,ETF,BUY,15,180.59
2026-07-04 11:20,VT,ETF,SELL,15,156.17
2026-07-04 11:20,ACWI,ETF,SELL,15,156.15
2026-07-04 13:07,AAPL,Stock,BUY,29,308.63
2026-07-04 13:07,MSFT,Stock,SELL,13,390.49
2026-07-04 13:07,NVDA,Stock,SELL,22,194.83
2026-07-04 13:07,AMZN,Stock,BUY,12,242.67
2026-07-04 13:07,GOOGL,Stock,BUY,32,359.91
2026-07-04 13:07,GOOG,Stock,BUY,32,356.18
2026-07-04 13:07,TSLA,Stock,SELL,14,393.45
2026-07-04 13:07,META,Stock,SELL,13,582.9
2026-07-04 13:07,ADBE,Stock,SELL,16,219.72
2026-07-04 13:07,AMD,Stock,BUY,15,517.82
2026-07-04 13:07,INTC,Stock,BUY,16,120.35
2026-07-04 13:07,CSCO,Stock,BUY,18,112.69
2026-07-04 13:07,QCOM,Stock,SELL,16,176.25
2026-07-04 13:07,CRM,Stock,SELL,13,166.11
2026-07-04 13:07,AVGO,Stock,SELL,14,360.45
2026-07-04 13:07,ORCL,Stock,SELL,29,140.27
2026-07-04 13:07,IBM,Stock,BUY,7,289.52
2026-07-04 13:07,TXN,Stock,BUY,19,293.08
2026-07-04 13:07,AMGN,Stock,BUY,31,374.15
2026-07-04 13:07,HON,Stock,BUY,31,229.86
2026-07-04 13:07,PEP,Stock,BUY,13,144.22
2026-07-04 13:07,KO,Stock,BUY,31,84.14
2026-07-04 13:07,MCD,Stock,BUY,17,280.63
2026-07-04 13:07,WMT,Stock,SELL,5,111.84
2026-07-04 13:07,CAT,Stock,BUY,17,963.53
2026-07-04 13:07,JNJ,Stock,BUY,40,263.04
2026-07-04 13:07,V,Stock,SELL,29,362.13
2026-07-04 13:07,HD,Stock,BUY,38,357.9
2026-07-04 13:07,BAC,Stock,BUY,34,58.73
2026-07-04 13:07,JPM,Stock,BUY,27,334.47
2026-07-04 13:07,UNH,Stock,BUY,20,425.36
2026-07-04 13:07,CVX,Stock,SELL,20,169.2
2026-07-04 13:07,XOM,Stock,SELL,31,137.09
2026-07-04 13:07,NFLX,Stock,SELL,17,77.65
2026-07-04 13:07,LMT,Stock,BUY,18,545.91
2026-07-04 13:07,BLK,Stock,SELL,16,995.73
2026-07-04 13:07,SPGI,Stock,SELL,20,439.89
2026-07-04 13:07,MS,Stock,SELL,15,213.93
2026-07-04 13:07,RTX,Stock,BUY,15,199.25
2026-07-04 13:07,SPY,ETF,SELL,15,744.78
2026-07-04 13:07,VOO,ETF,SELL,15,684.84
2026-07-04 13:07,IVV,ETF,SELL,15,748.43
2026-07-04 13:07,VTI,ETF,SELL,15,368.76
2026-07-04 13:07,QQQ,ETF,BUY,14,712.6
2026-07-04 13:07,VUG,ETF,BUY,16,85.5
2026-07-04 13:07,VEA,ETF,BUY,13,70.81
2026-07-04 13:07,VTV,ETF,BUY,18,219.17
2026-07-04 13:07,IEFA,ETF,BUY,13,97.3
2026-07-04 13:07,AGG,ETF,SELL,19,98.61
2026-07-04 13:07,IEMG,ETF,BUY,15,79.84
2026-07-04 13:07,IJH,ETF,SELL,13,76.09
2026-07-04 13:07,IJR,ETF,BUY,32,146.48
2026-07-04 13:07,VIG,ETF,BUY,24,238.62
2026-07-04 13:07,VYM,ETF,BUY,14,159.48
2026-07-04 13:07,SCHD,ETF,BUY,20,32.39
2026-07-04 13:07,XLK,ETF,BUY,15,180.59
2026-07-04 13:07,VT,ETF,SELL,15,156.17
2026-07-04 13:07,ACWI,ETF,SELL,15,156.15
2026-07-04 14:59,AAPL,Stock,BUY,29,308.63
2026-07-04 14:59,MSFT,Stock,SELL,13,390.49
2026-07-04 14:59,NVDA,Stock,SELL,22,194.83
2026-07-04 14:59,AMZN,Stock,BUY,12,242.67
2026-07-04 14:59,GOOGL,Stock,BUY,32,359.91
2026-07-04 14:59,GOOG,Stock,BUY,32,356.18
2026-07-04 14:59,TSLA,Stock,SELL,14,393.45
2026-07-04 14:59,META,Stock,SELL,13,582.9
2026-07-04 14:59,ADBE,Stock,SELL,16,219.72
2026-07-04 14:59,AMD,Stock,BUY,15,517.82
2026-07-04 14:59,INTC,Stock,BUY,16,120.35
2026-07-04 14:59,CSCO,Stock,BUY,18,112.69
2026-07-04 14:59,QCOM,Stock,SELL,16,176.25
2026-07-04 14:59,CRM,Stock,SELL,13,166.11
2026-07-04 14:59,AVGO,Stock,SELL,14,360.45
2026-07-04 14:59,ORCL,Stock,SELL,29,140.27
2026-07-04 14:59,IBM,Stock,BUY,7,289.52
2026-07-04 14:59,TXN,Stock,BUY,19,293.08
2026-07-04 14:59,AMGN,Stock,BUY,31,374.15
2026-07-04 14:59,HON,Stock,BUY,31,229.86
2026-07-04 14:59,PEP,Stock,BUY,13,144.22
2026-07-04 14:59,KO,Stock,BUY,31,84.14
2026-07-04 14:59,MCD,Stock,BUY,17,280.63
2026-07-04 14:59,WMT,Stock,SELL,5,111.84
2026-07-04 14:59,CAT,Stock,BUY,17,963.53
2026-07-04 14:59,JNJ,Stock,BUY,40,263.04
2026-07-04 14:59,V,Stock,SELL,29,362.13
2026-07-04 14:59,HD,Stock,BUY,38,357.9
2026-07-04 14:59,BAC,Stock,BUY,34,58.73
2026-07-04 14:59,JPM,Stock,BUY,27,334.47
2026-07-04 14:59,UNH,Stock,BUY,20,425.36
2026-07-04 14:59,CVX,Stock,SELL,20,169.2
2026-07-04 14:59,XOM,Stock,SELL,31,137.09
2026-07-04 14:59,NFLX,Stock,SELL,17,77.65
2026-07-04 14:59,LMT,Stock,BUY,18,545.91
2026-07-04 14:59,BLK,Stock,SELL,16,995.73
2026-07-04 14:59,SPGI,Stock,SELL,20,439.89
2026-07-04 14:59,MS,Stock,SELL,15,213.93
2026-07-04 14:59,RTX,Stock,BUY,15,199.25
2026-07-04 14:59,SPY,ETF,SELL,15,744.78
2026-07-04 14:59,VOO,ETF,SELL,15,684.84
2026-07-04 14:59,IVV,ETF,SELL,15,748.43
2026-07-04 14:59,VTI,ETF,SELL,15,368.76
2026-07-04 14:59,QQQ,ETF,BUY,14,712.6
2026-07-04 14:59,VUG,ETF,BUY,16,85.5
2026-07-04 14:59,VEA,ETF,BUY,13,70.81
2026-07-04 14:59,VTV,ETF,BUY,18,219.17
2026-07-04 14:59,IEFA,ETF,BUY,13,97.3
2026-07-04 14:59,AGG,ETF,SELL,19,98.61
2026-07-04 14:59,IEMG,ETF,BUY,15,79.84
2026-07-04 14:59,IJH,ETF,SELL,13,76.09
2026-07-04 14:59,IJR,ETF,BUY,32,146.48
2026-07-04 14:59,VIG,ETF,BUY,24,238.62
2026-07-04 14:59,VYM,ETF,BUY,14,159.48
2026-07-04 14:59,SCHD,ETF,BUY,20,32.39
2026-07-04 14:59,XLK,ETF,BUY,15,180.59
2026-07-04 14:59,VT,ETF,SELL,15,156.17
2026-07-04 14:59,ACWI,ETF,SELL,15,156.15
2026-07-04 16:06,AAPL,Stock,BUY,29,308.63
2026-07-04 16:06,MSFT,Stock,SELL,13,390.49
2026-07-04 16:06,NVDA,Stock,SELL,22,194.83
2026-07-04 16:06,AMZN,Stock,BUY,12,242.67
2026-07-04 16:06,GOOGL,Stock,BUY,32,359.91
2026-07-04 16:06,GOOG,Stock,BUY,32,356.18
2026-07-04 16:06,TSLA,Stock,SELL,14,393.45
2026-07-04 16:06,META,Stock,SELL,13,582.9
2026-07-04 16:06,ADBE,Stock,SELL,16,219.72
2026-07-04 16:06,AMD,Stock,BUY,15,517.82
2026-07-04 16:06,INTC,Stock,BUY,16,120.35
2026-07-04 16:06,CSCO,Stock,BUY,18,112.69
2026-07-04 16:06,QCOM,Stock,SELL,16,176.25
2026-07-04 16:06,CRM,Stock,SELL,13,166.11
2026-07-04 16:06,AVGO,Stock,SELL,14,360.45
2026-07-04 16:06,ORCL,Stock,SELL,29,140.27
2026-07-04 16:06,IBM,Stock,BUY,7,289.52
2026-07-04 16:06,TXN,Stock,BUY,19,293.08
2026-07-04 16:06,AMGN,Stock,BUY,31,374.15
2026-07-04 16:06,HON,Stock,BUY,31,229.86
2026-07-04 16:06,PEP,Stock,BUY,13,144.22
2026-07-04 16:06,KO,Stock,BUY,31,84.14
2026-07-04 16:06,MCD,Stock,BUY,17,280.63
2026-07-04 16:06,WMT,Stock,SELL,5,111.84
2026-07-04 16:06,CAT,Stock,BUY,17,963.53
2026-07-04 16:06,JNJ,Stock,BUY,40,263.04
2026-07-04 16:06,V,Stock,SELL,29,362.13
2026-07-04 16:06,HD,Stock,BUY,38,357.9
2026-07-04 16:06,BAC,Stock,BUY,34,58.73
2026-07-04 16:06,JPM,Stock,BUY,27,334.47
2026-07-04 16:06,UNH,Stock,BUY,20,425.36
2026-07-04 16:06,CVX,Stock,SELL,20,169.2
2026-07-04 16:06,XOM,Stock,SELL,31,137.09
2026-07-04 16:06,NFLX,Stock,SELL,17,77.65
2026-07-04 16:06,LMT,Stock,BUY,18,545.91
2026-07-04 16:06,BLK,Stock,SELL,16,995.73
2026-07-04 16:06,SPGI,Stock,SELL,20,439.89
2026-07-04 16:06,MS,Stock,SELL,15,213.93
2026-07-04 16:06,RTX,Stock,BUY,15,199.25
2026-07-04 16:06,SPY,ETF,SELL,15,744.78
2026-07-04 16:06,VOO,ETF,SELL,15,684.84
2026-07-04 16:06,IVV,ETF,SELL,15,748.43
2026-07-04 16:07,VTI,ETF,SELL,15,368.76
2026-07-04 16:07,QQQ,ETF,BUY,14,712.6
2026-07-04 16:07,VUG,ETF,BUY,16,85.5
2026-07-04 16:07,VEA,ETF,BUY,13,70.81
2026-07-04 16:07,VTV,ETF,BUY,18,219.17
2026-07-04 16:07,IEFA,ETF,BUY,13,97.3
2026-07-04 16:07,AGG,ETF,SELL,19,98.61
2026-07-04 16:07,IEMG,ETF,BUY,15,79.84
2026-07-04 16:07,IJH,ETF,SELL,13,76.09
2026-07-04 16:07,IJR,ETF,BUY,32,146.48
2026-07-04 16:07,VIG,ETF,BUY,24,238.62
2026-07-04 16:07,VYM,ETF,BUY,14,159.48
2026-07-04 16:07,SCHD,ETF,BUY,20,32.39
2026-07-04 16:07,XLK,ETF,BUY,15,180.59
2026-07-04 16:07,VT,ETF,SELL,15,156.17
2026-07-04 16:07,ACWI,ETF,SELL,15,156.15
2026-07-04 17:58,AAPL,Stock,BUY,29,308.63
2026-07-04 17:58,MSFT,Stock,SELL,13,390.49
2026-07-04 17:58,NVDA,Stock,SELL,22,194.83
2026-07-04 17:58,AMZN,Stock,BUY,12,242.67
2026-07-04 17:58,GOOGL,Stock,BUY,32,359.91
2026-07-04 17:58,GOOG,Stock,BUY,32,356.18
2026-07-04 17:58,TSLA,Stock,SELL,14,393.45
2026-07-04 17:58,META,Stock,SELL,13,582.9
2026-07-04 17:58,ADBE,Stock,SELL,16,219.72
2026-07-04 17:58,AMD,Stock,BUY,15,517.82
2026-07-04 17:58,INTC,Stock,BUY,16,120.35
2026-07-04 17:58,CSCO,Stock,BUY,18,112.69
2026-07-04 17:58,QCOM,Stock,SELL,16,176.25
2026-07-04 17:58,CRM,Stock,SELL,13,166.11
2026-07-04 17:58,AVGO,Stock,SELL,14,360.45
2026-07-04 17:58,ORCL,Stock,SELL,29,140.27
2026-07-04 17:58,IBM,Stock,BUY,7,289.52
2026-07-04 17:58,TXN,Stock,BUY,19,293.08
2026-07-04 17:58,AMGN,Stock,BUY,31,374.15
2026-07-04 17:58,HON,Stock,BUY,31,229.86
2026-07-04 17:58,PEP,Stock,BUY,13,144.22
2026-07-04 17:58,KO,Stock,BUY,31,84.14
2026-07-04 17:58,MCD,Stock,BUY,17,280.63
2026-07-04 17:58,WMT,Stock,SELL,5,111.84
2026-07-04 17:58,CAT,Stock,BUY,17,963.53
2026-07-04 17:58,JNJ,Stock,BUY,40,263.04
2026-07-04 17:58,V,Stock,SELL,29,362.13
2026-07-04 17:58,HD,Stock,BUY,38,357.9
2026-07-04 17:58,BAC,Stock,BUY,34,58.73
2026-07-04 17:58,JPM,Stock,BUY,27,334.47
2026-07-04 17:58,UNH,Stock,BUY,20,425.36
2026-07-04 17:58,CVX,Stock,SELL,20,169.2
2026-07-04 17:58,XOM,Stock,SELL,31,137.09
2026-07-04 17:58,NFLX,Stock,SELL,17,77.65
2026-07-04 17:58,LMT,Stock,BUY,18,545.91
2026-07-04 17:58,BLK,Stock,SELL,16,995.73
2026-07-04 17:58,SPGI,Stock,SELL,20,439.89
2026-07-04 17:58,MS,Stock,SELL,15,213.93
2026-07-04 17:58,RTX,Stock,BUY,15,199.25
2026-07-04 17:58,SPY,ETF,SELL,15,744.78
2026-07-04 17:58,VOO,ETF,SELL,15,684.84
2026-07-04 17:58,IVV,ETF,SELL,15,748.43
2026-07-04 17:58,VTI,ETF,SELL,15,368.76
2026-07-04 17:58,QQQ,ETF,BUY,14,712.6
2026-07-04 17:58,VUG,ETF,BUY,16,85.5
2026-07-04 17:58,VEA,ETF,BUY,13,70.81
2026-07-04 17:58,VTV,ETF,BUY,18,219.17
2026-07-04 17:58,IEFA,ETF,BUY,13,97.3
2026-07-04 17:58,AGG,ETF,SELL,19,98.61
2026-07-04 17:58,IEMG,ETF,BUY,15,79.84
2026-07-04 17:58,IJH,ETF,SELL,13,76.09
2026-07-04 17:58,IJR,ETF,BUY,32,146.48
2026-07-04 17:58,VIG,ETF,BUY,24,238.62
2026-07-04 17:59,VYM,ETF,BUY,14,159.48
2026-07-04 17:59,SCHD,ETF,BUY,20,32.39
2026-07-04 17:59,XLK,ETF,BUY,15,180.59
2026-07-04 17:59,VT,ETF,SELL,15,156.17
2026-07-04 17:59,ACWI,ETF,SELL,15,156.15
2026-07-04 19:16,AAPL,Stock,BUY,29,308.63
2026-07-04 19:16,MSFT,Stock,SELL,13,390.49
2026-07-04 19:16,NVDA,Stock,SELL,22,194.83
2026-07-04 19:16,AMZN,Stock,BUY,12,242.67
2026-07-04 19:16,GOOGL,Stock,BUY,32,359.91
2026-07-04 19:16,GOOG,Stock,BUY,32,356.18
2026-07-04 19:16,TSLA,Stock,SELL,14,393.45
2026-07-04 19:16,META,Stock,SELL,13,582.9
2026-07-04 19:16,ADBE,Stock,SELL,16,219.72
2026-07-04 19:16,AMD,Stock,BUY,15,517.82
2026-07-04 19:16,INTC,Stock,BUY,16,120.35
2026-07-04 19:16,CSCO,Stock,BUY,18,112.69
2026-07-04 19:16,QCOM,Stock,SELL,16,176.25
2026-07-04 19:16,CRM,Stock,SELL,13,166.11
2026-07-04 19:16,AVGO,Stock,SELL,14,360.45
2026-07-04 19:16,ORCL,Stock,SELL,29,140.27
2026-07-04 19:16,IBM,Stock,BUY,7,289.52
2026-07-04 19:16,TXN,Stock,BUY,19,293.08
2026-07-04 19:16,AMGN,Stock,BUY,31,374.15
2026-07-04 19:16,HON,Stock,BUY,31,229.86
2026-07-04 19:16,PEP,Stock,BUY,13,144.22
2026-07-04 19:16,KO,Stock,BUY,31,84.14
2026-07-04 19:16,MCD,Stock,BUY,17,280.63
2026-07-04 19:16,WMT,Stock,SELL,5,111.84
2026-07-04 19:16,CAT,Stock,BUY,17,963.53
2026-07-04 19:16,JNJ,Stock,BUY,40,263.04
2026-07-04 19:16,V,Stock,SELL,29,362.13
2026-07-04 19:16,HD,Stock,BUY,38,357.9
2026-07-04 19:16,BAC,Stock,BUY,34,58.73
2026-07-04 19:16,JPM,Stock,BUY,27,334.47
2026-07-04 19:16,UNH,Stock,BUY,20,425.36
2026-07-04 19:16,CVX,Stock,SELL,20,169.2
2026-07-04 19:16,XOM,Stock,SELL,31,137.09
2026-07-04 19:16,NFLX,Stock,SELL,17,77.65
2026-07-04 19:16,LMT,Stock,BUY,18,545.91
2026-07-04 19:16,BLK,Stock,SELL,16,995.73
2026-07-04 19:16,SPGI,Stock,SELL,20,439.89
2026-07-04 19:16,MS,Stock,SELL,15,213.93
2026-07-04 19:16,RTX,Stock,BUY,15,199.25
2026-07-04 19:16,SPY,ETF,SELL,15,744.78
2026-07-04 19:16,VOO,ETF,SELL,15,684.84
2026-07-04 19:16,IVV,ETF,SELL,15,748.43
2026-07-04 19:16,VTI,ETF,SELL,15,368.76
2026-07-04 19:16,QQQ,ETF,BUY,14,712.6
2026-07-04 19:16,VUG,ETF,BUY,16,85.5
2026-07-04 19:16,VEA,ETF,BUY,13,70.81
2026-07-04 19:16,VTV,ETF,BUY,18,219.17
2026-07-04 19:16,IEFA,ETF,BUY,13,97.3
2026-07-04 19:16,AGG,ETF,SELL,19,98.61
2026-07-04 19:16,IEMG,ETF,BUY,15,79.84
2026-07-04 19:16,IJH,ETF,SELL,13,76.09
2026-07-04 19:16,IJR,ETF,BUY,32,146.48
2026-07-04 19:16,VIG,ETF,BUY,24,238.62
2026-07-04 19:16,VYM,ETF,BUY,14,159.48
2026-07-04 19:16,SCHD,ETF,BUY,20,32.39
2026-07-04 19:16,XLK,ETF,BUY,15,180.59
2026-07-04 19:16,VT,ETF,SELL,15,156.17
2026-07-04 19:16,ACWI,ETF,SELL,15,156.15
2026-07-04 20:47,AAPL,Stock,BUY,29,308.63
2026-07-04 20:47,MSFT,Stock,SELL,13,390.49
2026-07-04 20:47,NVDA,Stock,SELL,22,194.83
2026-07-04 20:47,AMZN,Stock,BUY,12,242.67
2026-07-04 20:47,GOOGL,Stock,BUY,32,359.91
2026-07-04 20:47,GOOG,Stock,BUY,32,356.18
2026-07-04 20:47,TSLA,Stock,SELL,14,393.45
2026-07-04 20:47,META,Stock,SELL,13,582.9
2026-07-04 20:47,ADBE,Stock,SELL,16,219.72
2026-07-04 20:47,AMD,Stock,BUY,15,517.82
2026-07-04 20:47,INTC,Stock,BUY,16,120.35
2026-07-04 20:47,CSCO,Stock,BUY,18,112.69
2026-07-04 20:47,QCOM,Stock,SELL,16,176.25
2026-07-04 20:47,CRM,Stock,SELL,13,166.11
2026-07-04 20:47,AVGO,Stock,SELL,14,360.45
2026-07-04 20:47,ORCL,Stock,SELL,29,140.27
2026-07-04 20:47,IBM,Stock,BUY,7,289.52
2026-07-04 20:47,TXN,Stock,BUY,19,293.08
2026-07-04 20:47,AMGN,Stock,BUY,31,374.15
2026-07-04 20:47,HON,Stock,BUY,31,229.86
2026-07-04 20:47,PEP,Stock,BUY,13,144.22
2026-07-04 20:47,KO,Stock,BUY,31,84.14
2026-07-04 20:47,MCD,Stock,BUY,17,280.63
2026-07-04 20:47,WMT,Stock,SELL,5,111.84
2026-07-04 20:47,CAT,Stock,BUY,17,963.53
2026-07-04 20:47,JNJ,Stock,BUY,40,263.04
2026-07-04 20:47,V,Stock,SELL,29,362.13
2026-07-04 20:47,HD,Stock,BUY,38,357.9
2026-07-04 20:47,BAC,Stock,BUY,34,58.73
2026-07-04 20:47,JPM,Stock,BUY,27,334.47
2026-07-04 20:47,UNH,Stock,BUY,20,425.36
2026-07-04 20:47,CVX,Stock,SELL,20,169.2
2026-07-04 20:47,XOM,Stock,SELL,31,137.09
2026-07-04 20:47,NFLX,Stock,SELL,17,77.65
2026-07-04 20:47,LMT,Stock,BUY,18,545.91
2026-07-04 20:47,BLK,Stock,SELL,16,995.73
2026-07-04 20:47,SPGI,Stock,SELL,20,439.89
2026-07-04 20:47,MS,Stock,SELL,15,213.93
2026-07-04 20:47,RTX,Stock,BUY,15,199.25
2026-07-04 20:47,SPY,ETF,SELL,15,744.78
2026-07-04 20:47,VOO,ETF,SELL,15,684.84
2026-07-04 20:47,IVV,ETF,SELL,15,748.43
2026-07-04 20:47,VTI,ETF,SELL,15,368.76
2026-07-04 20:47,QQQ,ETF,BUY,14,712.6
2026-07-04 20:47,VUG,ETF,BUY,16,85.5
2026-07-04 20:47,VEA,ETF,BUY,13,70.81
2026-07-04 20:47,VTV,ETF,BUY,18,219.17
2026-07-04 20:47,IEFA,ETF,BUY,13,97.3
2026-07-04 20:47,AGG,ETF,SELL,19,98.61
2026-07-04 20:47,IEMG,ETF,BUY,15,79.84
2026-07-04 20:47,IJH,ETF,SELL,13,76.09
2026-07-04 20:47,IJR,ETF,BUY,32,146.48
2026-07-04 20:47,VIG,ETF,BUY,24,238.62
2026-07-04 20:47,VYM,ETF,BUY,14,159.48
2026-07-04 20:47,SCHD,ETF,BUY,20,32.39
2026-07-04 20:47,XLK,ETF,BUY,15,180.59
2026-07-04 20:47,VT,ETF,SELL,15,156.17
2026-07-04 20:47,ACWI,ETF,SELL,15,156.15
2026-07-04 21:51,AAPL,Stock,BUY,29,308.63
2026-07-04 21:51,MSFT,Stock,SELL,13,390.49
2026-07-04 21:51,NVDA,Stock,SELL,22,194.83
2026-07-04 21:51,AMZN,Stock,BUY,12,242.67
2026-07-04 21:51,GOOGL,Stock,BUY,32,359.91
2026-07-04 21:51,GOOG,Stock,BUY,32,356.18
2026-07-04 21:51,TSLA,Stock,SELL,14,393.45
2026-07-04 21:51,META,Stock,SELL,13,582.9
2026-07-04 21:51,ADBE,Stock,SELL,16,219.72
2026-07-04 21:51,AMD,Stock,BUY,15,517.82
2026-07-04 21:51,INTC,Stock,BUY,16,120.35
2026-07-04 21:51,CSCO,Stock,BUY,18,112.69
2026-07-04 21:51,QCOM,Stock,SELL,16,176.25
2026-07-04 21:51,CRM,Stock,SELL,13,166.11
2026-07-04 21:51,AVGO,Stock,SELL,14,360.45
2026-07-04 21:51,ORCL,Stock,SELL,29,140.27
2026-07-04 21:51,IBM,Stock,BUY,7,289.52
2026-07-04 21:51,TXN,Stock,BUY,19,293.08
2026-07-04 21:51,AMGN,Stock,BUY,31,374.15
2026-07-04 21:51,HON,Stock,BUY,31,229.86
2026-07-04 21:51,PEP,Stock,BUY,13,144.22
2026-07-04 21:51,KO,Stock,BUY,31,84.14
2026-07-04 21:51,MCD,Stock,BUY,17,280.63
2026-07-04 21:51,WMT,Stock,SELL,5,111.84
2026-07-04 21:51,CAT,Stock,BUY,17,963.53
2026-07-04 21:51,JNJ,Stock,BUY,40,263.04
2026-07-04 21:51,V,Stock,SELL,29,362.13
2026-07-04 21:51,HD,Stock,BUY,38,357.9
2026-07-04 21:51,BAC,Stock,BUY,34,58.73
2026-07-04 21:51,JPM,Stock,BUY,27,334.47
2026-07-04 21:51,UNH,Stock,BUY,20,425.36
2026-07-04 21:51,CVX,Stock,SELL,20,169.2
2026-07-04 21:51,XOM,Stock,SELL,31,137.09
2026-07-04 21:51,NFLX,Stock,SELL,17,77.65
2026-07-04 21:51,LMT,Stock,BUY,18,545.91
2026-07-04 21:51,BLK,Stock,SELL,16,995.73
2026-07-04 21:51,SPGI,Stock,SELL,20,439.89
2026-07-04 21:51,MS,Stock,SELL,15,213.93
2026-07-04 21:51,RTX,Stock,BUY,15,199.25
2026-07-04 21:51,SPY,ETF,SELL,15,744.78
2026-07-04 21:51,VOO,ETF,SELL,15,684.84
2026-07-04 21:51,IVV,ETF,SELL,15,748.43
2026-07-04 21:51,VTI,ETF,SELL,15,368.76
2026-07-04 21:51,QQQ,ETF,BUY,14,712.6
2026-07-04 21:51,VUG,ETF,BUY,16,85.5
2026-07-04 21:51,VEA,ETF,BUY,13,70.81
2026-07-04 21:51,VTV,ETF,BUY,18,219.17
2026-07-04 21:51,IEFA,ETF,BUY,13,97.3
2026-07-04 21:52,AGG,ETF,SELL,19,98.61
2026-07-04 21:52,IEMG,ETF,BUY,15,79.84
2026-07-04 21:52,IJH,ETF,SELL,13,76.09
2026-07-04 21:52,IJR,ETF,BUY,32,146.48
2026-07-04 21:52,VIG,ETF,BUY,24,238.62
2026-07-04 21:52,VYM,ETF,BUY,14,159.48
2026-07-04 21:52,SCHD,ETF,BUY,20,32.39
2026-07-04 21:52,XLK,ETF,BUY,15,180.59
2026-07-04 21:52,VT,ETF,SELL,15,156.17
2026-07-04 21:52,ACWI,ETF,SELL,15,156.15
2026-07-04 22:51,AAPL,Stock,BUY,29,308.63
2026-07-04 22:51,MSFT,Stock,SELL,13,390.49
2026-07-04 22:51,NVDA,Stock,SELL,22,194.83
2026-07-04 22:51,AMZN,Stock,BUY,12,242.67
2026-07-04 22:51,GOOGL,Stock,BUY,32,359.91
2026-07-04 22:51,GOOG,Stock,BUY,32,356.18
2026-07-04 22:51,TSLA,Stock,SELL,14,393.45
2026-07-04 22:51,META,Stock,SELL,13,582.9
2026-07-04 22:51,ADBE,Stock,SELL,16,219.72
2026-07-04 22:51,AMD,Stock,BUY,15,517.82
2026-07-04 22:51,INTC,Stock,BUY,16,120.35
2026-07-04 22:51,CSCO,Stock,BUY,18,112.69
2026-07-04 22:51,QCOM,Stock,SELL,16,176.25
2026-07-04 22:51,CRM,Stock,SELL,13,166.11
2026-07-04 22:51,AVGO,Stock,SELL,14,360.45
2026-07-04 22:51,ORCL,Stock,SELL,29,140.27
2026-07-04 22:51,IBM,Stock,BUY,7,289.52
2026-07-04 22:51,TXN,Stock,BUY,19,293.08
2026-07-04 22:51,AMGN,Stock,BUY,31,374.15
2026-07-04 22:51,HON,Stock,BUY,31,229.86
2026-07-04 22:51,PEP,Stock,BUY,13,144.22
2026-07-04 22:51,KO,Stock,BUY,31,84.14
2026-07-04 22:51,MCD,Stock,BUY,17,280.63
2026-07-04 22:51,WMT,Stock,SELL,5,111.84
2026-07-04 22:51,CAT,Stock,BUY,17,963.53
2026-07-04 22:51,JNJ,Stock,BUY,40,263.04
2026-07-04 22:51,V,Stock,SELL,29,362.13
2026-07-04 22:51,HD,Stock,BUY,38,357.9
2026-07-04 22:51,BAC,Stock,BUY,34,58.73
2026-07-04 22:51,JPM,Stock,BUY,27,334.47
2026-07-04 22:51,UNH,Stock,BUY,20,425.36
2026-07-04 22:51,CVX,Stock,SELL,20,169.2
2026-07-04 22:51,XOM,Stock,SELL,31,137.09
2026-07-04 22:51,NFLX,Stock,SELL,17,77.65
2026-07-04 22:51,LMT,Stock,BUY,18,545.91
2026-07-04 22:51,BLK,Stock,SELL,16,995.73
2026-07-04 22:51,SPGI,Stock,SELL,20,439.89
2026-07-04 22:51,MS,Stock,SELL,15,213.93
2026-07-04 22:51,RTX,Stock,BUY,15,199.25
2026-07-04 22:51,SPY,ETF,SELL,15,744.78
2026-07-04 22:51,VOO,ETF,SELL,15,684.84
2026-07-04 22:51,IVV,ETF,SELL,15,748.43
2026-07-04 22:51,VTI,ETF,SELL,15,368.76
2026-07-04 22:51,QQQ,ETF,BUY,14,712.6
2026-07-04 22:51,VUG,ETF,BUY,16,85.5
2026-07-04 22:51,VEA,ETF,BUY,13,70.81
2026-07-04 22:51,VTV,ETF,BUY,18,219.17
2026-07-04 22:51,IEFA,ETF,BUY,13,97.3
2026-07-04 22:51,AGG,ETF,SELL,19,98.61
2026-07-04 22:51,IEMG,ETF,BUY,15,79.84
2026-07-04 22:51,IJH,ETF,SELL,13,76.09
2026-07-04 22:51,IJR,ETF,BUY,32,146.48
2026-07-04 22:51,VIG,ETF,BUY,24,238.62
2026-07-04 22:51,VYM,ETF,BUY,14,159.48
2026-07-04 22:51,SCHD,ETF,BUY,20,32.39
2026-07-04 22:51,XLK,ETF,BUY,15,180.59
2026-07-04 22:51,VT,ETF,SELL,15,156.17
2026-07-04 22:51,ACWI,ETF,SELL,15,156.15
2026-07-04 23:55,AAPL,Stock,BUY,29,308.63
2026-07-04 23:55,MSFT,Stock,SELL,13,390.49
2026-07-04 23:55,NVDA,Stock,SELL,22,194.83
2026-07-04 23:55,AMZN,Stock,BUY,12,242.67
2026-07-04 23:55,GOOGL,Stock,BUY,32,359.91
2026-07-04 23:55,GOOG,Stock,BUY,32,356.18
2026-07-04 23:55,TSLA,Stock,SELL,14,393.45
2026-07-04 23:55,META,Stock,SELL,13,582.9
2026-07-04 23:55,ADBE,Stock,SELL,16,219.72
2026-07-04 23:55,AMD,Stock,BUY,15,517.82
2026-07-04 23:55,INTC,Stock,BUY,16,120.35
2026-07-04 23:55,CSCO,Stock,BUY,18,112.69
2026-07-04 23:55,QCOM,Stock,SELL,16,176.25
2026-07-04 23:55,CRM,Stock,SELL,13,166.11
2026-07-04 23:55,AVGO,Stock,SELL,14,360.45
2026-07-04 23:55,ORCL,Stock,SELL,29,140.27
2026-07-04 23:55,IBM,Stock,BUY,7,289.52
2026-07-04 23:55,TXN,Stock,BUY,19,293.08
2026-07-04 23:55,AMGN,Stock,BUY,31,374.15
2026-07-04 23:55,HON,Stock,BUY,31,229.86
2026-07-04 23:55,PEP,Stock,BUY,13,144.22
2026-07-04 23:55,KO,Stock,BUY,31,84.14
2026-07-04 23:55,MCD,Stock,BUY,17,280.63
2026-07-04 23:55,WMT,Stock,SELL,5,111.84
2026-07-04 23:55,CAT,Stock,BUY,17,963.53
2026-07-04 23:55,JNJ,Stock,BUY,40,263.04
2026-07-04 23:55,V,Stock,SELL,29,362.13
2026-07-04 23:55,HD,Stock,BUY,38,357.9
2026-07-04 23:55,BAC,Stock,BUY,34,58.73
2026-07-04 23:55,JPM,Stock,BUY,27,334.47
2026-07-04 23:55,UNH,Stock,BUY,20,425.36
2026-07-04 23:55,CVX,Stock,SELL,20,169.2
2026-07-04 23:55,XOM,Stock,SELL,31,137.09
2026-07-04 23:55,NFLX,Stock,SELL,17,77.65
2026-07-04 23:55,LMT,Stock,BUY,18,545.91
2026-07-04 23:55,BLK,Stock,SELL,16,995.73
2026-07-04 23:55,SPGI,Stock,SELL,20,439.89
2026-07-04 23:55,MS,Stock,SELL,15,213.93
2026-07-04 23:55,RTX,Stock,BUY,15,199.25
2026-07-04 23:55,SPY,ETF,SELL,15,744.78
2026-07-04 23:55,VOO,ETF,SELL,15,684.84
2026-07-04 23:55,IVV,ETF,SELL,15,748.43
2026-07-04 23:55,VTI,ETF,SELL,15,368.76
2026-07-04 23:55,QQQ,ETF,BUY,14,712.6
2026-07-04 23:55,VUG,ETF,BUY,16,85.5
2026-07-04 23:55,VEA,ETF,BUY,13,70.81
2026-07-04 23:55,VTV,ETF,BUY,18,219.17
2026-07-04 23:55,IEFA,ETF,BUY,13,97.3
2026-07-04 23:55,AGG,ETF,SELL,19,98.61
2026-07-04 23:55,IEMG,ETF,BUY,15,79.84
2026-07-04 23:55,IJH,ETF,SELL,13,76.09
2026-07-04 23:55,IJR,ETF,BUY,32,146.48
2026-07-04 23:55,VIG,ETF,BUY,24,238.62
2026-07-04 23:55,VYM,ETF,BUY,14,159.48
2026-07-04 23:55,SCHD,ETF,BUY,20,32.39
2026-07-04 23:55,XLK,ETF,BUY,15,180.59
2026-07-04 23:55,VT,ETF,SELL,15,156.17
2026-07-04 23:55,ACWI,ETF,SELL,15,156.15
2026-07-05 02:27,AAPL,Stock,BUY,29,308.63
2026-07-05 02:27,MSFT,Stock,SELL,13,390.49
2026-07-05 02:27,NVDA,Stock,SELL,22,194.83
2026-07-05 02:27,AMZN,Stock,BUY,12,242.67
2026-07-05 02:27,GOOGL,Stock,BUY,32,359.91
2026-07-05 02:27,GOOG,Stock,BUY,32,356.18
2026-07-05 02:27,TSLA,Stock,SELL,14,393.45
2026-07-05 02:27,META,Stock,SELL,13,582.9
2026-07-05 02:27,ADBE,Stock,SELL,16,219.72
2026-07-05 02:27,AMD,Stock,BUY,15,517.82
2026-07-05 02:27,INTC,Stock,BUY,16,120.35
2026-07-05 02:27,CSCO,Stock,BUY,18,112.69
2026-07-05 02:27,QCOM,Stock,SELL,16,176.25
2026-07-05 02:27,CRM,Stock,SELL,13,166.11
2026-07-05 02:27,AVGO,Stock,SELL,14,360.45
2026-07-05 02:27,ORCL,Stock,SELL,29,140.27
2026-07-05 02:27,IBM,Stock,BUY,7,289.52
2026-07-05 02:27,TXN,Stock,BUY,19,293.08
2026-07-05 02:27,AMGN,Stock,BUY,31,374.15
2026-07-05 02:27,HON,Stock,BUY,31,229.86
2026-07-05 02:27,PEP,Stock,BUY,13,144.22
2026-07-05 02:27,KO,Stock,BUY,31,84.14
2026-07-05 02:27,MCD,Stock,BUY,17,280.63
2026-07-05 02:27,WMT,Stock,SELL,5,111.84
2026-07-05 02:27,CAT,Stock,BUY,17,963.53
2026-07-05 02:27,JNJ,Stock,BUY,40,263.04
2026-07-05 02:27,V,Stock,SELL,29,362.13
2026-07-05 02:27,HD,Stock,BUY,38,357.9
2026-07-05 02:27,BAC,Stock,BUY,34,58.73
2026-07-05 02:27,JPM,Stock,BUY,27,334.47
2026-07-05 02:27,UNH,Stock,BUY,20,425.36
2026-07-05 02:27,CVX,Stock,SELL,20,169.2
2026-07-05 02:27,XOM,Stock,SELL,31,137.09
2026-07-05 02:27,NFLX,Stock,SELL,17,77.65
2026-07-05 02:27,LMT,Stock,BUY,18,545.91
2026-07-05 02:27,BLK,Stock,SELL,16,995.73
2026-07-05 02:27,SPGI,Stock,SELL,20,439.89
2026-07-05 02:27,MS,Stock,SELL,15,213.93
2026-07-05 02:27,RTX,Stock,BUY,15,199.25
2026-07-05 02:27,SPY,ETF,SELL,15,744.78
2026-07-05 02:27,VOO,ETF,SELL,15,684.84
2026-07-05 02:27,IVV,ETF,SELL,15,748.43
2026-07-05 02:27,VTI,ETF,SELL,15,368.76
2026-07-05 02:27,QQQ,ETF,BUY,14,712.6
2026-07-05 02:27,VUG,ETF,BUY,16,85.5
2026-07-05 02:27,VEA,ETF,BUY,13,70.81
2026-07-05 02:27,VTV,ETF,BUY,18,219.17
2026-07-05 02:27,IEFA,ETF,BUY,13,97.3
2026-07-05 02:27,AGG,ETF,SELL,19,98.61
2026-07-05 02:27,IEMG,ETF,BUY,15,79.84
2026-07-05 02:27,IJH,ETF,SELL,13,76.09
2026-07-05 02:27,IJR,ETF,BUY,32,146.48
2026-07-05 02:27,VIG,ETF,BUY,24,238.62
2026-07-05 02:27,VYM,ETF,BUY,14,159.48
2026-07-05 02:27,SCHD,ETF,BUY,20,32.39
2026-07-05 02:27,XLK,ETF,BUY,15,180.59
2026-07-05 02:27,VT,ETF,SELL,15,156.17
2026-07-05 02:27,ACWI,ETF,SELL,15,156.15
2026-07-05 06:33,AAPL,Stock,BUY,29,308.63
2026-07-05 06:33,MSFT,Stock,SELL,13,390.49
2026-07-05 06:33,NVDA,Stock,SELL,22,194.83
2026-07-05 06:33,AMZN,Stock,BUY,12,242.67
2026-07-05 06:33,GOOGL,Stock,BUY,32,359.91
2026-07-05 06:33,GOOG,Stock,BUY,32,356.18
2026-07-05 06:33,TSLA,Stock,SELL,14,393.45
2026-07-05 06:33,META,Stock,SELL,13,582.9
2026-07-05 06:33,ADBE,Stock,SELL,16,219.72
2026-07-05 06:33,AMD,Stock,BUY,15,517.82
2026-07-05 06:33,INTC,Stock,BUY,16,120.35
2026-07-05 06:33,CSCO,Stock,BUY,18,112.69
2026-07-05 06:33,QCOM,Stock,SELL,16,176.25
2026-07-05 06:33,CRM,Stock,SELL,13,166.11
2026-07-05 06:33,AVGO,Stock,SELL,14,360.45
2026-07-05 06:33,ORCL,Stock,SELL,29,140.27
2026-07-05 06:33,IBM,Stock,BUY,7,289.52
2026-07-05 06:33,TXN,Stock,BUY,19,293.08
2026-07-05 06:33,AMGN,Stock,BUY,31,374.15
2026-07-05 06:33,HON,Stock,BUY,31,229.86
2026-07-05 06:33,PEP,Stock,BUY,13,144.22
2026-07-05 06:33,KO,Stock,BUY,31,84.14
2026-07-05 06:33,MCD,Stock,BUY,17,280.63
2026-07-05 06:33,WMT,Stock,SELL,5,111.84
2026-07-05 06:33,CAT,Stock,BUY,17,963.53
2026-07-05 06:33,JNJ,Stock,BUY,40,263.04
2026-07-05 06:33,V,Stock,SELL,29,362.13
2026-07-05 06:33,HD,Stock,BUY,38,357.9
2026-07-05 06:33,BAC,Stock,BUY,34,58.73
2026-07-05 06:33,JPM,Stock,BUY,27,334.47
2026-07-05 06:33,UNH,Stock,BUY,20,425.36
2026-07-05 06:33,CVX,Stock,SELL,20,169.2
2026-07-05 06:33,XOM,Stock,SELL,31,137.09
2026-07-05 06:33,NFLX,Stock,SELL,17,77.65
2026-07-05 06:33,LMT,Stock,BUY,18,545.91
2026-07-05 06:33,BLK,Stock,SELL,16,995.73
2026-07-05 06:33,SPGI,Stock,SELL,20,439.89
2026-07-05 06:33,MS,Stock,SELL,15,213.93
2026-07-05 06:33,RTX,Stock,BUY,15,199.25
2026-07-05 06:33,SPY,ETF,SELL,15,744.78
2026-07-05 06:33,VOO,ETF,SELL,15,684.84
2026-07-05 06:33,IVV,ETF,SELL,15,748.43
2026-07-05 06:33,VTI,ETF,SELL,15,368.76
2026-07-05 06:33,QQQ,ETF,BUY,14,712.6
2026-07-05 06:33,VUG,ETF,BUY,16,85.5
2026-07-05 06:33,VEA,ETF,BUY,13,70.81
2026-07-05 06:33,VTV,ETF,BUY,18,219.17
2026-07-05 06:33,IEFA,ETF,BUY,13,97.3
2026-07-05 06:33,AGG,ETF,SELL,19,98.61
2026-07-05 06:33,IEMG,ETF,BUY,15,79.84
2026-07-05 06:33,IJH,ETF,SELL,13,76.09
2026-07-05 06:33,IJR,ETF,BUY,32,146.48
2026-07-05 06:33,VIG,ETF,BUY,24,238.62
2026-07-05 06:33,VYM,ETF,BUY,14,159.48
2026-07-05 06:33,SCHD,ETF,BUY,20,32.39
2026-07-05 06:34,XLK,ETF,BUY,15,180.59
2026-07-05 06:34,VT,ETF,SELL,15,156.17
2026-07-05 06:34,ACWI,ETF,SELL,15,156.15
2026-07-05 09:37,AAPL,Stock,BUY,29,308.63
2026-07-05 09:37,MSFT,Stock,SELL,13,390.49
2026-07-05 09:37,NVDA,Stock,SELL,22,194.83
2026-07-05 09:37,AMZN,Stock,BUY,12,242.67
2026-07-05 09:37,GOOGL,Stock,BUY,32,359.91
2026-07-05 09:37,GOOG,Stock,BUY,32,356.18
2026-07-05 09:37,TSLA,Stock,SELL,14,393.45
2026-07-05 09:37,META,Stock,SELL,13,582.9
2026-07-05 09:37,ADBE,Stock,SELL,16,219.72
2026-07-05 09:37,AMD,Stock,BUY,15,517.82
2026-07-05 09:37,INTC,Stock,BUY,16,120.35
2026-07-05 09:37,CSCO,Stock,BUY,18,112.69
2026-07-05 09:37,QCOM,Stock,SELL,16,176.25
2026-07-05 09:37,CRM,Stock,SELL,13,166.11
2026-07-05 09:37,AVGO,Stock,SELL,14,360.45
2026-07-05 09:37,ORCL,Stock,SELL,29,140.27
2026-07-05 09:37,IBM,Stock,BUY,7,289.52
2026-07-05 09:37,TXN,Stock,BUY,19,293.08
2026-07-05 09:37,AMGN,Stock,BUY,31,374.15
2026-07-05 09:37,HON,Stock,SELL,15,229.86
2026-07-05 09:37,PEP,Stock,BUY,13,144.22
2026-07-05 09:37,KO,Stock,BUY,31,84.14
2026-07-05 09:37,MCD,Stock,BUY,17,280.63
2026-07-05 09:37,WMT,Stock,SELL,5,111.84
2026-07-05 09:37,CAT,Stock,BUY,17,963.53
2026-07-05 09:37,JNJ,Stock,BUY,40,263.04
2026-07-05 09:37,V,Stock,SELL,29,362.13
2026-07-05 09:37,HD,Stock,BUY,38,357.9
2026-07-05 09:37,BAC,Stock,BUY,34,58.73
2026-07-05 09:37,JPM,Stock,BUY,27,334.47
2026-07-05 09:37,UNH,Stock,BUY,20,425.36
2026-07-05 09:37,CVX,Stock,SELL,20,169.2
2026-07-05 09:37,XOM,Stock,SELL,31,137.09
2026-07-05 09:37,NFLX,Stock,SELL,17,77.65
2026-07-05 09:37,LMT,Stock,BUY,18,545.91
2026-07-05 09:37,BLK,Stock,SELL,16,995.73
2026-07-05 09:37,SPGI,Stock,SELL,20,439.89
2026-07-05 09:37,MS,Stock,SELL,15,213.93
2026-07-05 09:37,RTX,Stock,BUY,15,199.25
2026-07-05 09:37,SPY,ETF,SELL,15,744.78
2026-07-05 09:37,VOO,ETF,SELL,15,684.84
2026-07-05 09:37,IVV,ETF,SELL,15,748.43
2026-07-05 09:37,VTI,ETF,SELL,15,368.76
2026-07-05 09:37,QQQ,ETF,BUY,14,712.6
2026-07-05 09:37,VUG,ETF,BUY,16,85.5
2026-07-05 09:37,VEA,ETF,BUY,13,70.81
2026-07-05 09:37,VTV,ETF,BUY,18,219.17
2026-07-05 09:37,IEFA,ETF,BUY,13,97.3
2026-07-05 09:37,AGG,ETF,SELL,19,98.61
2026-07-05 09:37,IEMG,ETF,BUY,15,79.84
2026-07-05 09:37,IJH,ETF,SELL,13,76.09
2026-07-05 09:37,IJR,ETF,BUY,32,146.48
2026-07-05 09:37,VIG,ETF,BUY,24,238.62
2026-07-05 09:37,VYM,ETF,BUY,14,159.48
2026-07-05 09:37,SCHD,ETF,BUY,20,32.39
2026-07-05 09:37,XLK,ETF,BUY,15,180.59
2026-07-05 09:37,VT,ETF,SELL,15,156.17
2026-07-05 09:37,ACWI,ETF,SELL,15,156.15
2026-07-05 11:25,AAPL,Stock,BUY,29,308.63
2026-07-05 11:25,MSFT,Stock,SELL,13,390.49
2026-07-05 11:25,NVDA,Stock,SELL,22,194.83
2026-07-05 11:25,AMZN,Stock,BUY,12,242.67
2026-07-05 11:25,GOOGL,Stock,BUY,32,359.91
2026-07-05 11:25,GOOG,Stock,BUY,32,356.18
2026-07-05 11:25,TSLA,Stock,SELL,14,393.45
2026-07-05 11:25,META,Stock,SELL,13,582.9
2026-07-05 11:25,ADBE,Stock,SELL,16,219.72
2026-07-05 11:25,AMD,Stock,BUY,15,517.82
2026-07-05 11:25,INTC,Stock,BUY,16,120.35
2026-07-05 11:25,CSCO,Stock,BUY,18,112.69
2026-07-05 11:25,QCOM,Stock,SELL,16,176.25
2026-07-05 11:25,CRM,Stock,SELL,13,166.11
2026-07-05 11:25,AVGO,Stock,SELL,14,360.45
2026-07-05 11:25,ORCL,Stock,SELL,29,140.27
2026-07-05 11:25,IBM,Stock,BUY,7,289.52
2026-07-05 11:25,TXN,Stock,BUY,19,293.08
2026-07-05 11:25,AMGN,Stock,BUY,31,374.15
2026-07-05 11:25,HON,Stock,SELL,15,229.86
2026-07-05 11:25,PEP,Stock,BUY,13,144.22
2026-07-05 11:25,KO,Stock,BUY,31,84.14
2026-07-05 11:25,MCD,Stock,BUY,17,280.63
2026-07-05 11:25,WMT,Stock,SELL,5,111.84
2026-07-05 11:25,CAT,Stock,BUY,17,963.53
2026-07-05 11:25,JNJ,Stock,BUY,40,263.04
2026-07-05 11:25,V,Stock,SELL,29,362.13
2026-07-05 11:25,HD,Stock,BUY,38,357.9
2026-07-05 11:25,BAC,Stock,BUY,34,58.73
2026-07-05 11:25,JPM,Stock,BUY,27,334.47
2026-07-05 11:25,UNH,Stock,BUY,20,425.36
2026-07-05 11:25,CVX,Stock,SELL,20,169.2
2026-07-05 11:25,XOM,Stock,SELL,31,137.09
2026-07-05 11:25,NFLX,Stock,SELL,17,77.65
2026-07-05 11:25,LMT,Stock,BUY,18,545.91
2026-07-05 11:25,BLK,Stock,SELL,16,995.73
2026-07-05 11:25,SPGI,Stock,SELL,20,439.89
2026-07-05 11:25,MS,Stock,SELL,15,213.93
2026-07-05 11:25,RTX,Stock,BUY,15,199.25
2026-07-05 11:25,SPY,ETF,SELL,15,744.78
2026-07-05 11:25,VOO,ETF,SELL,15,684.84
2026-07-05 11:25,IVV,ETF,SELL,15,748.43
2026-07-05 11:25,VTI,ETF,SELL,15,368.76
2026-07-05 11:25,QQQ,ETF,BUY,14,712.6
2026-07-05 11:25,VUG,ETF,BUY,16,85.5
2026-07-05 11:25,VEA,ETF,BUY,13,70.81
2026-07-05 11:25,VTV,ETF,BUY,18,219.17
2026-07-05 11:25,IEFA,ETF,BUY,13,97.3
2026-07-05 11:25,AGG,ETF,SELL,19,98.61
2026-07-05 11:25,IEMG,ETF,BUY,15,79.84
2026-07-05 11:25,IJH,ETF,SELL,13,76.09
2026-07-05 11:25,IJR,ETF,BUY,32,146.48
2026-07-05 11:25,VIG,ETF,BUY,24,238.62
2026-07-05 11:25,VYM,ETF,BUY,14,159.48
2026-07-05 11:25,SCHD,ETF,BUY,20,32.39
2026-07-05 11:25,XLK,ETF,BUY,15,180.59
2026-07-05 11:25,VT,ETF,SELL,15,156.17
2026-07-05 11:25,ACWI,ETF,SELL,15,156.15
2026-07-05 13:16,AAPL,Stock,BUY,29,308.63
2026-07-05 13:16,MSFT,Stock,SELL,13,390.49
2026-07-05 13:16,NVDA,Stock,SELL,22,194.83
2026-07-05 13:16,AMZN,Stock,BUY,12,242.67
2026-07-05 13:16,GOOGL,Stock,BUY,32,359.91
2026-07-05 13:16,GOOG,Stock,BUY,32,356.18
2026-07-05 13:16,TSLA,Stock,SELL,14,393.45
2026-07-05 13:16,META,Stock,SELL,13,582.9
2026-07-05 13:16,ADBE,Stock,SELL,16,219.72
2026-07-05 13:16,AMD,Stock,BUY,15,517.82
2026-07-05 13:16,INTC,Stock,BUY,16,120.35
2026-07-05 13:16,CSCO,Stock,BUY,18,112.69
2026-07-05 13:16,QCOM,Stock,SELL,16,176.25
2026-07-05 13:16,CRM,Stock,SELL,13,166.11
2026-07-05 13:16,AVGO,Stock,SELL,14,360.45
2026-07-05 13:16,ORCL,Stock,SELL,29,140.27
2026-07-05 13:16,IBM,Stock,BUY,7,289.52
2026-07-05 13:16,TXN,Stock,BUY,19,293.08
2026-07-05 13:16,AMGN,Stock,BUY,31,374.15
2026-07-05 13:16,HON,Stock,SELL,15,229.86
2026-07-05 13:16,PEP,Stock,BUY,13,144.22
2026-07-05 13:16,KO,Stock,BUY,31,84.14
2026-07-05 13:16,MCD,Stock,BUY,17,280.63
2026-07-05 13:16,WMT,Stock,SELL,5,111.84
2026-07-05 13:16,CAT,Stock,BUY,17,963.53
2026-07-05 13:16,JNJ,Stock,BUY,40,263.04
2026-07-05 13:16,V,Stock,SELL,29,362.13
2026-07-05 13:16,HD,Stock,BUY,38,357.9
2026-07-05 13:16,BAC,Stock,BUY,34,58.73
2026-07-05 13:16,JPM,Stock,BUY,27,334.47
2026-07-05 13:16,UNH,Stock,BUY,20,425.36
2026-07-05 13:16,CVX,Stock,SELL,20,169.2
2026-07-05 13:16,XOM,Stock,SELL,31,137.09
2026-07-05 13:16,NFLX,Stock,SELL,17,77.65
2026-07-05 13:16,LMT,Stock,BUY,18,545.91
2026-07-05 13:16,BLK,Stock,SELL,16,995.73
2026-07-05 13:16,SPGI,Stock,SELL,20,439.89
2026-07-05 13:16,MS,Stock,SELL,15,213.93
2026-07-05 13:16,RTX,Stock,BUY,15,199.25
2026-07-05 13:16,SPY,ETF,SELL,15,744.78
2026-07-05 13:16,VOO,ETF,SELL,15,684.84
2026-07-05 13:16,IVV,ETF,SELL,15,748.43
2026-07-05 13:16,VTI,ETF,SELL,15,368.76
2026-07-05 13:16,QQQ,ETF,BUY,14,712.6
2026-07-05 13:16,VUG,ETF,BUY,16,85.5
2026-07-05 13:16,VEA,ETF,BUY,13,70.81
2026-07-05 13:16,VTV,ETF,BUY,18,219.17
2026-07-05 13:16,IEFA,ETF,BUY,13,97.3
2026-07-05 13:16,AGG,ETF,SELL,19,98.61
2026-07-05 13:16,IEMG,ETF,BUY,15,79.84
2026-07-05 13:16,IJH,ETF,SELL,13,76.09
2026-07-05 13:16,IJR,ETF,BUY,32,146.48
2026-07-05 13:16,VIG,ETF,BUY,24,238.62
2026-07-05 13:16,VYM,ETF,BUY,14,159.48
2026-07-05 13:16,SCHD,ETF,BUY,20,32.39
2026-07-05 13:16,XLK,ETF,BUY,15,180.59
2026-07-05 13:16,VT,ETF,SELL,15,156.17
2026-07-05 13:16,ACWI,ETF,SELL,15,156.15
2026-07-05 15:07,AAPL,Stock,BUY,29,308.63
2026-07-05 15:07,MSFT,Stock,SELL,13,390.49
2026-07-05 15:07,NVDA,Stock,SELL,22,194.83
2026-07-05 15:07,AMZN,Stock,BUY,12,242.67
2026-07-05 15:07,GOOGL,Stock,BUY,32,359.91
2026-07-05 15:07,GOOG,Stock,BUY,32,356.18
2026-07-05 15:07,TSLA,Stock,SELL,14,393.45
2026-07-05 15:07,META,Stock,SELL,13,582.9
2026-07-05 15:07,ADBE,Stock,SELL,16,219.72
2026-07-05 15:07,AMD,Stock,BUY,15,517.82
2026-07-05 15:07,INTC,Stock,BUY,16,120.35
2026-07-05 15:07,CSCO,Stock,BUY,18,112.69
2026-07-05 15:07,QCOM,Stock,SELL,16,176.25
2026-07-05 15:08,CRM,Stock,SELL,13,166.11
2026-07-05 15:08,AVGO,Stock,SELL,14,360.45
2026-07-05 15:08,ORCL,Stock,SELL,29,140.27
2026-07-05 15:08,IBM,Stock,BUY,7,289.52
2026-07-05 15:08,TXN,Stock,BUY,19,293.08
2026-07-05 15:08,AMGN,Stock,BUY,31,374.15
2026-07-05 15:08,HON,Stock,SELL,15,229.86
2026-07-05 15:08,PEP,Stock,BUY,13,144.22
2026-07-05 15:08,KO,Stock,BUY,31,84.14
2026-07-05 15:08,MCD,Stock,BUY,17,280.63
2026-07-05 15:08,WMT,Stock,SELL,5,111.84
2026-07-05 15:08,CAT,Stock,BUY,17,963.53
2026-07-05 15:08,JNJ,Stock,BUY,40,263.04
2026-07-05 15:08,V,Stock,SELL,29,362.13
2026-07-05 15:08,HD,Stock,BUY,38,357.9
2026-07-05 15:08,BAC,Stock,BUY,34,58.73
2026-07-05 15:08,JPM,Stock,BUY,27,334.47
2026-07-05 15:08,UNH,Stock,BUY,20,425.36
2026-07-05 15:08,CVX,Stock,SELL,20,169.2
2026-07-05 15:08,XOM,Stock,SELL,31,137.09
2026-07-05 15:08,NFLX,Stock,SELL,17,77.65
2026-07-05 15:08,LMT,Stock,BUY,18,545.91
2026-07-05 15:08,BLK,Stock,SELL,16,995.73
2026-07-05 15:08,SPGI,Stock,SELL,20,439.89
2026-07-05 15:08,MS,Stock,SELL,15,213.93
2026-07-05 15:08,RTX,Stock,BUY,15,199.25
2026-07-05 15:08,SPY,ETF,SELL,15,744.78
2026-07-05 15:08,VOO,ETF,SELL,15,684.84
2026-07-05 15:08,IVV,ETF,SELL,15,748.43
2026-07-05 15:08,VTI,ETF,SELL,15,368.76
2026-07-05 15:08,QQQ,ETF,BUY,14,712.6
2026-07-05 15:08,VUG,ETF,BUY,16,85.5
2026-07-05 15:08,VEA,ETF,BUY,13,70.81
2026-07-05 15:08,VTV,ETF,BUY,18,219.17
2026-07-05 15:08,IEFA,ETF,BUY,13,97.3
2026-07-05 15:08,AGG,ETF,SELL,19,98.61
2026-07-05 15:08,IEMG,ETF,BUY,15,79.84
2026-07-05 15:08,IJH,ETF,SELL,13,76.09
2026-07-05 15:08,IJR,ETF,BUY,32,146.48
2026-07-05 15:08,VIG,ETF,BUY,24,238.62
2026-07-05 15:08,VYM,ETF,BUY,14,159.48
2026-07-05 15:08,SCHD,ETF,BUY,20,32.39
2026-07-05 15:08,XLK,ETF,BUY,15,180.59
2026-07-05 15:08,VT,ETF,SELL,15,156.17
2026-07-05 15:08,ACWI,ETF,SELL,15,156.15
2026-07-05 17:00,AAPL,Stock,BUY,29,308.63
2026-07-05 17:00,MSFT,Stock,SELL,13,390.49
2026-07-05 17:00,NVDA,Stock,SELL,22,194.83
2026-07-05 17:00,AMZN,Stock,BUY,12,242.67
2026-07-05 17:00,GOOGL,Stock,BUY,32,359.91
2026-07-05 17:00,GOOG,Stock,BUY,32,356.18
2026-07-05 17:00,TSLA,Stock,SELL,14,393.45
2026-07-05 17:00,META,Stock,SELL,13,582.9
2026-07-05 17:00,ADBE,Stock,SELL,16,219.72
2026-07-05 17:00,AMD,Stock,BUY,15,517.82
2026-07-05 17:00,INTC,Stock,BUY,16,120.35
2026-07-05 17:00,CSCO,Stock,BUY,18,112.69
2026-07-05 17:00,QCOM,Stock,SELL,16,176.25
2026-07-05 17:00,CRM,Stock,SELL,13,166.11
2026-07-05 17:00,AVGO,Stock,SELL,14,360.45
2026-07-05 17:00,ORCL,Stock,SELL,29,140.27
2026-07-05 17:00,IBM,Stock,BUY,7,289.52
2026-07-05 17:00,TXN,Stock,BUY,19,293.08
2026-07-05 17:00,AMGN,Stock,BUY,31,374.15
2026-07-05 17:00,HON,Stock,SELL,15,229.86
2026-07-05 17:00,PEP,Stock,BUY,13,144.22
2026-07-05 17:00,KO,Stock,BUY,31,84.14
2026-07-05 17:00,MCD,Stock,BUY,17,280.63
2026-07-05 17:00,WMT,Stock,SELL,5,111.84
2026-07-05 17:00,CAT,Stock,BUY,17,963.53
2026-07-05 17:00,JNJ,Stock,BUY,40,263.04
2026-07-05 17:00,V,Stock,SELL,29,362.13
2026-07-05 17:00,HD,Stock,BUY,38,357.9
2026-07-05 17:00,BAC,Stock,BUY,34,58.73
2026-07-05 17:00,JPM,Stock,BUY,27,334.47
2026-07-05 17:00,UNH,Stock,BUY,20,425.36
2026-07-05 17:00,CVX,Stock,SELL,20,169.2
2026-07-05 17:00,XOM,Stock,SELL,31,137.09
2026-07-05 17:00,NFLX,Stock,SELL,17,77.65
2026-07-05 17:00,LMT,Stock,BUY,18,545.91
2026-07-05 17:00,BLK,Stock,SELL,16,995.73
2026-07-05 17:00,SPGI,Stock,SELL,20,439.89
2026-07-05 17:00,MS,Stock,SELL,15,213.93
2026-07-05 17:00,RTX,Stock,BUY,15,199.25
2026-07-05 17:00,SPY,ETF,SELL,15,744.78
2026-07-05 17:00,VOO,ETF,SELL,15,684.84
2026-07-05 17:00,IVV,ETF,SELL,15,748.43
2026-07-05 17:00,VTI,ETF,SELL,15,368.76
2026-07-05 17:00,QQQ,ETF,BUY,14,712.6
2026-07-05 17:00,VUG,ETF,BUY,16,85.5
2026-07-05 17:00,VEA,ETF,BUY,13,70.81
2026-07-05 17:00,VTV,ETF,BUY,18,219.17
2026-07-05 17:00,IEFA,ETF,BUY,13,97.3
2026-07-05 17:00,AGG,ETF,SELL,19,98.61
2026-07-05 17:00,IEMG,ETF,BUY,15,79.84
2026-07-05 17:00,IJH,ETF,SELL,13,76.09
2026-07-05 17:00,IJR,ETF,BUY,32,146.48
2026-07-05 17:00,VIG,ETF,BUY,24,238.62
2026-07-05 17:00,VYM,ETF,BUY,14,159.48
2026-07-05 17:00,SCHD,ETF,BUY,20,32.39
2026-07-05 17:00,XLK,ETF,BUY,15,180.59
2026-07-05 17:00,VT,ETF,SELL,15,156.17
2026-07-05 17:00,ACWI,ETF,SELL,15,156.15
2026-07-05 18:09,AAPL,Stock,BUY,29,308.63
2026-07-05 18:09,MSFT,Stock,SELL,13,390.49
2026-07-05 18:09,NVDA,Stock,SELL,22,194.83
2026-07-05 18:09,AMZN,Stock,BUY,12,242.67
2026-07-05 18:09,GOOGL,Stock,BUY,32,359.91
2026-07-05 18:09,GOOG,Stock,BUY,32,356.18
2026-07-05 18:09,TSLA,Stock,SELL,14,393.45
2026-07-05 18:09,META,Stock,SELL,13,582.9
2026-07-05 18:09,ADBE,Stock,SELL,16,219.72
2026-07-05 18:09,AMD,Stock,BUY,15,517.82
2026-07-05 18:09,INTC,Stock,BUY,16,120.35
2026-07-05 18:09,CSCO,Stock,BUY,18,112.69
2026-07-05 18:09,QCOM,Stock,SELL,16,176.25
2026-07-05 18:09,CRM,Stock,SELL,13,166.11
2026-07-05 18:09,AVGO,Stock,SELL,14,360.45
2026-07-05 18:09,ORCL,Stock,SELL,29,140.27
2026-07-05 18:09,IBM,Stock,BUY,7,289.52
2026-07-05 18:09,TXN,Stock,BUY,19,293.08
2026-07-05 18:09,AMGN,Stock,BUY,31,374.15
2026-07-05 18:09,HON,Stock,SELL,15,229.86
2026-07-05 18:09,PEP,Stock,BUY,13,144.22
2026-07-05 18:09,KO,Stock,BUY,31,84.14
2026-07-05 18:09,MCD,Stock,BUY,17,280.63
2026-07-05 18:09,WMT,Stock,SELL,5,111.84
2026-07-05 18:09,CAT,Stock,BUY,17,963.53
2026-07-05 18:09,JNJ,Stock,BUY,40,263.04
2026-07-05 18:09,V,Stock,SELL,29,362.13
2026-07-05 18:09,HD,Stock,BUY,38,357.9
2026-07-05 18:09,BAC,Stock,BUY,34,58.73
2026-07-05 18:09,JPM,Stock,BUY,27,334.47
2026-07-05 18:09,UNH,Stock,BUY,20,425.36
2026-07-05 18:09,CVX,Stock,SELL,20,169.2
2026-07-05 18:09,XOM,Stock,SELL,31,137.09
2026-07-05 18:09,NFLX,Stock,SELL,17,77.65
2026-07-05 18:09,LMT,Stock,BUY,18,545.91
2026-07-05 18:09,BLK,Stock,SELL,16,995.73
2026-07-05 18:09,SPGI,Stock,SELL,20,439.89
2026-07-05 18:09,MS,Stock,SELL,15,213.93
2026-07-05 18:09,RTX,Stock,BUY,15,199.25
2026-07-05 18:09,SPY,ETF,SELL,15,744.78
2026-07-05 18:09,VOO,ETF,SELL,15,684.84
2026-07-05 18:09,IVV,ETF,SELL,15,748.43
2026-07-05 18:09,VTI,ETF,SELL,15,368.76
2026-07-05 18:09,QQQ,ETF,BUY,14,712.6
2026-07-05 18:09,VUG,ETF,BUY,16,85.5
2026-07-05 18:09,VEA,ETF,BUY,13,70.81
2026-07-05 18:09,VTV,ETF,BUY,18,219.17
2026-07-05 18:09,IEFA,ETF,BUY,13,97.3
2026-07-05 18:09,AGG,ETF,SELL,19,98.61
2026-07-05 18:09,IEMG,ETF,BUY,15,79.84
2026-07-05 18:09,IJH,ETF,SELL,13,76.09
2026-07-05 18:09,IJR,ETF,BUY,32,146.48
2026-07-05 18:09,VIG,ETF,BUY,24,238.62
2026-07-05 18:09,VYM,ETF,BUY,14,159.48
2026-07-05 18:09,SCHD,ETF,BUY,20,32.39
2026-07-05 18:09,XLK,ETF,BUY,15,180.59
2026-07-05 18:09,VT,ETF,SELL,15,156.17
2026-07-05 18:09,ACWI,ETF,SELL,15,156.15
2026-07-05 20:08,AAPL,Stock,BUY,29,308.63
2026-07-05 20:08,MSFT,Stock,SELL,13,390.49
2026-07-05 20:08,NVDA,Stock,SELL,22,194.83
2026-07-05 20:08,AMZN,Stock,BUY,12,242.67
2026-07-05 20:08,GOOGL,Stock,BUY,32,359.91
2026-07-05 20:08,GOOG,Stock,BUY,32,356.18
2026-07-05 20:08,TSLA,Stock,SELL,14,393.45
2026-07-05 20:08,META,Stock,SELL,13,582.9
2026-07-05 20:08,ADBE,Stock,SELL,16,219.72
2026-07-05 20:08,AMD,Stock,BUY,15,517.82
2026-07-05 20:08,INTC,Stock,BUY,16,120.35
2026-07-05 20:08,CSCO,Stock,BUY,18,112.69
2026-07-05 20:08,QCOM,Stock,SELL,16,176.25
2026-07-05 20:08,CRM,Stock,SELL,13,166.11
2026-07-05 20:08,AVGO,Stock,SELL,14,360.45
2026-07-05 20:08,ORCL,Stock,SELL,29,140.27
2026-07-05 20:08,IBM,Stock,BUY,7,289.52
2026-07-05 20:08,TXN,Stock,BUY,19,293.08
2026-07-05 20:08,AMGN,Stock,BUY,31,374.15
2026-07-05 20:08,HON,Stock,SELL,15,229.86
2026-07-05 20:08,PEP,Stock,BUY,13,144.22
2026-07-05 20:08,KO,Stock,BUY,31,84.14
2026-07-05 20:08,MCD,Stock,BUY,17,280.63
2026-07-05 20:09,WMT,Stock,SELL,5,111.84
2026-07-05 20:09,CAT,Stock,BUY,17,963.53
2026-07-05 20:09,JNJ,Stock,BUY,40,263.04
2026-07-05 20:09,V,Stock,SELL,29,362.13
2026-07-05 20:09,HD,Stock,BUY,38,357.9
2026-07-05 20:09,BAC,Stock,BUY,34,58.73
2026-07-05 20:09,JPM,Stock,BUY,27,334.47
2026-07-05 20:09,UNH,Stock,BUY,20,425.36
2026-07-05 20:09,CVX,Stock,SELL,20,169.2
2026-07-05 20:09,XOM,Stock,SELL,31,137.09
2026-07-05 20:09,NFLX,Stock,SELL,17,77.65
2026-07-05 20:09,LMT,Stock,BUY,18,545.91
2026-07-05 20:09,BLK,Stock,SELL,16,995.73
2026-07-05 20:09,SPGI,Stock,SELL,20,439.89
2026-07-05 20:09,MS,Stock,SELL,15,213.93
2026-07-05 20:09,RTX,Stock,BUY,15,199.25
2026-07-05 20:09,SPY,ETF,SELL,15,744.78
2026-07-05 20:09,VOO,ETF,SELL,15,684.84
2026-07-05 20:09,IVV,ETF,SELL,15,748.43
2026-07-05 20:09,VTI,ETF,SELL,15,368.76
2026-07-05 20:09,QQQ,ETF,BUY,14,712.6
2026-07-05 20:09,VUG,ETF,BUY,16,85.5
2026-07-05 20:09,VEA,ETF,BUY,13,70.81
2026-07-05 20:09,VTV,ETF,BUY,18,219.17
2026-07-05 20:09,IEFA,ETF,BUY,13,97.3
2026-07-05 20:09,AGG,ETF,SELL,19,98.61
2026-07-05 20:09,IEMG,ETF,BUY,15,79.84
2026-07-05 20:09,IJH,ETF,SELL,13,76.09
2026-07-05 20:09,IJR,ETF,BUY,32,146.48
2026-07-05 20:09,VIG,ETF,BUY,24,238.62
2026-07-05 20:09,VYM,ETF,BUY,14,159.48
2026-07-05 20:09,SCHD,ETF,BUY,20,32.39
2026-07-05 20:09,XLK,ETF,BUY,15,180.59
2026-07-05 20:09,VT,ETF,SELL,15,156.17
2026-07-05 20:09,ACWI,ETF,SELL,15,156.15
2026-07-05 21:55,AAPL,Stock,BUY,29,308.63
2026-07-05 21:55,MSFT,Stock,SELL,13,390.49
2026-07-05 21:55,NVDA,Stock,SELL,22,194.83
2026-07-05 21:55,AMZN,Stock,BUY,12,242.67
2026-07-05 21:55,GOOGL,Stock,BUY,32,359.91
2026-07-05 21:55,GOOG,Stock,BUY,32,356.18
2026-07-05 21:55,TSLA,Stock,SELL,14,393.45
2026-07-05 21:55,META,Stock,SELL,13,582.9
2026-07-05 21:55,ADBE,Stock,SELL,16,219.72
2026-07-05 21:55,AMD,Stock,BUY,15,517.82
2026-07-05 21:55,INTC,Stock,BUY,16,120.35
2026-07-05 21:55,CSCO,Stock,BUY,18,112.69
2026-07-05 21:55,QCOM,Stock,SELL,16,176.25
2026-07-05 21:55,CRM,Stock,SELL,13,166.11
2026-07-05 21:55,AVGO,Stock,SELL,14,360.45
2026-07-05 21:55,ORCL,Stock,SELL,29,140.27
2026-07-05 21:55,IBM,Stock,BUY,7,289.52
2026-07-05 21:55,TXN,Stock,BUY,19,293.08
2026-07-05 21:55,AMGN,Stock,BUY,31,374.15
2026-07-05 21:55,HON,Stock,SELL,15,229.86
2026-07-05 21:55,PEP,Stock,BUY,13,144.22
2026-07-05 21:55,KO,Stock,BUY,31,84.14
2026-07-05 21:55,MCD,Stock,BUY,17,280.63
2026-07-05 21:55,WMT,Stock,SELL,5,111.84
2026-07-05 21:55,CAT,Stock,BUY,17,963.53
2026-07-05 21:55,JNJ,Stock,BUY,40,263.04
2026-07-05 21:55,V,Stock,SELL,29,362.13
2026-07-05 21:55,HD,Stock,BUY,38,357.9
2026-07-05 21:55,BAC,Stock,BUY,34,58.73
2026-07-05 21:55,JPM,Stock,BUY,27,334.47
2026-07-05 21:55,UNH,Stock,BUY,20,425.36
2026-07-05 21:55,CVX,Stock,SELL,20,169.2
2026-07-05 21:55,XOM,Stock,SELL,31,137.09
2026-07-05 21:55,NFLX,Stock,SELL,17,77.65
2026-07-05 21:55,LMT,Stock,BUY,18,545.91
2026-07-05 21:55,BLK,Stock,SELL,16,995.73
2026-07-05 21:55,SPGI,Stock,SELL,20,439.89
2026-07-05 21:55,MS,Stock,SELL,15,213.93
2026-07-05 21:55,RTX,Stock,BUY,15,199.25
2026-07-05 21:55,SPY,ETF,SELL,15,744.78
2026-07-05 21:55,VOO,ETF,SELL,15,684.84
2026-07-05 21:55,IVV,ETF,SELL,15,748.43
2026-07-05 21:55,VTI,ETF,SELL,15,368.76
2026-07-05 21:55,QQQ,ETF,BUY,14,712.6
2026-07-05 21:55,VUG,ETF,BUY,16,85.5
2026-07-05 21:55,VEA,ETF,BUY,13,70.81
2026-07-05 21:55,VTV,ETF,BUY,18,219.17
2026-07-05 21:55,IEFA,ETF,BUY,13,97.3
2026-07-05 21:55,AGG,ETF,SELL,19,98.61
2026-07-05 21:55,IEMG,ETF,BUY,15,79.84
2026-07-05 21:55,IJH,ETF,SELL,13,76.09
2026-07-05 21:55,IJR,ETF,BUY,32,146.48
2026-07-05 21:55,VIG,ETF,BUY,24,238.62
2026-07-05 21:55,VYM,ETF,BUY,14,159.48
2026-07-05 21:55,SCHD,ETF,BUY,20,32.39
2026-07-05 21:55,XLK,ETF,BUY,15,180.59
2026-07-05 21:55,VT,ETF,SELL,15,156.17
2026-07-05 21:55,ACWI,ETF,SELL,15,156.15
2026-07-05 22:55,AAPL,Stock,BUY,29,308.63
2026-07-05 22:55,MSFT,Stock,SELL,13,390.49
2026-07-05 22:55,NVDA,Stock,SELL,22,194.83
2026-07-05 22:55,AMZN,Stock,BUY,12,242.67
2026-07-05 22:55,GOOGL,Stock,BUY,32,359.91
2026-07-05 22:55,GOOG,Stock,BUY,32,356.18
2026-07-05 22:55,TSLA,Stock,SELL,14,393.45
2026-07-05 22:55,META,Stock,SELL,13,582.9
2026-07-05 22:55,ADBE,Stock,SELL,16,219.72
2026-07-05 22:55,AMD,Stock,BUY,15,517.82
2026-07-05 22:55,INTC,Stock,BUY,16,120.35
2026-07-05 22:55,CSCO,Stock,BUY,18,112.69
2026-07-05 22:55,QCOM,Stock,SELL,16,176.25
2026-07-05 22:55,CRM,Stock,SELL,13,166.11
2026-07-05 22:55,AVGO,Stock,SELL,14,360.45
2026-07-05 22:55,ORCL,Stock,SELL,29,140.27
2026-07-05 22:55,IBM,Stock,BUY,7,289.52
2026-07-05 22:55,TXN,Stock,BUY,19,293.08
2026-07-05 22:55,AMGN,Stock,BUY,31,374.15
2026-07-05 22:55,HON,Stock,SELL,15,229.86
2026-07-05 22:55,PEP,Stock,BUY,13,144.22
2026-07-05 22:55,KO,Stock,BUY,31,84.14
2026-07-05 22:55,MCD,Stock,BUY,17,280.63
2026-07-05 22:55,WMT,Stock,SELL,5,111.84
2026-07-05 22:55,CAT,Stock,BUY,17,963.53
2026-07-05 22:55,JNJ,Stock,BUY,40,263.04
2026-07-05 22:55,V,Stock,SELL,29,362.13
2026-07-05 22:55,HD,Stock,BUY,38,357.9
2026-07-05 22:55,BAC,Stock,BUY,34,58.73
2026-07-05 22:55,JPM,Stock,BUY,27,334.47
2026-07-05 22:55,UNH,Stock,BUY,20,425.36
2026-07-05 22:55,CVX,Stock,SELL,20,169.2
2026-07-05 22:55,XOM,Stock,SELL,31,137.09
2026-07-05 22:55,NFLX,Stock,SELL,17,77.65
2026-07-05 22:55,LMT,Stock,BUY,18,545.91
2026-07-05 22:55,BLK,Stock,SELL,16,995.73
2026-07-05 22:55,SPGI,Stock,SELL,20,439.89
2026-07-05 22:55,MS,Stock,SELL,15,213.93
2026-07-05 22:55,RTX,Stock,BUY,15,199.25
2026-07-05 22:55,SPY,ETF,SELL,15,744.78
2026-07-05 22:55,VOO,ETF,SELL,15,684.84
2026-07-05 22:55,IVV,ETF,SELL,15,748.43
2026-07-05 22:55,VTI,ETF,SELL,15,368.76
2026-07-05 22:55,QQQ,ETF,BUY,14,712.6
2026-07-05 22:55,VUG,ETF,BUY,16,85.5
2026-07-05 22:55,VEA,ETF,BUY,13,70.81
2026-07-05 22:56,VTV,ETF,BUY,18,219.17
2026-07-05 22:56,IEFA,ETF,BUY,13,97.3
2026-07-05 22:56,AGG,ETF,SELL,19,98.61
2026-07-05 22:56,IEMG,ETF,BUY,15,79.84
2026-07-05 22:56,IJH,ETF,SELL,13,76.09
2026-07-05 22:56,IJR,ETF,BUY,32,146.48
2026-07-05 22:56,VIG,ETF,BUY,24,238.62
2026-07-05 22:56,VYM,ETF,BUY,14,159.48
2026-07-05 22:56,SCHD,ETF,BUY,20,32.39
2026-07-05 22:56,XLK,ETF,BUY,15,180.59
2026-07-05 22:56,VT,ETF,SELL,15,156.17
2026-07-05 22:56,ACWI,ETF,SELL,15,156.15
2026-07-06 00:00,AAPL,Stock,BUY,29,308.63
2026-07-06 00:00,MSFT,Stock,SELL,13,390.49
2026-07-06 00:00,NVDA,Stock,SELL,22,194.83
2026-07-06 00:00,AMZN,Stock,BUY,12,242.67
2026-07-06 00:00,GOOGL,Stock,BUY,32,359.91
2026-07-06 00:00,GOOG,Stock,BUY,32,356.18
2026-07-06 00:00,TSLA,Stock,SELL,14,393.45
2026-07-06 00:00,META,Stock,SELL,13,582.9
2026-07-06 00:00,ADBE,Stock,SELL,16,219.72
2026-07-06 00:00,AMD,Stock,BUY,15,517.82
2026-07-06 00:00,INTC,Stock,BUY,16,120.35
2026-07-06 00:00,CSCO,Stock,BUY,18,112.69
2026-07-06 00:00,QCOM,Stock,SELL,16,176.25
2026-07-06 00:00,CRM,Stock,SELL,13,166.11
2026-07-06 00:00,AVGO,Stock,SELL,14,360.45
2026-07-06 00:00,ORCL,Stock,SELL,29,140.27
2026-07-06 00:00,IBM,Stock,BUY,7,289.52
2026-07-06 00:00,TXN,Stock,BUY,19,293.08
2026-07-06 00:00,AMGN,Stock,BUY,31,374.15
2026-07-06 00:00,HON,Stock,SELL,15,229.86
2026-07-06 00:00,PEP,Stock,BUY,13,144.22
2026-07-06 00:00,KO,Stock,BUY,31,84.14
2026-07-06 00:00,MCD,Stock,BUY,17,280.63
2026-07-06 00:00,WMT,Stock,SELL,5,111.84
2026-07-06 00:00,CAT,Stock,BUY,17,963.53
2026-07-06 00:00,JNJ,Stock,BUY,40,263.04
2026-07-06 00:00,V,Stock,SELL,29,362.13
2026-07-06 00:00,HD,Stock,BUY,38,357.9
2026-07-06 00:00,BAC,Stock,BUY,34,58.73
2026-07-06 00:00,JPM,Stock,BUY,27,334.47
2026-07-06 00:00,UNH,Stock,BUY,20,425.36
2026-07-06 00:00,CVX,Stock,SELL,20,169.2
2026-07-06 00:00,XOM,Stock,SELL,31,137.09
2026-07-06 00:00,NFLX,Stock,SELL,17,77.65
2026-07-06 00:00,LMT,Stock,BUY,18,545.91
2026-07-06 00:00,BLK,Stock,SELL,16,995.73
2026-07-06 00:00,SPGI,Stock,SELL,20,439.89
2026-07-06 00:00,MS,Stock,SELL,15,213.93
2026-07-06 00:00,RTX,Stock,BUY,15,199.25
2026-07-06 00:00,SPY,ETF,SELL,15,744.78
2026-07-06 00:00,VOO,ETF,SELL,15,684.84
2026-07-06 00:00,IVV,ETF,SELL,15,748.43
2026-07-06 00:00,VTI,ETF,SELL,15,368.76
2026-07-06 00:00,QQQ,ETF,BUY,14,712.6
2026-07-06 00:00,VUG,ETF,BUY,16,85.5
2026-07-06 00:00,VEA,ETF,BUY,13,70.81
2026-07-06 00:00,VTV,ETF,BUY,18,219.17
2026-07-06 00:00,IEFA,ETF,BUY,13,97.3
2026-07-06 00:00,AGG,ETF,SELL,19,98.61
2026-07-06 00:00,IEMG,ETF,BUY,15,79.84
2026-07-06 00:00,IJH,ETF,SELL,13,76.09
2026-07-06 00:00,IJR,ETF,BUY,32,146.48
2026-07-06 00:00,VIG,ETF,BUY,24,238.62
2026-07-06 00:00,VYM,ETF,BUY,14,159.48
2026-07-06 00:00,SCHD,ETF,BUY,20,32.39
2026-07-06 00:00,XLK,ETF,BUY,15,180.59
2026-07-06 00:00,VT,ETF,SELL,15,156.17
2026-07-06 00:00,ACWI,ETF,SELL,15,156.15
2026-07-06 05:04,AAPL,Stock,BUY,29,308.63
2026-07-06 05:04,MSFT,Stock,SELL,13,390.49
2026-07-06 05:04,NVDA,Stock,SELL,22,194.83
2026-07-06 05:04,AMZN,Stock,BUY,12,242.67
2026-07-06 05:04,GOOGL,Stock,BUY,32,359.91
2026-07-06 05:04,GOOG,Stock,BUY,32,356.18
2026-07-06 05:04,TSLA,Stock,SELL,14,393.45
2026-07-06 05:04,META,Stock,SELL,13,582.9
2026-07-06 05:04,ADBE,Stock,SELL,16,219.72
2026-07-06 05:04,AMD,Stock,BUY,15,517.82
2026-07-06 05:04,INTC,Stock,BUY,16,120.35
2026-07-06 05:04,CSCO,Stock,BUY,18,112.69
2026-07-06 05:04,QCOM,Stock,SELL,16,176.25
2026-07-06 05:04,CRM,Stock,SELL,13,166.11
2026-07-06 05:04,AVGO,Stock,SELL,14,360.45
2026-07-06 05:04,ORCL,Stock,SELL,29,140.27
2026-07-06 05:04,IBM,Stock,BUY,7,289.52
2026-07-06 05:04,TXN,Stock,BUY,19,293.08
2026-07-06 05:04,AMGN,Stock,BUY,31,374.15
2026-07-06 05:04,HON,Stock,SELL,15,229.86
2026-07-06 05:04,PEP,Stock,BUY,13,144.22
2026-07-06 05:04,KO,Stock,BUY,31,84.14
2026-07-06 05:04,MCD,Stock,BUY,17,280.63
2026-07-06 05:04,WMT,Stock,SELL,5,111.84
2026-07-06 05:04,CAT,Stock,BUY,17,963.53
2026-07-06 05:04,JNJ,Stock,BUY,40,263.04
2026-07-06 05:04,V,Stock,SELL,29,362.13
2026-07-06 05:04,HD,Stock,BUY,38,357.9
2026-07-06 05:04,BAC,Stock,BUY,34,58.73
2026-07-06 05:04,JPM,Stock,BUY,27,334.47
2026-07-06 05:04,UNH,Stock,BUY,20,425.36
2026-07-06 05:04,CVX,Stock,SELL,20,169.2
2026-07-06 05:04,XOM,Stock,SELL,31,137.09
2026-07-06 05:04,NFLX,Stock,SELL,17,77.65
2026-07-06 05:04,LMT,Stock,BUY,18,545.91
2026-07-06 05:04,BLK,Stock,SELL,16,995.73
2026-07-06 05:04,SPGI,Stock,SELL,20,439.89
2026-07-06 05:04,MS,Stock,SELL,15,213.93
2026-07-06 05:04,RTX,Stock,BUY,15,199.25
2026-07-06 05:04,SPY,ETF,SELL,15,744.78
2026-07-06 05:04,VOO,ETF,SELL,15,684.84
2026-07-06 05:04,IVV,ETF,SELL,15,748.43
2026-07-06 05:04,VTI,ETF,SELL,15,368.76
2026-07-06 05:04,QQQ,ETF,BUY,14,712.6
2026-07-06 05:04,VUG,ETF,BUY,16,85.5
2026-07-06 05:04,VEA,ETF,BUY,13,70.81
2026-07-06 05:04,VTV,ETF,BUY,18,219.17
2026-07-06 05:04,IEFA,ETF,BUY,13,97.3
2026-07-06 05:04,AGG,ETF,SELL,19,98.61
2026-07-06 05:04,IEMG,ETF,BUY,15,79.84
2026-07-06 05:04,IJH,ETF,SELL,13,76.09
2026-07-06 05:04,IJR,ETF,BUY,32,146.48
2026-07-06 05:04,VIG,ETF,BUY,24,238.62
2026-07-06 05:04,VYM,ETF,BUY,14,159.48
2026-07-06 05:04,SCHD,ETF,BUY,20,32.39
2026-07-06 05:04,XLK,ETF,BUY,15,180.59
2026-07-06 05:04,VT,ETF,SELL,15,156.17
2026-07-06 05:04,ACWI,ETF,SELL,15,156.15
2026-07-06 10:01,AAPL,Stock,BUY,29,308.63
2026-07-06 10:01,MSFT,Stock,SELL,13,390.49
2026-07-06 10:01,NVDA,Stock,SELL,22,194.83
2026-07-06 10:01,AMZN,Stock,BUY,12,242.67
2026-07-06 10:01,GOOGL,Stock,BUY,32,359.91
2026-07-06 10:01,GOOG,Stock,BUY,32,356.18
2026-07-06 10:01,TSLA,Stock,SELL,14,393.45
2026-07-06 10:01,META,Stock,SELL,13,582.9
2026-07-06 10:01,ADBE,Stock,SELL,16,219.72
2026-07-06 10:01,AMD,Stock,BUY,15,517.82
2026-07-06 10:01,INTC,Stock,BUY,16,120.35
2026-07-06 10:01,CSCO,Stock,BUY,18,112.69
2026-07-06 10:01,QCOM,Stock,SELL,16,176.25
2026-07-06 10:01,CRM,Stock,SELL,13,166.11
2026-07-06 10:01,AVGO,Stock,SELL,14,360.45
2026-07-06 10:01,ORCL,Stock,SELL,29,140.27
2026-07-06 10:01,IBM,Stock,BUY,7,289.52
2026-07-06 10:01,TXN,Stock,BUY,19,293.08
2026-07-06 10:01,AMGN,Stock,BUY,31,374.15
2026-07-06 10:01,HON,Stock,SELL,15,229.86
2026-07-06 10:01,PEP,Stock,BUY,13,144.22
2026-07-06 10:01,KO,Stock,BUY,31,84.14
2026-07-06 10:01,MCD,Stock,BUY,17,280.63
2026-07-06 10:01,WMT,Stock,SELL,5,111.84
2026-07-06 10:01,CAT,Stock,BUY,17,963.53
2026-07-06 10:01,JNJ,Stock,BUY,40,263.04
2026-07-06 10:01,V,Stock,SELL,29,362.13
2026-07-06 10:01,HD,Stock,BUY,38,357.9
2026-07-06 10:01,BAC,Stock,BUY,34,58.73
2026-07-06 10:01,JPM,Stock,BUY,27,334.47
2026-07-06 10:01,UNH,Stock,BUY,20,425.36
2026-07-06 10:01,CVX,Stock,SELL,20,169.2
2026-07-06 10:01,XOM,Stock,SELL,31,137.09
2026-07-06 10:01,NFLX,Stock,SELL,17,77.65
2026-07-06 10:01,LMT,Stock,BUY,18,545.91
2026-07-06 10:01,BLK,Stock,SELL,16,995.73
2026-07-06 10:01,SPGI,Stock,SELL,20,439.89
2026-07-06 10:01,MS,Stock,SELL,15,213.93
2026-07-06 10:01,RTX,Stock,BUY,15,199.25
2026-07-06 10:01,SPY,ETF,SELL,15,744.78
2026-07-06 10:01,VOO,ETF,SELL,15,684.84
2026-07-06 10:01,IVV,ETF,SELL,15,748.43
2026-07-06 10:01,VTI,ETF,SELL,15,368.76
2026-07-06 10:01,QQQ,ETF,BUY,14,712.6
2026-07-06 10:01,VUG,ETF,BUY,16,85.5
2026-07-06 10:01,VEA,ETF,BUY,13,70.81
2026-07-06 10:01,VTV,ETF,BUY,18,219.17
2026-07-06 10:01,IEFA,ETF,BUY,13,97.3
2026-07-06 10:01,AGG,ETF,SELL,19,98.61
2026-07-06 10:01,IEMG,ETF,BUY,15,79.84
2026-07-06 10:01,IJH,ETF,SELL,13,76.09
2026-07-06 10:01,IJR,ETF,BUY,32,146.48
2026-07-06 10:01,VIG,ETF,BUY,24,238.62
2026-07-06 10:01,VYM,ETF,BUY,14,159.48
2026-07-06 10:01,SCHD,ETF,BUY,20,32.39
2026-07-06 10:01,XLK,ETF,BUY,15,180.59
2026-07-06 10:01,VT,ETF,SELL,15,156.17
2026-07-06 10:01,ACWI,ETF,SELL,15,156.15
2026-07-06 14:22,AAPL,Stock,BUY,29,311.07
2026-07-06 14:22,MSFT,Stock,SELL,14,383.86
2026-07-06 14:22,NVDA,Stock,SELL,21,196.04
2026-07-06 14:22,AMZN,Stock,BUY,15,242.65
2026-07-06 14:22,GOOGL,Stock,BUY,32,359.51
2026-07-06 14:22,GOOG,Stock,BUY,32,356.38
2026-07-06 14:22,TSLA,Stock,SELL,15,404.92
2026-07-06 14:22,META,Stock,SELL,12,586.47
2026-07-06 14:22,ADBE,Stock,SELL,16,213.61
2026-07-06 14:22,AMD,Stock,BUY,16,568.54
2026-07-06 14:22,INTC,Stock,BUY,16,126.93
2026-07-06 14:22,CSCO,Stock,BUY,18,114.66
2026-07-06 14:22,QCOM,Stock,SELL,16,186.2
2026-07-06 14:22,CRM,Stock,BUY,18,163.86
2026-07-06 14:22,AVGO,Stock,SELL,14,379.45
2026-07-06 14:22,ORCL,Stock,SELL,28,142.46
2026-07-06 14:22,IBM,Stock,HOLD,0,296.22
2026-07-06 14:22,TXN,Stock,BUY,17,305.33
2026-07-06 14:22,AMGN,Stock,BUY,29,361.51
2026-07-06 14:22,HON,Stock,SELL,16,224.66
2026-07-06 14:22,PEP,Stock,SELL,14,141.5
2026-07-06 14:22,KO,Stock,BUY,31,82.89
2026-07-06 14:22,MCD,Stock,BUY,17,273.9
2026-07-06 14:22,WMT,Stock,SELL,4,110.68
2026-07-06 14:22,CAT,Stock,BUY,17,986.12
2026-07-06 14:22,JNJ,Stock,BUY,40,257.85
2026-07-06 14:22,V,Stock,BUY,34,352.19
2026-07-06 14:22,HD,Stock,BUY,28,347.32
2026-07-06 14:22,BAC,Stock,BUY,38,59.34
2026-07-06 14:22,JPM,Stock,BUY,29,336.23
2026-07-06 14:22,UNH,Stock,BUY,12,419.27
2026-07-06 14:22,CVX,Stock,SELL,28,168.37
2026-07-06 14:22,XOM,Stock,SELL,35,136.67
2026-07-06 14:22,NFLX,Stock,SELL,17,76.0
2026-07-06 14:22,LMT,Stock,BUY,18,538.01
2026-07-06 14:22,BLK,Stock,SELL,14,997.88
2026-07-06 14:22,SPGI,Stock,SELL,23,434.14
2026-07-06 14:22,MS,Stock,SELL,15,220.14
2026-07-06 14:22,RTX,Stock,BUY,13,199.41
2026-07-06 14:22,SPY,ETF,BUY,32,749.36
2026-07-06 14:22,VOO,ETF,BUY,32,688.85
2026-07-06 14:22,IVV,ETF,BUY,32,752.91
2026-07-06 14:22,VTI,ETF,BUY,27,370.98
2026-07-06 14:22,QQQ,ETF,BUY,12,724.07
2026-07-06 14:22,VUG,ETF,BUY,36,86.47
2026-07-06 14:22,VEA,ETF,BUY,12,71.64
2026-07-06 14:22,VTV,ETF,BUY,18,218.98
2026-07-06 14:22,IEFA,ETF,BUY,25,97.92
2026-07-06 14:22,AGG,ETF,SELL,20,98.54
2026-07-06 14:22,IEMG,ETF,BUY,14,82.0
2026-07-06 14:22,IJH,ETF,SELL,10,76.44
2026-07-06 14:22,IJR,ETF,BUY,30,147.02
2026-07-06 14:22,VIG,ETF,BUY,22,238.44
2026-07-06 14:22,VYM,ETF,BUY,13,159.85
2026-07-06 14:22,SCHD,ETF,BUY,20,32.1
2026-07-06 14:22,XLK,ETF,BUY,18,185.37
2026-07-06 14:22,VT,ETF,SELL,13,157.49
2026-07-06 14:22,ACWI,ETF,BUY,13,157.56
2026-07-06 17:36,AAPL,Stock,BUY,29,312.37
2026-07-06 17:36,MSFT,Stock,SELL,14,385.86
2026-07-06 17:36,NVDA,Stock,SELL,21,195.9
2026-07-06 17:36,AMZN,Stock,BUY,15,245.65
2026-07-06 17:36,GOOGL,Stock,BUY,32,364.7
2026-07-06 17:36,GOOG,Stock,BUY,32,362.05
2026-07-06 17:36,TSLA,Stock,SELL,15,415.38
2026-07-06 17:36,META,Stock,SELL,12,593.81
2026-07-06 17:36,ADBE,Stock,SELL,16,218.95
2026-07-06 17:36,AMD,Stock,BUY,16,553.72
2026-07-06 17:36,INTC,Stock,BUY,16,122.93
2026-07-06 17:36,CSCO,Stock,BUY,18,114.15
2026-07-06 17:36,QCOM,Stock,SELL,16,185.84
2026-07-06 17:36,CRM,Stock,BUY,18,167.3
2026-07-06 17:36,AVGO,Stock,SELL,14,375.2
2026-07-06 17:36,ORCL,Stock,SELL,28,144.25
2026-07-06 17:36,IBM,Stock,SELL,13,298.62
2026-07-06 17:36,TXN,Stock,BUY,17,302.52
2026-07-06 17:36,AMGN,Stock,BUY,29,365.07
2026-07-06 17:36,HON,Stock,SELL,16,227.75
2026-07-06 17:36,PEP,Stock,SELL,14,142.91
2026-07-06 17:36,KO,Stock,BUY,31,83.04
2026-07-06 17:36,MCD,Stock,BUY,17,277.45
2026-07-06 17:36,WMT,Stock,SELL,4,110.45
2026-07-06 17:36,CAT,Stock,BUY,17,971.28
2026-07-06 17:36,JNJ,Stock,BUY,40,258.83
2026-07-06 17:36,V,Stock,BUY,34,356.27
2026-07-06 17:36,HD,Stock,BUY,31,351.36
2026-07-06 17:36,BAC,Stock,BUY,38,59.68
2026-07-06 17:36,JPM,Stock,BUY,29,336.53
2026-07-06 17:36,UNH,Stock,BUY,12,417.9
2026-07-06 17:36,CVX,Stock,SELL,28,168.17
2026-07-06 17:36,XOM,Stock,SELL,35,136.91
2026-07-06 17:36,NFLX,Stock,SELL,17,76.38
2026-07-06 17:36,LMT,Stock,BUY,18,538.9
2026-07-06 17:36,BLK,Stock,SELL,14,1004.34
2026-07-06 17:36,SPGI,Stock,BUY,14,445.36
2026-07-06 17:36,MS,Stock,SELL,15,220.4
2026-07-06 17:37,RTX,Stock,BUY,13,200.7
2026-07-06 17:37,SPY,ETF,BUY,32,750.34
2026-07-06 17:37,VOO,ETF,BUY,32,689.67
2026-07-06 17:37,IVV,ETF,BUY,32,753.81
2026-07-06 17:37,VTI,ETF,BUY,27,371.36
2026-07-06 17:37,QQQ,ETF,BUY,12,721.99
2026-07-06 17:37,VUG,ETF,BUY,36,86.58
2026-07-06 17:37,VEA,ETF,BUY,12,71.76
2026-07-06 17:37,VTV,ETF,BUY,18,219.25
2026-07-06 17:37,IEFA,ETF,BUY,25,98.21
2026-07-06 17:37,AGG,ETF,SELL,20,98.57
2026-07-06 17:37,IEMG,ETF,BUY,14,81.94
2026-07-06 17:37,IJH,ETF,SELL,10,76.38
2026-07-06 17:37,IJR,ETF,BUY,30,146.99
2026-07-06 17:37,VIG,ETF,BUY,22,238.77
2026-07-06 17:37,VYM,ETF,BUY,13,159.97
2026-07-06 17:37,SCHD,ETF,BUY,20,32.24
2026-07-06 17:37,XLK,ETF,BUY,18,183.59
2026-07-06 17:37,VT,ETF,SELL,13,157.67
2026-07-06 17:37,ACWI,ETF,BUY,13,157.76
2026-07-06 19:45,AAPL,Stock,BUY,29,313.67
2026-07-06 19:45,MSFT,Stock,SELL,14,386.9
2026-07-06 19:45,NVDA,Stock,SELL,21,196.77
2026-07-06 19:45,AMZN,Stock,BUY,15,245.15
2026-07-06 19:45,GOOGL,Stock,BUY,32,367.49
2026-07-06 19:45,GOOG,Stock,BUY,32,365.18
2026-07-06 19:45,TSLA,Stock,BUY,15,417.53
2026-07-06 19:45,META,Stock,SELL,12,602.85
2026-07-06 19:45,ADBE,Stock,SELL,16,218.13
2026-07-06 19:45,AMD,Stock,BUY,16,558.33
2026-07-06 19:45,INTC,Stock,BUY,16,123.43
2026-07-06 19:45,CSCO,Stock,BUY,18,113.99
2026-07-06 19:45,QCOM,Stock,SELL,16,186.34
2026-07-06 19:45,CRM,Stock,BUY,18,166.01
2026-07-06 19:45,AVGO,Stock,SELL,14,376.74
2026-07-06 19:45,ORCL,Stock,SELL,28,143.99
2026-07-06 19:45,IBM,Stock,SELL,13,300.21
2026-07-06 19:45,TXN,Stock,BUY,17,304.36
2026-07-06 19:45,AMGN,Stock,BUY,29,367.35
2026-07-06 19:45,HON,Stock,SELL,16,227.87
2026-07-06 19:45,PEP,Stock,SELL,14,143.09
2026-07-06 19:45,KO,Stock,BUY,31,82.95
2026-07-06 19:45,MCD,Stock,BUY,17,279.21
2026-07-06 19:45,WMT,Stock,SELL,4,110.67
2026-07-06 19:45,CAT,Stock,BUY,17,964.64
2026-07-06 19:45,JNJ,Stock,BUY,40,259.45
2026-07-06 19:45,V,Stock,BUY,34,356.93
2026-07-06 19:45,HD,Stock,BUY,31,350.11
2026-07-06 19:45,BAC,Stock,BUY,38,59.9
2026-07-06 19:45,JPM,Stock,BUY,29,337.75
2026-07-06 19:45,UNH,Stock,BUY,12,416.18
2026-07-06 19:45,CVX,Stock,SELL,28,168.38
2026-07-06 19:45,XOM,Stock,SELL,35,136.96
2026-07-06 19:45,NFLX,Stock,SELL,17,75.91
2026-07-06 19:45,LMT,Stock,BUY,18,536.19
2026-07-06 19:45,BLK,Stock,SELL,14,1008.61
2026-07-06 19:45,SPGI,Stock,BUY,14,445.79
2026-07-06 19:45,MS,Stock,SELL,15,221.53
2026-07-06 19:45,RTX,Stock,BUY,13,201.43
2026-07-06 19:45,SPY,ETF,BUY,32,752.22
2026-07-06 19:45,VOO,ETF,BUY,32,691.44
2026-07-06 19:46,IVV,ETF,BUY,32,755.73
2026-07-06 19:46,VTI,ETF,BUY,27,372.14
2026-07-06 19:46,QQQ,ETF,BUY,12,724.79
2026-07-06 19:46,VUG,ETF,BUY,36,86.89
2026-07-06 19:46,VEA,ETF,BUY,12,71.9
2026-07-06 19:46,VTV,ETF,BUY,18,219.44
2026-07-06 19:46,IEFA,ETF,BUY,25,98.37
2026-07-06 19:46,AGG,ETF,SELL,20,98.62
2026-07-06 19:46,IEMG,ETF,BUY,14,82.11
2026-07-06 19:46,IJH,ETF,SELL,10,76.4
2026-07-06 19:46,IJR,ETF,BUY,30,146.9
2026-07-06 19:46,VIG,ETF,BUY,22,239.1
2026-07-06 19:46,VYM,ETF,BUY,13,160.14
2026-07-06 19:46,SCHD,ETF,BUY,20,32.22
2026-07-06 19:46,XLK,ETF,BUY,18,184.31
2026-07-06 19:46,VT,ETF,SELL,13,157.98
2026-07-06 19:46,ACWI,ETF,BUY,26,158.09
2026-07-06 21:22,AAPL,Stock,BUY,29,312.66
2026-07-06 21:22,MSFT,Stock,SELL,14,386.74
2026-07-06 21:22,NVDA,Stock,SELL,21,195.55
2026-07-06 21:22,AMZN,Stock,BUY,15,244.16
2026-07-06 21:22,GOOGL,Stock,BUY,31,366.46
2026-07-06 21:22,GOOG,Stock,BUY,31,364.9
2026-07-06 21:22,TSLA,Stock,BUY,15,419.77
2026-07-06 21:22,META,Stock,SELL,13,600.29
2026-07-06 21:22,ADBE,Stock,SELL,16,218.07
2026-07-06 21:22,AMD,Stock,BUY,16,552.05
2026-07-06 21:22,INTC,Stock,BUY,15,122.2
2026-07-06 21:22,CSCO,Stock,BUY,19,113.98
2026-07-06 21:22,QCOM,Stock,SELL,16,186.48
2026-07-06 21:22,CRM,Stock,BUY,25,165.65
2026-07-06 21:22,AVGO,Stock,SELL,13,373.9
2026-07-06 21:22,ORCL,Stock,SELL,29,143.76
2026-07-06 21:22,IBM,Stock,SELL,12,299.52
2026-07-06 21:22,TXN,Stock,BUY,19,303.5
2026-07-06 21:22,AMGN,Stock,BUY,35,366.44
2026-07-06 21:23,HON,Stock,SELL,15,231.18
2026-07-06 21:23,PEP,Stock,SELL,16,143.29
2026-07-06 21:23,KO,Stock,BUY,31,82.96
2026-07-06 21:23,MCD,Stock,BUY,16,279.5
2026-07-06 21:23,WMT,Stock,SELL,5,110.65
2026-07-06 21:23,CAT,Stock,BUY,17,969.92
2026-07-06 21:23,JNJ,Stock,BUY,39,259.33
2026-07-06 21:23,V,Stock,BUY,32,357.25
2026-07-06 21:23,HD,Stock,BUY,31,350.65
2026-07-06 21:23,BAC,Stock,BUY,34,59.9
2026-07-06 21:23,JPM,Stock,BUY,27,337.72
2026-07-06 21:23,UNH,Stock,BUY,10,417.99
2026-07-06 21:23,CVX,Stock,SELL,30,168.1
2026-07-06 21:23,XOM,Stock,SELL,42,136.44
2026-07-06 21:23,NFLX,Stock,SELL,17,76.02
2026-07-06 21:23,LMT,Stock,BUY,18,538.0
2026-07-06 21:23,BLK,Stock,SELL,20,1011.21
2026-07-06 21:23,SPGI,Stock,SELL,22,447.22
2026-07-06 21:23,MS,Stock,SELL,16,222.1
2026-07-06 21:23,RTX,Stock,BUY,16,201.37
2026-07-06 21:23,SPY,ETF,BUY,27,751.28
2026-07-06 21:23,VOO,ETF,BUY,27,690.62
2026-07-06 21:23,IVV,ETF,BUY,27,754.76
2026-07-06 21:23,VTI,ETF,BUY,26,371.67
2026-07-06 21:23,QQQ,ETF,BUY,13,722.82
2026-07-06 21:23,VUG,ETF,BUY,40,86.68
2026-07-06 21:23,VEA,ETF,BUY,12,71.89
2026-07-06 21:23,VTV,ETF,BUY,18,219.44
2026-07-06 21:23,IEFA,ETF,BUY,26,98.31
2026-07-06 21:23,AGG,ETF,SELL,19,98.66
2026-07-06 21:23,IEMG,ETF,BUY,15,82.0
2026-07-06 21:23,IJH,ETF,SELL,13,76.42
2026-07-06 21:23,IJR,ETF,BUY,31,146.81
2026-07-06 21:23,VIG,ETF,BUY,23,239.03
2026-07-06 21:23,VYM,ETF,BUY,14,160.14
2026-07-06 21:23,SCHD,ETF,BUY,20,32.24
2026-07-06 21:23,XLK,ETF,BUY,18,183.57
2026-07-06 21:23,VT,ETF,SELL,15,157.81
2026-07-06 21:23,ACWI,ETF,BUY,27,157.97
2026-07-06 23:00,AAPL,Stock,BUY,29,312.66
2026-07-06 23:00,MSFT,Stock,SELL,14,386.74
2026-07-06 23:00,NVDA,Stock,SELL,21,195.55
2026-07-06 23:00,AMZN,Stock,BUY,15,244.16
2026-07-06 23:00,GOOGL,Stock,BUY,31,366.46
2026-07-06 23:00,GOOG,Stock,BUY,31,364.9
2026-07-06 23:00,TSLA,Stock,BUY,15,419.77
2026-07-06 23:00,META,Stock,SELL,13,600.29
2026-07-06 23:00,ADBE,Stock,SELL,16,218.07
2026-07-06 23:00,AMD,Stock,BUY,16,552.05
2026-07-06 23:00,INTC,Stock,BUY,15,122.2
2026-07-06 23:00,CSCO,Stock,BUY,19,113.98
2026-07-06 23:00,QCOM,Stock,SELL,16,186.48
2026-07-06 23:00,CRM,Stock,BUY,25,165.65
2026-07-06 23:00,AVGO,Stock,SELL,13,373.9
2026-07-06 23:00,ORCL,Stock,SELL,29,143.76
2026-07-06 23:00,IBM,Stock,SELL,12,299.52
2026-07-06 23:00,TXN,Stock,BUY,19,303.5
2026-07-06 23:00,AMGN,Stock,BUY,35,366.44
2026-07-06 23:00,HON,Stock,SELL,15,231.18
2026-07-06 23:00,PEP,Stock,SELL,16,143.29
2026-07-06 23:00,KO,Stock,BUY,31,82.96
2026-07-06 23:00,MCD,Stock,BUY,16,279.5
2026-07-06 23:00,WMT,Stock,SELL,5,110.65
2026-07-06 23:00,CAT,Stock,BUY,17,969.92
2026-07-06 23:00,JNJ,Stock,BUY,39,259.33
2026-07-06 23:00,V,Stock,BUY,32,357.25
2026-07-06 23:00,HD,Stock,BUY,31,350.65
2026-07-06 23:00,BAC,Stock,BUY,34,59.9
2026-07-06 23:00,JPM,Stock,BUY,27,337.72
2026-07-06 23:00,UNH,Stock,BUY,10,417.99
2026-07-06 23:00,CVX,Stock,SELL,30,168.1
2026-07-06 23:00,XOM,Stock,SELL,42,136.44
2026-07-06 23:00,NFLX,Stock,SELL,17,76.02
2026-07-06 23:00,LMT,Stock,BUY,18,538.0
2026-07-06 23:00,BLK,Stock,SELL,20,1011.21
2026-07-06 23:00,SPGI,Stock,SELL,22,447.22
2026-07-06 23:00,MS,Stock,SELL,16,222.1
2026-07-06 23:00,RTX,Stock,BUY,16,201.37
2026-07-06 23:00,SPY,ETF,BUY,27,751.28
2026-07-06 23:00,VOO,ETF,BUY,27,690.62
2026-07-06 23:00,IVV,ETF,BUY,27,754.76
2026-07-06 23:00,VTI,ETF,BUY,26,371.67
2026-07-06 23:00,QQQ,ETF,BUY,13,722.82
2026-07-06 23:00,VUG,ETF,BUY,40,86.68
2026-07-06 23:00,VEA,ETF,BUY,12,71.89
2026-07-06 23:00,VTV,ETF,BUY,18,219.44
2026-07-06 23:00,IEFA,ETF,BUY,26,98.31
2026-07-06 23:00,AGG,ETF,SELL,19,98.66
2026-07-06 23:00,IEMG,ETF,BUY,15,82.0
2026-07-06 23:00,IJH,ETF,SELL,13,76.42
2026-07-06 23:00,IJR,ETF,BUY,31,146.81
2026-07-06 23:00,VIG,ETF,BUY,23,239.03
2026-07-06 23:00,VYM,ETF,BUY,14,160.14
2026-07-06 23:00,SCHD,ETF,BUY,20,32.24
2026-07-06 23:00,XLK,ETF,BUY,18,183.57
2026-07-06 23:00,VT,ETF,SELL,15,157.81
2026-07-06 23:00,ACWI,ETF,BUY,27,157.97
2026-07-07 00:15,AAPL,Stock,BUY,29,312.66
2026-07-07 00:15,MSFT,Stock,SELL,14,386.74
2026-07-07 00:15,NVDA,Stock,SELL,21,195.55
2026-07-07 00:15,AMZN,Stock,BUY,15,244.16
2026-07-07 00:15,GOOGL,Stock,BUY,31,366.46
2026-07-07 00:15,GOOG,Stock,BUY,31,364.9
2026-07-07 00:15,TSLA,Stock,BUY,15,419.77
2026-07-07 00:15,META,Stock,SELL,13,600.29
2026-07-07 00:15,ADBE,Stock,SELL,16,218.07
2026-07-07 00:15,AMD,Stock,BUY,16,552.05
2026-07-07 00:15,INTC,Stock,BUY,15,122.2
2026-07-07 00:15,CSCO,Stock,BUY,19,113.98
2026-07-07 00:15,QCOM,Stock,SELL,16,186.48
2026-07-07 00:15,CRM,Stock,BUY,25,165.65
2026-07-07 00:15,AVGO,Stock,SELL,13,373.9
2026-07-07 00:15,ORCL,Stock,SELL,29,143.76
2026-07-07 00:15,IBM,Stock,SELL,12,299.52
2026-07-07 00:15,TXN,Stock,BUY,19,303.5
2026-07-07 00:15,AMGN,Stock,BUY,35,366.44
2026-07-07 00:15,HON,Stock,SELL,15,231.18
2026-07-07 00:15,PEP,Stock,SELL,16,143.29
2026-07-07 00:15,KO,Stock,BUY,31,82.96
2026-07-07 00:15,MCD,Stock,BUY,16,279.5
2026-07-07 00:15,WMT,Stock,SELL,5,110.65
2026-07-07 00:15,CAT,Stock,BUY,17,969.92
2026-07-07 00:15,JNJ,Stock,BUY,39,259.33
2026-07-07 00:15,V,Stock,BUY,32,357.25
2026-07-07 00:15,HD,Stock,BUY,31,350.65
2026-07-07 00:15,BAC,Stock,BUY,34,59.9
2026-07-07 00:15,JPM,Stock,BUY,27,337.72
2026-07-07 00:15,UNH,Stock,BUY,10,417.99
2026-07-07 00:15,CVX,Stock,SELL,30,168.1
2026-07-07 00:15,XOM,Stock,SELL,42,136.44
2026-07-07 00:15,NFLX,Stock,SELL,17,76.02
2026-07-07 00:15,LMT,Stock,BUY,18,538.0
2026-07-07 00:15,BLK,Stock,SELL,20,1011.21
2026-07-07 00:15,SPGI,Stock,SELL,22,447.22
2026-07-07 00:15,MS,Stock,SELL,16,222.1
2026-07-07 00:15,RTX,Stock,BUY,16,201.37
2026-07-07 00:15,SPY,ETF,BUY,27,751.28
2026-07-07 00:15,VOO,ETF,BUY,27,690.62
2026-07-07 00:15,IVV,ETF,BUY,27,754.76
2026-07-07 00:15,VTI,ETF,BUY,26,371.67
2026-07-07 00:15,QQQ,ETF,BUY,13,722.82
2026-07-07 00:15,VUG,ETF,BUY,40,86.68
2026-07-07 00:15,VEA,ETF,BUY,12,71.89
2026-07-07 00:15,VTV,ETF,BUY,18,219.44
2026-07-07 00:15,IEFA,ETF,BUY,26,98.31
2026-07-07 00:15,AGG,ETF,SELL,19,98.66
2026-07-07 00:15,IEMG,ETF,BUY,15,82.0
2026-07-07 00:15,IJH,ETF,SELL,13,76.42
2026-07-07 00:15,IJR,ETF,BUY,31,146.81
2026-07-07 00:15,VIG,ETF,BUY,23,239.03
2026-07-07 00:15,VYM,ETF,BUY,14,160.14
2026-07-07 00:15,SCHD,ETF,BUY,20,32.24
2026-07-07 00:15,XLK,ETF,BUY,18,183.57
2026-07-07 00:15,VT,ETF,SELL,15,157.81
2026-07-07 00:15,ACWI,ETF,BUY,27,157.97
2026-07-07 04:44,AAPL,Stock,BUY,29,312.66
2026-07-07 04:44,MSFT,Stock,SELL,14,386.74
2026-07-07 04:44,NVDA,Stock,SELL,21,195.55
2026-07-07 04:44,AMZN,Stock,BUY,15,244.16
2026-07-07 04:44,GOOGL,Stock,BUY,31,366.46
2026-07-07 04:44,GOOG,Stock,BUY,31,364.9
2026-07-07 04:44,TSLA,Stock,BUY,15,419.77
2026-07-07 04:44,META,Stock,SELL,13,600.29
2026-07-07 04:44,ADBE,Stock,SELL,16,218.07
2026-07-07 04:44,AMD,Stock,BUY,16,552.05
2026-07-07 04:44,INTC,Stock,BUY,15,122.2
2026-07-07 04:44,CSCO,Stock,BUY,19,113.98
2026-07-07 04:44,QCOM,Stock,SELL,16,186.48
2026-07-07 04:44,CRM,Stock,BUY,25,165.65
2026-07-07 04:44,AVGO,Stock,SELL,13,373.9
2026-07-07 04:44,ORCL,Stock,SELL,29,143.76
2026-07-07 04:44,IBM,Stock,SELL,12,299.52
2026-07-07 04:44,TXN,Stock,BUY,19,303.5
2026-07-07 04:44,AMGN,Stock,BUY,35,366.44
2026-07-07 04:44,HON,Stock,SELL,15,231.18
2026-07-07 04:44,PEP,Stock,SELL,16,143.29
2026-07-07 04:44,KO,Stock,BUY,31,82.96
2026-07-07 04:44,MCD,Stock,BUY,16,279.5
2026-07-07 04:44,WMT,Stock,SELL,5,110.65
2026-07-07 04:44,CAT,Stock,BUY,17,969.92
2026-07-07 04:44,JNJ,Stock,BUY,39,259.33
2026-07-07 04:44,V,Stock,BUY,32,357.25
2026-07-07 04:44,HD,Stock,BUY,31,350.65
2026-07-07 04:44,BAC,Stock,BUY,34,59.9
2026-07-07 04:44,JPM,Stock,BUY,27,337.72
2026-07-07 04:44,UNH,Stock,BUY,10,417.99
2026-07-07 04:44,CVX,Stock,SELL,30,168.1
2026-07-07 04:44,XOM,Stock,SELL,42,136.44
2026-07-07 04:44,NFLX,Stock,SELL,17,76.02
2026-07-07 04:44,LMT,Stock,BUY,18,538.0
2026-07-07 04:44,BLK,Stock,SELL,20,1011.21
2026-07-07 04:44,SPGI,Stock,SELL,22,447.22
2026-07-07 04:44,MS,Stock,SELL,16,222.1
2026-07-07 04:44,RTX,Stock,BUY,16,201.37
2026-07-07 04:44,SPY,ETF,BUY,27,751.28
2026-07-07 04:44,VOO,ETF,BUY,27,690.62
2026-07-07 04:44,IVV,ETF,BUY,27,754.76
2026-07-07 04:44,VTI,ETF,BUY,26,371.67
2026-07-07 04:44,QQQ,ETF,BUY,13,722.82
2026-07-07 04:44,VUG,ETF,BUY,40,86.68
2026-07-07 04:44,VEA,ETF,BUY,12,71.89
2026-07-07 04:44,VTV,ETF,BUY,18,219.44
2026-07-07 04:44,IEFA,ETF,BUY,26,98.31
2026-07-07 04:44,AGG,ETF,SELL,19,98.66
2026-07-07 04:44,IEMG,ETF,BUY,15,82.0
2026-07-07 04:44,IJH,ETF,SELL,13,76.42
2026-07-07 04:44,IJR,ETF,BUY,31,146.81
2026-07-07 04:44,VIG,ETF,BUY,23,239.03
2026-07-07 04:44,VYM,ETF,BUY,14,160.14
2026-07-07 04:44,SCHD,ETF,BUY,20,32.24
2026-07-07 04:44,XLK,ETF,BUY,18,183.57
2026-07-07 04:44,VT,ETF,SELL,15,157.81
2026-07-07 04:44,ACWI,ETF,BUY,27,157.97
2026-07-07 08:17,AAPL,Stock,BUY,29,312.66
2026-07-07 08:17,MSFT,Stock,SELL,14,386.74
2026-07-07 08:17,NVDA,Stock,SELL,21,195.55
2026-07-07 08:17,AMZN,Stock,BUY,15,244.16
2026-07-07 08:17,GOOGL,Stock,BUY,31,366.46
2026-07-07 08:17,GOOG,Stock,BUY,31,364.9
2026-07-07 08:17,TSLA,Stock,BUY,15,419.77
2026-07-07 08:17,META,Stock,SELL,13,600.29
2026-07-07 08:17,ADBE,Stock,SELL,16,218.07
2026-07-07 08:17,AMD,Stock,BUY,16,552.05
2026-07-07 08:17,INTC,Stock,BUY,15,122.2
2026-07-07 08:17,CSCO,Stock,BUY,19,113.98
2026-07-07 08:17,QCOM,Stock,SELL,16,186.48
2026-07-07 08:17,CRM,Stock,BUY,25,165.65
2026-07-07 08:17,AVGO,Stock,SELL,13,373.9
2026-07-07 08:17,ORCL,Stock,SELL,29,143.76
2026-07-07 08:17,IBM,Stock,SELL,12,299.52
2026-07-07 08:17,TXN,Stock,BUY,19,303.5
2026-07-07 08:17,AMGN,Stock,BUY,35,366.44
2026-07-07 08:17,HON,Stock,SELL,15,231.18
2026-07-07 08:17,PEP,Stock,SELL,16,143.29
2026-07-07 08:17,KO,Stock,BUY,31,82.96
2026-07-07 08:17,MCD,Stock,BUY,16,279.5
2026-07-07 08:17,WMT,Stock,SELL,5,110.65
2026-07-07 08:17,CAT,Stock,BUY,17,969.92
2026-07-07 08:17,JNJ,Stock,BUY,39,259.33
2026-07-07 08:17,V,Stock,BUY,32,357.25
2026-07-07 08:17,HD,Stock,BUY,31,350.65
2026-07-07 08:17,BAC,Stock,BUY,34,59.9
2026-07-07 08:17,JPM,Stock,BUY,27,337.72
2026-07-07 08:17,UNH,Stock,BUY,10,417.99
2026-07-07 08:17,CVX,Stock,SELL,30,168.1
2026-07-07 08:17,XOM,Stock,SELL,42,136.44
2026-07-07 08:17,NFLX,Stock,SELL,17,76.02
2026-07-07 08:17,LMT,Stock,BUY,18,538.0
2026-07-07 08:17,BLK,Stock,SELL,20,1011.21
2026-07-07 08:17,SPGI,Stock,SELL,22,447.22
2026-07-07 08:17,MS,Stock,SELL,16,222.1
2026-07-07 08:17,RTX,Stock,BUY,16,201.37
2026-07-07 08:17,SPY,ETF,BUY,27,751.28
2026-07-07 08:17,VOO,ETF,BUY,27,690.62
2026-07-07 08:17,IVV,ETF,BUY,27,754.76
2026-07-07 08:17,VTI,ETF,BUY,26,371.67
2026-07-07 08:17,QQQ,ETF,BUY,13,722.82
2026-07-07 08:17,VUG,ETF,BUY,40,86.68
2026-07-07 08:17,VEA,ETF,BUY,12,71.89
2026-07-07 08:17,VTV,ETF,BUY,18,219.44
2026-07-07 08:17,IEFA,ETF,BUY,26,98.31
2026-07-07 08:17,AGG,ETF,SELL,19,98.66
2026-07-07 08:17,IEMG,ETF,BUY,15,82.0
2026-07-07 08:17,IJH,ETF,SELL,13,76.42
2026-07-07 08:17,IJR,ETF,BUY,31,146.81
2026-07-07 08:17,VIG,ETF,BUY,23,239.03
2026-07-07 08:17,VYM,ETF,BUY,14,160.14
2026-07-07 08:17,SCHD,ETF,BUY,20,32.24
2026-07-07 08:17,XLK,ETF,BUY,18,183.57
2026-07-07 08:17,VT,ETF,SELL,15,157.81
2026-07-07 08:17,ACWI,ETF,BUY,27,157.97
2026-07-07 11:40,AAPL,Stock,BUY,29,312.66
2026-07-07 11:40,MSFT,Stock,SELL,14,386.74
2026-07-07 11:40,NVDA,Stock,SELL,21,195.55
2026-07-07 11:40,AMZN,Stock,BUY,15,244.16
2026-07-07 11:40,GOOGL,Stock,BUY,31,366.46
2026-07-07 11:40,GOOG,Stock,BUY,31,364.9
2026-07-07 11:40,TSLA,Stock,BUY,15,419.77
2026-07-07 11:40,META,Stock,SELL,13,600.29
2026-07-07 11:40,ADBE,Stock,SELL,16,218.07
2026-07-07 11:40,AMD,Stock,BUY,16,552.05
2026-07-07 11:40,INTC,Stock,BUY,15,122.2
2026-07-07 11:40,CSCO,Stock,BUY,19,113.98
2026-07-07 11:40,QCOM,Stock,SELL,16,186.48
2026-07-07 11:40,CRM,Stock,BUY,25,165.65
2026-07-07 11:40,AVGO,Stock,SELL,13,373.9
2026-07-07 11:40,ORCL,Stock,SELL,29,143.76
2026-07-07 11:40,IBM,Stock,SELL,12,299.52
2026-07-07 11:40,TXN,Stock,BUY,19,303.5
2026-07-07 11:40,AMGN,Stock,BUY,35,366.44
2026-07-07 11:40,HON,Stock,SELL,15,231.18
2026-07-07 11:40,PEP,Stock,SELL,16,143.29
2026-07-07 11:40,KO,Stock,BUY,31,82.96
2026-07-07 11:40,MCD,Stock,BUY,16,279.5
2026-07-07 11:40,WMT,Stock,SELL,5,110.65
2026-07-07 11:40,CAT,Stock,BUY,17,969.92
2026-07-07 11:40,JNJ,Stock,BUY,39,259.33
2026-07-07 11:40,V,Stock,BUY,32,357.25
2026-07-07 11:40,HD,Stock,BUY,31,350.65
2026-07-07 11:40,BAC,Stock,BUY,34,59.9
2026-07-07 11:40,JPM,Stock,BUY,27,337.72
2026-07-07 11:40,UNH,Stock,BUY,10,417.99
2026-07-07 11:40,CVX,Stock,SELL,30,168.1
2026-07-07 11:40,XOM,Stock,SELL,42,136.44
2026-07-07 11:40,NFLX,Stock,SELL,17,76.02
2026-07-07 11:40,LMT,Stock,BUY,18,538.0
2026-07-07 11:40,BLK,Stock,SELL,20,1011.21
2026-07-07 11:40,SPGI,Stock,SELL,22,447.22
2026-07-07 11:40,MS,Stock,SELL,16,222.1
2026-07-07 11:40,RTX,Stock,BUY,16,201.37
2026-07-07 11:40,SPY,ETF,BUY,27,751.28
2026-07-07 11:40,VOO,ETF,BUY,27,690.62
2026-07-07 11:40,IVV,ETF,BUY,27,754.76
2026-07-07 11:40,VTI,ETF,BUY,26,371.67
2026-07-07 11:40,QQQ,ETF,BUY,13,722.82
2026-07-07 11:40,VUG,ETF,BUY,40,86.68
2026-07-07 11:40,VEA,ETF,BUY,12,71.89
2026-07-07 11:40,VTV,ETF,BUY,18,219.44
2026-07-07 11:40,IEFA,ETF,BUY,26,98.31
2026-07-07 11:40,AGG,ETF,SELL,19,98.66
2026-07-07 11:40,IEMG,ETF,BUY,15,82.0
2026-07-07 11:40,IJH,ETF,SELL,13,76.42
2026-07-07 11:40,IJR,ETF,BUY,31,146.81
2026-07-07 11:40,VIG,ETF,BUY,23,239.03
2026-07-07 11:40,VYM,ETF,BUY,14,160.14
2026-07-07 11:40,SCHD,ETF,BUY,20,32.24
2026-07-07 11:40,XLK,ETF,BUY,18,183.57
2026-07-07 11:40,VT,ETF,SELL,15,157.81
2026-07-07 11:40,ACWI,ETF,BUY,27,157.97
2026-07-07 14:13,AAPL,Stock,BUY,29,311.73
2026-07-07 14:13,MSFT,Stock,SELL,14,393.02
2026-07-07 14:13,NVDA,Stock,SELL,21,193.19
2026-07-07 14:13,AMZN,Stock,BUY,15,247.14
2026-07-07 14:13,GOOGL,Stock,BUY,31,371.57
2026-07-07 14:13,GOOG,Stock,BUY,31,369.27
2026-07-07 14:13,TSLA,Stock,BUY,15,409.52
2026-07-07 14:13,META,Stock,SELL,13,612.05
2026-07-07 14:13,ADBE,Stock,SELL,16,221.44
2026-07-07 14:13,AMD,Stock,BUY,16,510.13
2026-07-07 14:13,INTC,Stock,BUY,14,111.19
2026-07-07 14:13,CSCO,Stock,BUY,19,113.44
2026-07-07 14:13,QCOM,Stock,SELL,16,181.96
2026-07-07 14:13,CRM,Stock,BUY,25,168.46
2026-07-07 14:13,AVGO,Stock,SELL,14,364.67
2026-07-07 14:13,ORCL,Stock,SELL,30,140.92
2026-07-07 14:13,IBM,Stock,SELL,12,301.7
2026-07-07 14:13,TXN,Stock,BUY,19,288.34
2026-07-07 14:13,AMGN,Stock,BUY,36,370.58
2026-07-07 14:13,HON,Stock,SELL,15,227.84
2026-07-07 14:13,PEP,Stock,SELL,30,148.26
2026-07-07 14:13,KO,Stock,BUY,32,85.18
2026-07-07 14:13,MCD,Stock,BUY,16,285.23
2026-07-07 14:13,WMT,Stock,SELL,10,113.2
2026-07-07 14:13,CAT,Stock,BUY,17,921.0
2026-07-07 14:13,JNJ,Stock,BUY,40,266.97
2026-07-07 14:13,V,Stock,BUY,33,354.28
2026-07-07 14:13,HD,Stock,BUY,30,348.98
2026-07-07 14:13,BAC,Stock,BUY,35,60.59
2026-07-07 14:13,JPM,Stock,BUY,28,341.06
2026-07-07 14:13,UNH,Stock,BUY,10,423.42
2026-07-07 14:13,CVX,Stock,SELL,28,171.91
2026-07-07 14:13,XOM,Stock,SELL,20,140.26
2026-07-07 14:13,NFLX,Stock,SELL,16,77.29
2026-07-07 14:13,LMT,Stock,BUY,18,539.47
2026-07-07 14:13,BLK,Stock,BUY,10,1014.28
2026-07-07 14:13,SPGI,Stock,BUY,18,443.22
2026-07-07 14:13,MS,Stock,SELL,16,222.68
2026-07-07 14:13,RTX,Stock,BUY,17,201.35
2026-07-07 14:13,SPY,ETF,BUY,27,747.69
2026-07-07 14:13,VOO,ETF,BUY,27,687.17
2026-07-07 14:13,IVV,ETF,BUY,27,751.23
2026-07-07 14:13,VTI,ETF,BUY,26,369.65
2026-07-07 14:13,QQQ,ETF,BUY,13,709.0
2026-07-07 14:13,VUG,ETF,BUY,40,85.8
2026-07-07 14:13,VEA,ETF,BUY,12,70.86
2026-07-07 14:13,VTV,ETF,BUY,18,219.88
2026-07-07 14:13,IEFA,ETF,BUY,26,97.36
2026-07-07 14:13,AGG,ETF,SELL,19,98.35
2026-07-07 14:13,IEMG,ETF,BUY,15,79.81
2026-07-07 14:13,IJH,ETF,SELL,13,75.5
2026-07-07 14:13,IJR,ETF,BUY,15,145.65
2026-07-07 14:13,VIG,ETF,BUY,23,239.31
2026-07-07 14:13,VYM,ETF,BUY,28,160.84
2026-07-07 14:13,SCHD,ETF,BUY,40,32.58
2026-07-07 14:13,XLK,ETF,BUY,18,177.86
2026-07-07 14:13,VT,ETF,SELL,15,156.47
2026-07-07 14:13,ACWI,ETF,BUY,27,156.61
2026-07-07 17:07,AAPL,Stock,BUY,29,312.75
2026-07-07 17:07,MSFT,Stock,SELL,14,393.53
2026-07-07 17:07,NVDA,Stock,SELL,20,198.33
2026-07-07 17:08,AMZN,Stock,BUY,15,245.43
2026-07-07 17:08,GOOGL,Stock,BUY,31,369.64
2026-07-07 17:08,GOOG,Stock,BUY,31,366.24
2026-07-07 17:08,TSLA,Stock,BUY,15,408.81
2026-07-07 17:08,META,Stock,SELL,13,605.21
2026-07-07 17:08,ADBE,Stock,SELL,16,227.84
2026-07-07 17:08,AMD,Stock,BUY,16,522.27
2026-07-07 17:08,INTC,Stock,BUY,14,112.0
2026-07-07 17:08,CSCO,Stock,BUY,19,112.87
2026-07-07 17:08,QCOM,Stock,SELL,16,183.51
2026-07-07 17:08,CRM,Stock,BUY,25,171.71
2026-07-07 17:08,AVGO,Stock,SELL,14,371.97
2026-07-07 17:08,ORCL,Stock,SELL,30,140.86
2026-07-07 17:08,IBM,Stock,SELL,12,310.8
2026-07-07 17:08,TXN,Stock,BUY,19,295.11
2026-07-07 17:08,AMGN,Stock,BUY,36,367.39
2026-07-07 17:08,HON,Stock,SELL,15,223.74
2026-07-07 17:08,PEP,Stock,SELL,15,145.61
2026-07-07 17:08,KO,Stock,BUY,32,84.04
2026-07-07 17:08,MCD,Stock,BUY,16,282.15
2026-07-07 17:08,WMT,Stock,SELL,10,111.68
2026-07-07 17:08,CAT,Stock,BUY,17,919.05
2026-07-07 17:08,JNJ,Stock,BUY,40,267.24
2026-07-07 17:08,V,Stock,BUY,33,349.68
2026-07-07 17:08,HD,Stock,BUY,30,345.05
2026-07-07 17:08,BAC,Stock,BUY,35,60.03
2026-07-07 17:08,JPM,Stock,BUY,28,337.13
2026-07-07 17:08,UNH,Stock,BUY,10,426.49
2026-07-07 17:08,CVX,Stock,SELL,28,171.34
2026-07-07 17:08,XOM,Stock,SELL,20,140.16
2026-07-07 17:08,NFLX,Stock,SELL,16,76.69
2026-07-07 17:08,LMT,Stock,BUY,18,534.68
2026-07-07 17:08,BLK,Stock,BUY,10,1007.42
2026-07-07 17:08,SPGI,Stock,BUY,18,442.78
2026-07-07 17:08,MS,Stock,SELL,16,222.43
2026-07-07 17:08,RTX,Stock,BUY,17,201.13
2026-07-07 17:08,SPY,ETF,BUY,27,749.25
2026-07-07 17:08,VOO,ETF,BUY,27,688.74
2026-07-07 17:08,IVV,ETF,BUY,27,752.78
2026-07-07 17:08,VTI,ETF,BUY,26,370.6
2026-07-07 17:08,QQQ,ETF,BUY,13,713.75
2026-07-07 17:08,VUG,ETF,BUY,40,86.29
2026-07-07 17:08,VEA,ETF,BUY,12,70.98
2026-07-07 17:08,VTV,ETF,BUY,18,219.43
2026-07-07 17:08,IEFA,ETF,BUY,26,97.39
2026-07-07 17:08,AGG,ETF,SELL,19,98.32
2026-07-07 17:08,IEMG,ETF,BUY,15,80.0
2026-07-07 17:08,IJH,ETF,SELL,13,75.72
2026-07-07 17:08,IJR,ETF,BUY,15,145.85
2026-07-07 17:08,VIG,ETF,BUY,23,238.98
2026-07-07 17:08,VYM,ETF,BUY,28,160.57
2026-07-07 17:08,SCHD,ETF,BUY,40,32.51
2026-07-07 17:08,XLK,ETF,BUY,18,180.68
2026-07-07 17:08,VT,ETF,SELL,15,156.77
2026-07-07 17:08,ACWI,ETF,BUY,27,156.87
2026-07-07 19:45,AAPL,Stock,BUY,29,311.82
2026-07-07 19:45,MSFT,Stock,SELL,14,389.25
2026-07-07 19:45,NVDA,Stock,SELL,20,196.01
2026-07-07 19:45,AMZN,Stock,BUY,15,245.75
2026-07-07 19:45,GOOGL,Stock,BUY,31,365.91
2026-07-07 19:45,GOOG,Stock,BUY,31,362.87
2026-07-07 19:45,TSLA,Stock,BUY,15,403.36
2026-07-07 19:45,META,Stock,SELL,13,614.46
2026-07-07 19:45,ADBE,Stock,SELL,16,222.4
2026-07-07 19:45,AMD,Stock,BUY,16,510.23
2026-07-07 19:45,INTC,Stock,BUY,14,109.32
2026-07-07 19:45,CSCO,Stock,BUY,38,111.77
2026-07-07 19:45,QCOM,Stock,SELL,16,180.62
2026-07-07 19:45,CRM,Stock,BUY,25,169.32
2026-07-07 19:45,AVGO,Stock,SELL,14,368.47
2026-07-07 19:45,ORCL,Stock,SELL,30,140.42
2026-07-07 19:45,IBM,Stock,SELL,12,307.71
2026-07-07 19:45,TXN,Stock,BUY,19,291.29
2026-07-07 19:45,AMGN,Stock,BUY,36,368.48
2026-07-07 19:45,HON,Stock,SELL,15,224.97
2026-07-07 19:45,PEP,Stock,SELL,15,144.95
2026-07-07 19:45,KO,Stock,BUY,32,84.29
2026-07-07 19:45,MCD,Stock,BUY,16,282.38
2026-07-07 19:45,WMT,Stock,SELL,10,111.58
2026-07-07 19:45,CAT,Stock,BUY,17,931.19
2026-07-07 19:45,JNJ,Stock,BUY,40,267.78
2026-07-07 19:45,V,Stock,BUY,33,351.97
2026-07-07 19:45,HD,Stock,BUY,30,345.09
2026-07-07 19:45,BAC,Stock,BUY,35,59.94
2026-07-07 19:45,JPM,Stock,BUY,28,338.98
2026-07-07 19:45,UNH,Stock,BUY,10,427.02
2026-07-07 19:45,CVX,Stock,SELL,28,174.31
2026-07-07 19:45,XOM,Stock,SELL,20,141.29
2026-07-07 19:45,NFLX,Stock,SELL,16,76.29
2026-07-07 19:45,LMT,Stock,BUY,18,533.99
2026-07-07 19:45,BLK,Stock,BUY,10,1010.33
2026-07-07 19:45,SPGI,Stock,BUY,18,440.78
2026-07-07 19:45,MS,Stock,SELL,16,221.85
2026-07-07 19:45,RTX,Stock,BUY,17,200.36
2026-07-07 19:45,SPY,ETF,BUY,27,746.64
2026-07-07 19:45,VOO,ETF,BUY,27,686.22
2026-07-07 19:45,IVV,ETF,BUY,27,750.1
2026-07-07 19:45,VTI,ETF,BUY,26,369.15
2026-07-07 19:45,QQQ,ETF,BUY,13,707.53
2026-07-07 19:45,VUG,ETF,BUY,40,85.73
2026-07-07 19:45,VEA,ETF,BUY,12,70.71
2026-07-07 19:45,VTV,ETF,BUY,18,219.41
2026-07-07 19:45,IEFA,ETF,BUY,26,97.0
2026-07-07 19:45,AGG,ETF,SELL,19,98.21
2026-07-07 19:45,IEMG,ETF,BUY,15,79.6
2026-07-07 19:45,IJH,ETF,SELL,13,75.46
2026-07-07 19:45,IJR,ETF,BUY,15,145.3
2026-07-07 19:45,VIG,ETF,BUY,23,238.69
2026-07-07 19:45,VYM,ETF,BUY,28,160.6
2026-07-07 19:45,SCHD,ETF,BUY,40,32.56
2026-07-07 19:45,XLK,ETF,BUY,18,178.44
2026-07-07 19:45,VT,ETF,SELL,15,156.14
2026-07-07 19:45,ACWI,ETF,SELL,14,156.26
2026-07-07 21:17,AAPL,Stock,BUY,26,310.66
2026-07-07 21:17,MSFT,Stock,SELL,13,388.84
2026-07-07 21:17,NVDA,Stock,SELL,25,196.93
2026-07-07 21:17,AMZN,Stock,BUY,16,245.98
2026-07-07 21:17,GOOGL,Stock,BUY,29,367.03
2026-07-07 21:17,GOOG,Stock,BUY,29,363.62
2026-07-07 21:17,TSLA,Stock,BUY,15,402.9
2026-07-07 21:17,META,Stock,SELL,12,615.58
2026-07-07 21:17,ADBE,Stock,SELL,15,221.54
2026-07-07 21:17,AMD,Stock,BUY,16,516.11
2026-07-07 21:17,INTC,Stock,BUY,15,110.39
2026-07-07 21:17,CSCO,Stock,BUY,36,111.79
2026-07-07 21:17,QCOM,Stock,SELL,16,182.97
2026-07-07 21:17,CRM,Stock,BUY,25,169.52
2026-07-07 21:17,AVGO,Stock,SELL,18,370.78
2026-07-07 21:17,ORCL,Stock,SELL,28,141.6
2026-07-07 21:17,IBM,Stock,SELL,13,306.13
2026-07-07 21:17,TXN,Stock,BUY,19,293.3
2026-07-07 21:17,AMGN,Stock,BUY,31,368.1
2026-07-07 21:17,HON,Stock,SELL,18,225.05
2026-07-07 21:17,PEP,Stock,SELL,14,144.98
2026-07-07 21:17,KO,Stock,BUY,30,84.05
2026-07-07 21:17,MCD,Stock,BUY,17,282.21
2026-07-07 21:17,WMT,Stock,SELL,10,111.54
2026-07-07 21:17,CAT,Stock,BUY,17,940.12
2026-07-07 21:17,JNJ,Stock,BUY,40,267.24
2026-07-07 21:17,V,Stock,BUY,33,352.2
2026-07-07 21:17,HD,Stock,BUY,28,345.21
2026-07-07 21:17,BAC,Stock,BUY,37,59.86
2026-07-07 21:17,JPM,Stock,BUY,30,339.22
2026-07-07 21:17,UNH,Stock,BUY,25,428.19
2026-07-07 21:17,CVX,Stock,SELL,27,174.01
2026-07-07 21:17,XOM,Stock,SELL,18,141.69
2026-07-07 21:17,NFLX,Stock,SELL,16,76.18
2026-07-07 21:17,LMT,Stock,BUY,18,535.38
2026-07-07 21:17,BLK,Stock,BUY,9,1009.43
2026-07-07 21:17,SPGI,Stock,SELL,11,443.46
2026-07-07 21:17,MS,Stock,SELL,16,222.04
2026-07-07 21:17,RTX,Stock,BUY,16,200.85
2026-07-07 21:17,SPY,ETF,BUY,27,747.71
2026-07-07 21:17,VOO,ETF,BUY,27,687.08
2026-07-07 21:17,IVV,ETF,BUY,27,751.08
2026-07-07 21:17,VTI,ETF,BUY,25,369.61
2026-07-07 21:17,QQQ,ETF,BUY,14,709.43
2026-07-07 21:17,VUG,ETF,BUY,34,85.88
2026-07-07 21:17,VEA,ETF,BUY,12,70.78
2026-07-07 21:17,VTV,ETF,BUY,18,219.57
2026-07-07 21:17,IEFA,ETF,BUY,25,97.01
2026-07-07 21:17,AGG,ETF,SELL,21,98.21
2026-07-07 21:17,IEMG,ETF,BUY,15,79.79
2026-07-07 21:17,IJH,ETF,SELL,12,75.47
2026-07-07 21:17,IJR,ETF,BUY,15,145.39
2026-07-07 21:17,VIG,ETF,BUY,22,238.88
2026-07-07 21:17,VYM,ETF,BUY,27,160.64
2026-07-07 21:17,SCHD,ETF,BUY,40,32.54
2026-07-07 21:17,XLK,ETF,BUY,14,179.18
2026-07-07 21:17,VT,ETF,SELL,15,156.34
2026-07-07 21:17,ACWI,ETF,SELL,15,156.46
2026-07-07 22:54,AAPL,Stock,BUY,26,310.66
2026-07-07 22:54,MSFT,Stock,SELL,13,388.84
2026-07-07 22:54,NVDA,Stock,SELL,25,196.93
2026-07-07 22:54,AMZN,Stock,BUY,16,245.98
2026-07-07 22:54,GOOGL,Stock,BUY,29,367.03
2026-07-07 22:54,GOOG,Stock,BUY,29,363.62
2026-07-07 22:54,TSLA,Stock,BUY,15,402.9
2026-07-07 22:54,META,Stock,SELL,12,615.58
2026-07-07 22:54,ADBE,Stock,SELL,15,221.54
2026-07-07 22:54,AMD,Stock,BUY,16,516.11
2026-07-07 22:54,INTC,Stock,BUY,15,110.39
2026-07-07 22:54,CSCO,Stock,BUY,36,111.79
2026-07-07 22:54,QCOM,Stock,SELL,16,182.97
2026-07-07 22:54,CRM,Stock,BUY,25,169.52
2026-07-07 22:54,AVGO,Stock,SELL,18,370.78
2026-07-07 22:54,ORCL,Stock,SELL,28,141.6
2026-07-07 22:54,IBM,Stock,SELL,13,306.13
2026-07-07 22:54,TXN,Stock,BUY,19,293.3
2026-07-07 22:54,AMGN,Stock,BUY,31,368.1
2026-07-07 22:54,HON,Stock,SELL,18,225.05
2026-07-07 22:54,PEP,Stock,SELL,14,144.98
2026-07-07 22:54,KO,Stock,BUY,30,84.05
2026-07-07 22:54,MCD,Stock,BUY,17,282.21
2026-07-07 22:54,WMT,Stock,SELL,10,111.54
2026-07-07 22:54,CAT,Stock,BUY,17,940.12
2026-07-07 22:54,JNJ,Stock,BUY,40,267.24
2026-07-07 22:54,V,Stock,BUY,33,352.2
2026-07-07 22:54,HD,Stock,BUY,28,345.21
2026-07-07 22:54,BAC,Stock,BUY,37,59.86
2026-07-07 22:54,JPM,Stock,BUY,30,339.22
2026-07-07 22:54,UNH,Stock,BUY,25,428.19
2026-07-07 22:54,CVX,Stock,SELL,27,174.01
2026-07-07 22:54,XOM,Stock,SELL,18,141.69
2026-07-07 22:54,NFLX,Stock,SELL,16,76.18
2026-07-07 22:54,LMT,Stock,BUY,18,535.38
2026-07-07 22:54,BLK,Stock,BUY,9,1009.43
2026-07-07 22:54,SPGI,Stock,SELL,11,443.46
2026-07-07 22:54,MS,Stock,SELL,16,222.04
2026-07-07 22:54,RTX,Stock,BUY,16,200.85
2026-07-07 22:54,SPY,ETF,BUY,27,747.71
2026-07-07 22:54,VOO,ETF,BUY,27,687.08
2026-07-07 22:54,IVV,ETF,BUY,27,751.08
2026-07-07 22:54,VTI,ETF,BUY,25,369.61
2026-07-07 22:54,QQQ,ETF,BUY,14,709.43
2026-07-07 22:54,VUG,ETF,BUY,34,85.88
2026-07-07 22:54,VEA,ETF,BUY,12,70.78
2026-07-07 22:54,VTV,ETF,BUY,18,219.57
2026-07-07 22:54,IEFA,ETF,BUY,25,97.01
2026-07-07 22:54,AGG,ETF,SELL,21,98.21
2026-07-07 22:54,IEMG,ETF,BUY,15,79.79
2026-07-07 22:54,IJH,ETF,SELL,12,75.47
2026-07-07 22:54,IJR,ETF,BUY,15,145.39
2026-07-07 22:54,VIG,ETF,BUY,22,238.88
2026-07-07 22:54,VYM,ETF,BUY,27,160.64
2026-07-07 22:54,SCHD,ETF,BUY,40,32.54
2026-07-07 22:54,XLK,ETF,BUY,14,179.18
2026-07-07 22:54,VT,ETF,SELL,15,156.34
2026-07-07 22:54,ACWI,ETF,SELL,15,156.46
2026-07-07 23:51,AAPL,Stock,BUY,26,310.66
2026-07-07 23:51,MSFT,Stock,SELL,13,388.84
2026-07-07 23:51,NVDA,Stock,SELL,25,196.93
2026-07-07 23:51,AMZN,Stock,BUY,16,245.98
2026-07-07 23:51,GOOGL,Stock,BUY,29,367.03
2026-07-07 23:51,GOOG,Stock,BUY,29,363.62
2026-07-07 23:51,TSLA,Stock,BUY,15,402.9
2026-07-07 23:51,META,Stock,SELL,12,615.58
2026-07-07 23:51,ADBE,Stock,SELL,15,221.54
2026-07-07 23:51,AMD,Stock,BUY,16,516.11
2026-07-07 23:51,INTC,Stock,BUY,15,110.39
2026-07-07 23:51,CSCO,Stock,BUY,36,111.79
2026-07-07 23:51,QCOM,Stock,SELL,16,182.97
2026-07-07 23:51,CRM,Stock,BUY,25,169.52
2026-07-07 23:51,AVGO,Stock,SELL,18,370.78
2026-07-07 23:51,ORCL,Stock,SELL,28,141.6
2026-07-07 23:51,IBM,Stock,SELL,13,306.13
2026-07-07 23:51,TXN,Stock,BUY,19,293.3
2026-07-07 23:51,AMGN,Stock,BUY,31,368.1
2026-07-07 23:51,HON,Stock,SELL,18,225.05
2026-07-07 23:51,PEP,Stock,SELL,14,144.98
2026-07-07 23:51,KO,Stock,BUY,30,84.05
2026-07-07 23:51,MCD,Stock,BUY,17,282.21
2026-07-07 23:51,WMT,Stock,SELL,10,111.54
2026-07-07 23:51,CAT,Stock,BUY,17,940.12
2026-07-07 23:51,JNJ,Stock,BUY,40,267.24
2026-07-07 23:51,V,Stock,BUY,33,352.2
2026-07-07 23:51,HD,Stock,BUY,28,345.21
2026-07-07 23:51,BAC,Stock,BUY,37,59.86
2026-07-07 23:51,JPM,Stock,BUY,30,339.22
2026-07-07 23:51,UNH,Stock,BUY,25,428.19
2026-07-07 23:51,CVX,Stock,SELL,27,174.01
2026-07-07 23:51,XOM,Stock,SELL,18,141.69
2026-07-07 23:51,NFLX,Stock,SELL,16,76.18
2026-07-07 23:52,LMT,Stock,BUY,18,535.38
2026-07-07 23:52,BLK,Stock,BUY,9,1009.43
2026-07-07 23:52,SPGI,Stock,SELL,11,443.46
2026-07-07 23:52,MS,Stock,SELL,16,222.04
2026-07-07 23:52,RTX,Stock,BUY,16,200.85
2026-07-07 23:52,SPY,ETF,BUY,27,747.71
2026-07-07 23:52,VOO,ETF,BUY,27,687.08
2026-07-07 23:52,IVV,ETF,BUY,27,751.08
2026-07-07 23:52,VTI,ETF,BUY,25,369.61
2026-07-07 23:52,QQQ,ETF,BUY,14,709.43
2026-07-07 23:52,VUG,ETF,BUY,34,85.88
2026-07-07 23:52,VEA,ETF,BUY,12,70.78
2026-07-07 23:52,VTV,ETF,BUY,18,219.57
2026-07-07 23:52,IEFA,ETF,BUY,25,97.01
2026-07-07 23:52,AGG,ETF,SELL,21,98.21
2026-07-07 23:52,IEMG,ETF,BUY,15,79.79
2026-07-07 23:52,IJH,ETF,SELL,12,75.47
2026-07-07 23:52,IJR,ETF,BUY,15,145.39
2026-07-07 23:52,VIG,ETF,BUY,22,238.88
2026-07-07 23:52,VYM,ETF,BUY,27,160.64
2026-07-07 23:52,SCHD,ETF,BUY,40,32.54
2026-07-07 23:52,XLK,ETF,BUY,14,179.18
2026-07-07 23:52,VT,ETF,SELL,15,156.34
2026-07-07 23:52,ACWI,ETF,SELL,15,156.46
2026-07-08 02:00,AAPL,Stock,BUY,26,310.66
2026-07-08 02:00,MSFT,Stock,SELL,13,388.84
2026-07-08 02:00,NVDA,Stock,SELL,25,196.93
2026-07-08 02:00,AMZN,Stock,BUY,16,245.98
2026-07-08 02:00,GOOGL,Stock,BUY,29,367.03
2026-07-08 02:00,GOOG,Stock,BUY,29,363.62
2026-07-08 02:00,TSLA,Stock,BUY,15,402.9
2026-07-08 02:00,META,Stock,SELL,12,615.58
2026-07-08 02:00,ADBE,Stock,SELL,15,221.54
2026-07-08 02:00,AMD,Stock,BUY,16,516.11
2026-07-08 02:00,INTC,Stock,BUY,15,110.39
2026-07-08 02:00,CSCO,Stock,BUY,36,111.79
2026-07-08 02:00,QCOM,Stock,SELL,16,182.97
2026-07-08 02:00,CRM,Stock,BUY,25,169.52
2026-07-08 02:00,AVGO,Stock,SELL,18,370.78
2026-07-08 02:00,ORCL,Stock,SELL,28,141.6
2026-07-08 02:00,IBM,Stock,SELL,13,306.13
2026-07-08 02:00,TXN,Stock,BUY,19,293.3
2026-07-08 02:00,AMGN,Stock,BUY,31,368.1
2026-07-08 02:00,HON,Stock,SELL,18,225.05
2026-07-08 02:00,PEP,Stock,SELL,14,144.98
2026-07-08 02:00,KO,Stock,BUY,30,84.05
2026-07-08 02:00,MCD,Stock,BUY,17,282.21
2026-07-08 02:00,WMT,Stock,SELL,10,111.54
2026-07-08 02:00,CAT,Stock,BUY,17,940.12
2026-07-08 02:00,JNJ,Stock,BUY,40,267.24
2026-07-08 02:00,V,Stock,BUY,33,352.2
2026-07-08 02:00,HD,Stock,BUY,28,345.21
2026-07-08 02:00,BAC,Stock,BUY,37,59.86
2026-07-08 02:00,JPM,Stock,BUY,30,339.22
2026-07-08 02:00,UNH,Stock,BUY,25,428.19
2026-07-08 02:00,CVX,Stock,SELL,27,174.01
2026-07-08 02:00,XOM,Stock,SELL,18,141.69
2026-07-08 02:00,NFLX,Stock,SELL,16,76.18
2026-07-08 02:00,LMT,Stock,BUY,18,535.38
2026-07-08 02:00,BLK,Stock,BUY,9,1009.43
2026-07-08 02:00,SPGI,Stock,SELL,11,443.46
2026-07-08 02:00,MS,Stock,SELL,16,222.04
2026-07-08 02:00,RTX,Stock,BUY,16,200.85
2026-07-08 02:00,SPY,ETF,BUY,27,747.71
2026-07-08 02:00,VOO,ETF,BUY,27,687.08
2026-07-08 02:00,IVV,ETF,BUY,27,751.08
2026-07-08 02:00,VTI,ETF,BUY,25,369.61
2026-07-08 02:00,QQQ,ETF,BUY,14,709.43
2026-07-08 02:00,VUG,ETF,BUY,34,85.88
2026-07-08 02:00,VEA,ETF,BUY,12,70.78
2026-07-08 02:00,VTV,ETF,BUY,18,219.57
2026-07-08 02:00,IEFA,ETF,BUY,25,97.01
2026-07-08 02:00,AGG,ETF,SELL,21,98.21
2026-07-08 02:00,IEMG,ETF,BUY,15,79.79
2026-07-08 02:00,IJH,ETF,SELL,12,75.47
2026-07-08 02:00,IJR,ETF,BUY,15,145.39
2026-07-08 02:00,VIG,ETF,BUY,22,238.88
2026-07-08 02:00,VYM,ETF,BUY,27,160.64
2026-07-08 02:00,SCHD,ETF,BUY,40,32.54
2026-07-08 02:00,XLK,ETF,BUY,14,179.18
2026-07-08 02:00,VT,ETF,SELL,15,156.34
2026-07-08 02:00,ACWI,ETF,SELL,15,156.46
2026-07-08 05:43,AAPL,Stock,BUY,26,310.66
2026-07-08 05:43,MSFT,Stock,SELL,13,388.84
2026-07-08 05:43,NVDA,Stock,SELL,25,196.93
2026-07-08 05:43,AMZN,Stock,BUY,16,245.98
2026-07-08 05:43,GOOGL,Stock,BUY,29,367.03
2026-07-08 05:43,GOOG,Stock,BUY,29,363.62
2026-07-08 05:43,TSLA,Stock,BUY,15,402.9
2026-07-08 05:43,META,Stock,SELL,12,615.58
2026-07-08 05:43,ADBE,Stock,SELL,15,221.54
2026-07-08 05:43,AMD,Stock,BUY,16,516.11
2026-07-08 05:43,INTC,Stock,BUY,15,110.39
2026-07-08 05:43,CSCO,Stock,BUY,36,111.79
2026-07-08 05:43,QCOM,Stock,SELL,16,182.97
2026-07-08 05:43,CRM,Stock,BUY,25,169.52
2026-07-08 05:43,AVGO,Stock,SELL,18,370.78
2026-07-08 05:43,ORCL,Stock,SELL,28,141.6
2026-07-08 05:43,IBM,Stock,SELL,13,306.13
2026-07-08 05:43,TXN,Stock,BUY,19,293.3
2026-07-08 05:43,AMGN,Stock,BUY,31,368.1
2026-07-08 05:43,HON,Stock,SELL,18,225.05
2026-07-08 05:43,PEP,Stock,SELL,14,144.98
2026-07-08 05:43,KO,Stock,BUY,30,84.05
2026-07-08 05:43,MCD,Stock,BUY,17,282.21
2026-07-08 05:43,WMT,Stock,SELL,10,111.54
2026-07-08 05:43,CAT,Stock,BUY,17,940.12
2026-07-08 05:43,JNJ,Stock,BUY,40,267.24
2026-07-08 05:43,V,Stock,BUY,33,352.2
2026-07-08 05:43,HD,Stock,BUY,28,345.21
2026-07-08 05:43,BAC,Stock,BUY,37,59.86
2026-07-08 05:43,JPM,Stock,BUY,30,339.22
2026-07-08 05:43,UNH,Stock,BUY,25,428.19
2026-07-08 05:43,CVX,Stock,SELL,27,174.01
2026-07-08 05:43,XOM,Stock,SELL,18,141.69
2026-07-08 05:43,NFLX,Stock,SELL,16,76.18
2026-07-08 05:43,LMT,Stock,BUY,18,535.38
2026-07-08 05:43,BLK,Stock,BUY,9,1009.43
2026-07-08 05:43,SPGI,Stock,SELL,11,443.46
2026-07-08 05:43,MS,Stock,SELL,16,222.04
2026-07-08 05:43,RTX,Stock,BUY,16,200.85
2026-07-08 05:43,SPY,ETF,BUY,27,747.71
2026-07-08 05:43,VOO,ETF,BUY,27,687.08
2026-07-08 05:43,IVV,ETF,BUY,27,751.08
2026-07-08 05:43,VTI,ETF,BUY,25,369.61
2026-07-08 05:43,QQQ,ETF,BUY,14,709.43
2026-07-08 05:43,VUG,ETF,BUY,34,85.88
2026-07-08 05:43,VEA,ETF,BUY,12,70.78
2026-07-08 05:43,VTV,ETF,BUY,18,219.57
2026-07-08 05:43,IEFA,ETF,BUY,25,97.01
2026-07-08 05:43,AGG,ETF,SELL,21,98.21
2026-07-08 05:43,IEMG,ETF,BUY,15,79.79
2026-07-08 05:43,IJH,ETF,SELL,12,75.47
2026-07-08 05:43,IJR,ETF,BUY,15,145.39
2026-07-08 05:43,VIG,ETF,BUY,22,238.88
2026-07-08 05:43,VYM,ETF,BUY,27,160.64
2026-07-08 05:43,SCHD,ETF,BUY,40,32.54
2026-07-08 05:43,XLK,ETF,BUY,14,179.18
2026-07-08 05:43,VT,ETF,SELL,15,156.34
2026-07-08 05:43,ACWI,ETF,SELL,15,156.46
2026-07-08 08:13,AAPL,Stock,BUY,26,310.66
2026-07-08 08:13,MSFT,Stock,SELL,13,388.84
2026-07-08 08:13,NVDA,Stock,SELL,25,196.93
2026-07-08 08:13,AMZN,Stock,BUY,16,245.98
2026-07-08 08:13,GOOGL,Stock,BUY,29,367.03
2026-07-08 08:13,GOOG,Stock,BUY,29,363.62
2026-07-08 08:13,TSLA,Stock,BUY,15,402.9
2026-07-08 08:13,META,Stock,SELL,12,615.58
2026-07-08 08:13,ADBE,Stock,SELL,15,221.54
2026-07-08 08:13,AMD,Stock,BUY,16,516.11
2026-07-08 08:13,INTC,Stock,BUY,15,110.39
2026-07-08 08:13,CSCO,Stock,BUY,36,111.79
2026-07-08 08:13,QCOM,Stock,SELL,16,182.97
2026-07-08 08:13,CRM,Stock,BUY,25,169.52
2026-07-08 08:13,AVGO,Stock,SELL,18,370.78
2026-07-08 08:13,ORCL,Stock,SELL,28,141.6
2026-07-08 08:13,IBM,Stock,SELL,13,306.13
2026-07-08 08:13,TXN,Stock,BUY,19,293.3
2026-07-08 08:13,AMGN,Stock,BUY,31,368.1
2026-07-08 08:13,HON,Stock,SELL,18,225.05
2026-07-08 08:13,PEP,Stock,SELL,14,144.98
2026-07-08 08:13,KO,Stock,BUY,30,84.05
2026-07-08 08:13,MCD,Stock,BUY,17,282.21
2026-07-08 08:13,WMT,Stock,SELL,10,111.54
2026-07-08 08:13,CAT,Stock,BUY,17,940.12
2026-07-08 08:13,JNJ,Stock,BUY,40,267.24
2026-07-08 08:13,V,Stock,BUY,33,352.2
2026-07-08 08:13,HD,Stock,BUY,28,345.21
2026-07-08 08:13,BAC,Stock,BUY,37,59.86
2026-07-08 08:13,JPM,Stock,BUY,30,339.22
2026-07-08 08:13,UNH,Stock,BUY,25,428.19
2026-07-08 08:13,CVX,Stock,SELL,27,174.01
2026-07-08 08:13,XOM,Stock,SELL,18,141.69
2026-07-08 08:13,NFLX,Stock,SELL,16,76.18
2026-07-08 08:13,LMT,Stock,BUY,18,535.38
2026-07-08 08:13,BLK,Stock,BUY,9,1009.43
2026-07-08 08:13,SPGI,Stock,SELL,11,443.46
2026-07-08 08:13,MS,Stock,SELL,16,222.04
2026-07-08 08:13,RTX,Stock,BUY,16,200.85
2026-07-08 08:13,SPY,ETF,BUY,27,747.71
2026-07-08 08:13,VOO,ETF,BUY,27,687.08
2026-07-08 08:13,IVV,ETF,BUY,27,751.08
2026-07-08 08:13,VTI,ETF,BUY,25,369.61
2026-07-08 08:13,QQQ,ETF,BUY,14,709.43
2026-07-08 08:13,VUG,ETF,BUY,34,85.88
2026-07-08 08:13,VEA,ETF,BUY,12,70.78
2026-07-08 08:13,VTV,ETF,BUY,18,219.57
2026-07-08 08:13,IEFA,ETF,BUY,25,97.01
2026-07-08 08:13,AGG,ETF,SELL,21,98.21
2026-07-08 08:13,IEMG,ETF,BUY,15,79.79
2026-07-08 08:13,IJH,ETF,SELL,12,75.47
2026-07-08 08:13,IJR,ETF,BUY,15,145.39
2026-07-08 08:13,VIG,ETF,BUY,22,238.88
2026-07-08 08:13,VYM,ETF,BUY,27,160.64
2026-07-08 08:13,SCHD,ETF,BUY,40,32.54
2026-07-08 08:13,XLK,ETF,BUY,14,179.18
2026-07-08 08:13,VT,ETF,SELL,15,156.34
2026-07-08 08:13,ACWI,ETF,SELL,15,156.46
2026-07-08 10:56,AAPL,Stock,BUY,26,310.66
2026-07-08 10:56,MSFT,Stock,SELL,13,388.84
2026-07-08 10:56,NVDA,Stock,SELL,25,196.93
2026-07-08 10:56,AMZN,Stock,BUY,16,245.98
2026-07-08 10:56,GOOGL,Stock,BUY,29,367.03
2026-07-08 10:56,GOOG,Stock,BUY,29,363.62
2026-07-08 10:56,TSLA,Stock,BUY,15,402.9
2026-07-08 10:56,META,Stock,SELL,12,615.58
2026-07-08 10:56,ADBE,Stock,SELL,15,221.54
2026-07-08 10:56,AMD,Stock,BUY,16,516.11
2026-07-08 10:56,INTC,Stock,BUY,15,110.39
2026-07-08 10:56,CSCO,Stock,BUY,36,111.79
2026-07-08 10:56,QCOM,Stock,SELL,16,182.97
2026-07-08 10:56,CRM,Stock,BUY,25,169.52
2026-07-08 10:56,AVGO,Stock,SELL,18,370.78
2026-07-08 10:56,ORCL,Stock,SELL,28,141.6
2026-07-08 10:56,IBM,Stock,SELL,13,306.13
2026-07-08 10:56,TXN,Stock,BUY,19,293.3
2026-07-08 10:56,AMGN,Stock,BUY,31,368.1
2026-07-08 10:56,HON,Stock,SELL,18,225.05
2026-07-08 10:56,PEP,Stock,SELL,14,144.98
2026-07-08 10:56,KO,Stock,BUY,30,84.05
2026-07-08 10:56,MCD,Stock,BUY,17,282.21
2026-07-08 10:56,WMT,Stock,SELL,10,111.54
2026-07-08 10:56,CAT,Stock,BUY,17,940.12
2026-07-08 10:56,JNJ,Stock,BUY,40,267.24
2026-07-08 10:56,V,Stock,BUY,33,352.2
2026-07-08 10:56,HD,Stock,BUY,28,345.21
2026-07-08 10:56,BAC,Stock,BUY,37,59.86
2026-07-08 10:56,JPM,Stock,BUY,30,339.22
2026-07-08 10:56,UNH,Stock,BUY,25,428.19
2026-07-08 10:56,CVX,Stock,SELL,27,174.01
2026-07-08 10:56,XOM,Stock,SELL,18,141.69
2026-07-08 10:56,NFLX,Stock,SELL,16,76.18
2026-07-08 10:56,LMT,Stock,BUY,18,535.38
2026-07-08 10:56,BLK,Stock,BUY,9,1009.43
2026-07-08 10:56,SPGI,Stock,SELL,11,443.46
2026-07-08 10:56,MS,Stock,SELL,16,222.04
2026-07-08 10:56,RTX,Stock,BUY,16,200.85
2026-07-08 10:56,SPY,ETF,BUY,27,747.71
2026-07-08 10:57,VOO,ETF,BUY,27,687.08
2026-07-08 10:57,IVV,ETF,BUY,27,751.08
2026-07-08 10:57,VTI,ETF,BUY,25,369.61
2026-07-08 10:57,QQQ,ETF,BUY,14,709.43
2026-07-08 10:57,VUG,ETF,BUY,34,85.88
2026-07-08 10:57,VEA,ETF,BUY,12,70.78
2026-07-08 10:57,VTV,ETF,BUY,18,219.57
2026-07-08 10:57,IEFA,ETF,BUY,25,97.01
2026-07-08 10:57,AGG,ETF,SELL,21,98.21
2026-07-08 10:57,IEMG,ETF,BUY,15,79.79
2026-07-08 10:57,IJH,ETF,SELL,12,75.47
2026-07-08 10:57,IJR,ETF,BUY,15,145.39
2026-07-08 10:57,VIG,ETF,BUY,22,238.88
2026-07-08 10:57,VYM,ETF,BUY,27,160.64
2026-07-08 10:57,SCHD,ETF,BUY,40,32.54
2026-07-08 10:57,XLK,ETF,BUY,14,179.18
2026-07-08 10:57,VT,ETF,SELL,15,156.34
2026-07-08 10:57,ACWI,ETF,SELL,15,156.46
2026-07-08 12:17,AAPL,Stock,BUY,26,310.66
2026-07-08 12:17,MSFT,Stock,SELL,13,388.84
2026-07-08 12:17,NVDA,Stock,SELL,25,196.93
2026-07-08 12:17,AMZN,Stock,BUY,16,245.98
2026-07-08 12:17,GOOGL,Stock,BUY,29,367.03
2026-07-08 12:17,GOOG,Stock,BUY,29,363.62
2026-07-08 12:17,TSLA,Stock,BUY,15,402.9
2026-07-08 12:17,META,Stock,SELL,12,615.58
2026-07-08 12:17,ADBE,Stock,SELL,15,221.54
2026-07-08 12:17,AMD,Stock,BUY,16,516.11
2026-07-08 12:17,INTC,Stock,BUY,15,110.39
2026-07-08 12:17,CSCO,Stock,BUY,36,111.79
2026-07-08 12:17,QCOM,Stock,SELL,16,182.97
2026-07-08 12:17,CRM,Stock,BUY,25,169.52
2026-07-08 12:17,AVGO,Stock,SELL,18,370.78
2026-07-08 12:17,ORCL,Stock,SELL,28,141.6
2026-07-08 12:17,IBM,Stock,SELL,13,306.13
2026-07-08 12:17,TXN,Stock,BUY,19,293.3
2026-07-08 12:17,AMGN,Stock,BUY,31,368.1
2026-07-08 12:17,HON,Stock,SELL,18,225.05
2026-07-08 12:17,PEP,Stock,SELL,14,144.98
2026-07-08 12:17,KO,Stock,BUY,30,84.05
2026-07-08 12:17,MCD,Stock,BUY,17,282.21
2026-07-08 12:17,WMT,Stock,SELL,10,111.54
2026-07-08 12:17,CAT,Stock,BUY,17,940.12
2026-07-08 12:17,JNJ,Stock,BUY,40,267.24
2026-07-08 12:17,V,Stock,BUY,33,352.2
2026-07-08 12:17,HD,Stock,BUY,28,345.21
2026-07-08 12:17,BAC,Stock,BUY,37,59.86
2026-07-08 12:17,JPM,Stock,BUY,30,339.22
2026-07-08 12:17,UNH,Stock,BUY,25,428.19
2026-07-08 12:17,CVX,Stock,SELL,27,174.01
2026-07-08 12:17,XOM,Stock,SELL,18,141.69
2026-07-08 12:17,NFLX,Stock,SELL,16,76.18
2026-07-08 12:17,LMT,Stock,BUY,18,535.38
2026-07-08 12:17,BLK,Stock,BUY,9,1009.43
2026-07-08 12:17,SPGI,Stock,SELL,11,443.46
2026-07-08 12:17,MS,Stock,SELL,16,222.04
2026-07-08 12:17,RTX,Stock,BUY,16,200.85
2026-07-08 12:17,SPY,ETF,BUY,27,747.71
2026-07-08 12:17,VOO,ETF,BUY,27,687.08
2026-07-08 12:17,IVV,ETF,BUY,27,751.08
2026-07-08 12:17,VTI,ETF,BUY,25,369.61
2026-07-08 12:17,QQQ,ETF,BUY,14,709.43
2026-07-08 12:17,VUG,ETF,BUY,34,85.88
2026-07-08 12:17,VEA,ETF,BUY,12,70.78
2026-07-08 12:17,VTV,ETF,BUY,18,219.57
2026-07-08 12:17,IEFA,ETF,BUY,25,97.01
2026-07-08 12:17,AGG,ETF,SELL,21,98.21
2026-07-08 12:17,IEMG,ETF,BUY,15,79.79
2026-07-08 12:17,IJH,ETF,SELL,12,75.47
2026-07-08 12:17,IJR,ETF,BUY,15,145.39
2026-07-08 12:17,VIG,ETF,BUY,22,238.88
2026-07-08 12:17,VYM,ETF,BUY,27,160.64
2026-07-08 12:17,SCHD,ETF,BUY,40,32.54
2026-07-08 12:17,XLK,ETF,BUY,14,179.18
2026-07-08 12:17,VT,ETF,SELL,15,156.34
2026-07-08 12:17,ACWI,ETF,SELL,15,156.46
2026-07-08 15:12,MSFT,Stock,SELL,13,382.88
2026-07-08 15:12,NVDA,Stock,SELL,25,197.66
2026-07-08 15:12,AMZN,Stock,BUY,16,241.55
2026-07-08 15:12,GOOGL,Stock,BUY,29,361.23
2026-07-08 15:12,GOOG,Stock,BUY,29,358.44
2026-07-08 15:12,TSLA,Stock,SELL,15,391.75
2026-07-08 15:12,META,Stock,SELL,11,602.42
2026-07-08 15:12,ADBE,Stock,SELL,15,219.88
2026-07-08 15:12,AMD,Stock,BUY,16,507.24
2026-07-08 15:12,INTC,Stock,BUY,14,106.18
2026-07-08 15:12,CSCO,Stock,BUY,18,112.47
2026-07-08 15:12,QCOM,Stock,SELL,16,183.66
2026-07-08 15:12,CRM,Stock,BUY,25,166.0
2026-07-08 15:12,AVGO,Stock,BUY,10,387.71
2026-07-08 15:12,ORCL,Stock,SELL,29,138.35
2026-07-08 15:12,IBM,Stock,BUY,3,301.42
2026-07-08 15:12,TXN,Stock,BUY,19,301.0
2026-07-08 15:12,AMGN,Stock,BUY,31,367.35
2026-07-08 15:12,HON,Stock,SELL,18,219.66
2026-07-08 15:12,PEP,Stock,SELL,14,144.37
2026-07-08 15:12,KO,Stock,BUY,30,84.23
2026-07-08 15:12,MCD,Stock,BUY,17,278.08
2026-07-08 15:12,WMT,Stock,SELL,13,113.0
2026-07-08 15:12,CAT,Stock,BUY,16,931.85
2026-07-08 15:12,JNJ,Stock,BUY,40,266.32
2026-07-08 15:12,V,Stock,BUY,34,347.17
2026-07-08 15:12,HD,Stock,SELL,100,333.77
2026-07-08 15:12,BAC,Stock,BUY,38,58.62
2026-07-08 15:12,JPM,Stock,BUY,15,332.77
2026-07-08 15:12,UNH,Stock,BUY,25,427.76
2026-07-08 15:12,CVX,Stock,BUY,16,178.12
2026-07-08 15:12,XOM,Stock,SELL,18,143.07
2026-07-08 15:12,NFLX,Stock,SELL,16,75.34
2026-07-08 15:12,LMT,Stock,BUY,18,529.09
2026-07-08 15:12,BLK,Stock,BUY,9,986.53
2026-07-08 15:12,SPGI,Stock,BUY,8,431.72
2026-07-08 15:12,MS,Stock,SELL,16,217.41
2026-07-08 15:12,RTX,Stock,BUY,17,196.98
2026-07-08 15:12,SPY,ETF,BUY,27,741.49
2026-07-08 15:12,VOO,ETF,BUY,13,681.49
2026-07-08 15:12,IVV,ETF,BUY,27,745.01
2026-07-08 15:12,VTI,ETF,SELL,15,366.31
2026-07-08 15:12,QQQ,ETF,BUY,14,704.22
2026-07-08 15:12,VUG,ETF,BUY,34,85.18
2026-07-08 15:12,VEA,ETF,BUY,12,69.57
2026-07-08 15:12,VTV,ETF,BUY,18,217.75
2026-07-08 15:12,IEFA,ETF,BUY,12,95.5
2026-07-08 15:12,AGG,ETF,SELL,21,97.92
2026-07-08 15:12,IEMG,ETF,BUY,15,79.17
2026-07-08 15:12,IJH,ETF,SELL,12,74.39
2026-07-08 15:12,IJR,ETF,BUY,14,143.46
2026-07-08 15:12,VIG,ETF,BUY,22,237.35
2026-07-08 15:12,VYM,ETF,BUY,27,159.97
2026-07-08 15:12,SCHD,ETF,BUY,40,32.43
2026-07-08 15:12,XLK,ETF,BUY,14,178.39
2026-07-08 15:12,VT,ETF,SELL,15,154.73
2026-07-08 15:12,ACWI,ETF,SELL,15,154.88
2026-07-08 17:22,MSFT,Stock,SELL,13,383.21
2026-07-08 17:22,NVDA,Stock,SELL,24,202.04
2026-07-08 17:22,AMZN,Stock,BUY,16,242.47
2026-07-08 17:22,GOOGL,Stock,BUY,29,361.13
2026-07-08 17:22,GOOG,Stock,BUY,29,357.83
2026-07-08 17:22,TSLA,Stock,SELL,15,394.05
2026-07-08 17:22,META,Stock,SELL,11,605.28
2026-07-08 17:22,ADBE,Stock,SELL,15,220.23
2026-07-08 17:22,AMD,Stock,BUY,16,513.07
2026-07-08 17:22,INTC,Stock,BUY,14,107.3
2026-07-08 17:22,CSCO,Stock,BUY,18,113.75
2026-07-08 17:22,QCOM,Stock,SELL,16,185.93
2026-07-08 17:22,CRM,Stock,BUY,25,165.88
2026-07-08 17:22,AVGO,Stock,BUY,10,393.48
2026-07-08 17:22,ORCL,Stock,SELL,29,138.24
2026-07-08 17:22,IBM,Stock,BUY,3,302.2
2026-07-08 17:22,TXN,Stock,BUY,19,306.27
2026-07-08 17:22,AMGN,Stock,BUY,31,368.73
2026-07-08 17:22,HON,Stock,SELL,18,222.6
2026-07-08 17:22,PEP,Stock,SELL,14,143.61
2026-07-08 17:22,KO,Stock,BUY,30,84.03
2026-07-08 17:22,MCD,Stock,BUY,17,276.76
2026-07-08 17:22,WMT,Stock,SELL,13,113.01
2026-07-08 17:22,CAT,Stock,BUY,16,940.0
2026-07-08 17:22,JNJ,Stock,BUY,40,265.92
2026-07-08 17:22,V,Stock,BUY,34,347.16
2026-07-08 17:22,HD,Stock,SELL,15,336.62
2026-07-08 17:22,BAC,Stock,BUY,38,58.6
2026-07-08 17:22,JPM,Stock,BUY,31,333.74
2026-07-08 17:22,UNH,Stock,BUY,25,428.82
2026-07-08 17:22,CVX,Stock,BUY,16,175.82
2026-07-08 17:22,XOM,Stock,SELL,18,140.1
2026-07-08 17:22,NFLX,Stock,SELL,16,76.15
2026-07-08 17:22,LMT,Stock,BUY,18,530.09
2026-07-08 17:22,BLK,Stock,BUY,9,989.47
2026-07-08 17:22,SPGI,Stock,BUY,8,432.87
2026-07-08 17:22,MS,Stock,SELL,16,218.58
2026-07-08 17:22,RTX,Stock,BUY,17,196.3
2026-07-08 17:22,SPY,ETF,BUY,27,745.26
2026-07-08 17:22,VOO,ETF,BUY,27,684.98
2026-07-08 17:22,IVV,ETF,BUY,27,748.75
2026-07-08 17:22,VTI,ETF,SELL,15,368.08
2026-07-08 17:22,QQQ,ETF,BUY,14,709.77
2026-07-08 17:22,VUG,ETF,BUY,34,85.84
2026-07-08 17:22,VEA,ETF,BUY,12,70.21
2026-07-08 17:22,VTV,ETF,BUY,18,218.07
2026-07-08 17:22,IEFA,ETF,BUY,25,96.21
2026-07-08 17:22,AGG,ETF,SELL,21,98.04
2026-07-08 17:22,IEMG,ETF,BUY,15,80.11
2026-07-08 17:22,IJH,ETF,SELL,12,74.66
2026-07-08 17:22,IJR,ETF,BUY,14,143.99
2026-07-08 17:22,VIG,ETF,BUY,22,238.0
2026-07-08 17:22,VYM,ETF,BUY,27,160.27
2026-07-08 17:22,SCHD,ETF,BUY,40,32.42
2026-07-08 17:22,XLK,ETF,BUY,14,180.61
2026-07-08 17:22,VT,ETF,SELL,15,155.67
2026-07-08 17:22,ACWI,ETF,SELL,15,155.73
2026-07-08 19:13,AAPL,Stock,BUY,26,314.02
2026-07-08 19:13,MSFT,Stock,SELL,13,383.08
2026-07-08 19:13,NVDA,Stock,SELL,12,204.37
2026-07-08 19:13,AMZN,Stock,BUY,16,242.16
2026-07-08 19:13,GOOGL,Stock,BUY,29,358.62
2026-07-08 19:13,GOOG,Stock,BUY,29,355.22
2026-07-08 19:13,TSLA,Stock,SELL,15,391.99
2026-07-08 19:13,META,Stock,SELL,11,601.88
2026-07-08 19:13,ADBE,Stock,SELL,15,220.54
2026-07-08 19:13,AMD,Stock,BUY,16,515.16
2026-07-08 19:13,INTC,Stock,BUY,14,107.43
2026-07-08 19:13,CSCO,Stock,BUY,18,113.15
2026-07-08 19:13,QCOM,Stock,SELL,16,185.62
2026-07-08 19:13,CRM,Stock,BUY,25,166.45
2026-07-08 19:13,AVGO,Stock,BUY,10,390.67
2026-07-08 19:13,ORCL,Stock,SELL,29,139.26
2026-07-08 19:13,IBM,Stock,BUY,3,301.69
2026-07-08 19:13,TXN,Stock,BUY,19,303.83
2026-07-08 19:13,AMGN,Stock,BUY,31,367.51
2026-07-08 19:13,HON,Stock,SELL,18,221.34
2026-07-08 19:13,PEP,Stock,SELL,14,143.84
2026-07-08 19:13,KO,Stock,BUY,30,83.79
2026-07-08 19:13,MCD,Stock,BUY,17,278.31
2026-07-08 19:13,WMT,Stock,SELL,13,112.96
2026-07-08 19:13,CAT,Stock,BUY,16,949.11
2026-07-08 19:13,JNJ,Stock,BUY,40,265.61
2026-07-08 19:13,V,Stock,BUY,34,348.7
2026-07-08 19:13,HD,Stock,SELL,15,335.98
2026-07-08 19:13,BAC,Stock,BUY,38,58.47
2026-07-08 19:13,JPM,Stock,BUY,15,331.67
2026-07-08 19:13,UNH,Stock,BUY,12,425.24
2026-07-08 19:13,CVX,Stock,BUY,16,175.48
2026-07-08 19:13,XOM,Stock,SELL,18,140.76
2026-07-08 19:13,NFLX,Stock,SELL,16,75.78
2026-07-08 19:13,LMT,Stock,BUY,18,526.63
2026-07-08 19:13,BLK,Stock,BUY,9,986.91
2026-07-08 19:13,SPGI,Stock,BUY,8,432.9
2026-07-08 19:13,MS,Stock,SELL,16,218.37
2026-07-08 19:13,RTX,Stock,BUY,17,195.45
2026-07-08 19:13,SPY,ETF,BUY,27,744.95
2026-07-08 19:13,VOO,ETF,BUY,27,684.71
2026-07-08 19:13,IVV,ETF,BUY,27,748.46
2026-07-08 19:13,VTI,ETF,SELL,15,367.98
2026-07-08 19:13,QQQ,ETF,BUY,14,709.8
2026-07-08 19:13,VUG,ETF,BUY,34,85.88
2026-07-08 19:13,VEA,ETF,BUY,12,70.28
2026-07-08 19:13,VTV,ETF,BUY,18,217.75
2026-07-08 19:13,IEFA,ETF,BUY,25,96.28
2026-07-08 19:13,AGG,ETF,SELL,21,98.1
2026-07-08 19:13,IEMG,ETF,BUY,15,80.18
2026-07-08 19:13,IJH,ETF,SELL,12,74.65
2026-07-08 19:13,IJR,ETF,BUY,14,143.76
2026-07-08 19:13,VIG,ETF,BUY,22,237.76
2026-07-08 19:13,VYM,ETF,BUY,27,159.96
2026-07-08 19:13,SCHD,ETF,BUY,40,32.36
2026-07-08 19:13,XLK,ETF,BUY,14,181.0
2026-07-08 19:13,VT,ETF,SELL,15,155.67
2026-07-08 19:13,ACWI,ETF,SELL,15,155.73
2026-07-08 20:59,AAPL,Stock,BUY,27,313.39
2026-07-08 20:59,MSFT,Stock,SELL,13,383.34
2026-07-08 20:59,NVDA,Stock,SELL,12,204.12
2026-07-08 20:59,AMZN,Stock,BUY,18,243.62
2026-07-08 20:59,GOOGL,Stock,BUY,27,361.92
2026-07-08 20:59,GOOG,Stock,BUY,27,358.71
2026-07-08 20:59,TSLA,Stock,SELL,15,394.06
2026-07-08 20:59,META,Stock,SELL,12,603.12
2026-07-08 20:59,ADBE,Stock,BUY,25,220.94
2026-07-08 20:59,AMD,Stock,BUY,16,517.41
2026-07-08 20:59,INTC,Stock,BUY,13,110.24
2026-07-08 20:59,CSCO,Stock,BUY,18,113.82
2026-07-08 20:59,QCOM,Stock,SELL,16,186.56
2026-07-08 20:59,CRM,Stock,BUY,25,166.58
2026-07-08 20:59,AVGO,Stock,BUY,10,388.69
2026-07-08 20:59,ORCL,Stock,SELL,33,140.49
2026-07-08 20:59,IBM,Stock,HOLD,0,302.05
2026-07-08 20:59,TXN,Stock,BUY,18,301.32
2026-07-08 20:59,AMGN,Stock,BUY,34,367.99
2026-07-08 20:59,HON,Stock,SELL,16,220.36
2026-07-08 20:59,PEP,Stock,HOLD,0,142.51
2026-07-08 20:59,KO,Stock,BUY,30,83.4
2026-07-08 20:59,MCD,Stock,BUY,16,278.25
2026-07-08 20:59,WMT,Stock,SELL,13,113.1
2026-07-08 20:59,CAT,Stock,BUY,16,948.08
2026-07-08 20:59,JNJ,Stock,BUY,40,263.4
2026-07-08 20:59,V,Stock,BUY,33,347.53
2026-07-08 20:59,HD,Stock,SELL,16,336.21
2026-07-08 20:59,BAC,Stock,BUY,38,58.3
2026-07-08 20:59,JPM,Stock,BUY,15,330.62
2026-07-08 20:59,UNH,Stock,BUY,12,425.6
2026-07-08 20:59,CVX,Stock,BUY,16,175.97
2026-07-08 20:59,XOM,Stock,SELL,17,141.13
2026-07-08 20:59,NFLX,Stock,SELL,15,75.59
2026-07-08 20:59,LMT,Stock,BUY,18,527.96
2026-07-08 20:59,BLK,Stock,BUY,10,990.34
2026-07-08 20:59,SPGI,Stock,HOLD,0,430.79
2026-07-08 20:59,MS,Stock,SELL,15,218.07
2026-07-08 20:59,RTX,Stock,BUY,16,194.91
2026-07-08 20:59,SPY,ETF,BUY,36,745.4
2026-07-08 20:59,VOO,ETF,BUY,36,685.26
2026-07-08 20:59,IVV,ETF,BUY,36,749.06
2026-07-08 20:59,VTI,ETF,BUY,14,368.25
2026-07-08 20:59,QQQ,ETF,BUY,16,711.44
2026-07-08 20:59,VUG,ETF,BUY,37,85.99
2026-07-08 20:59,VEA,ETF,BUY,12,70.34
2026-07-08 20:59,VTV,ETF,BUY,18,217.64
2026-07-08 20:59,IEFA,ETF,BUY,25,96.31
2026-07-08 20:59,AGG,ETF,SELL,18,98.04
2026-07-08 20:59,IEMG,ETF,BUY,14,80.3
2026-07-08 20:59,IJH,ETF,SELL,12,74.73
2026-07-08 20:59,IJR,ETF,BUY,14,143.69
2026-07-08 20:59,VIG,ETF,BUY,21,237.41
2026-07-08 20:59,VYM,ETF,BUY,27,159.79
2026-07-08 20:59,SCHD,ETF,BUY,39,32.34
2026-07-08 20:59,XLK,ETF,BUY,16,181.4
2026-07-08 20:59,VT,ETF,SELL,13,155.81
2026-07-08 20:59,ACWI,ETF,BUY,13,155.9
2026-07-08 22:09,AAPL,Stock,BUY,27,313.39
2026-07-08 22:09,MSFT,Stock,SELL,13,383.34
2026-07-08 22:09,NVDA,Stock,SELL,12,204.12
2026-07-08 22:09,AMZN,Stock,BUY,18,243.62
2026-07-08 22:09,GOOGL,Stock,BUY,27,361.92
2026-07-08 22:09,GOOG,Stock,BUY,27,358.71
2026-07-08 22:09,TSLA,Stock,SELL,15,394.06
2026-07-08 22:09,META,Stock,SELL,12,603.12
2026-07-08 22:09,ADBE,Stock,BUY,25,220.94
2026-07-08 22:09,AMD,Stock,BUY,16,517.41
2026-07-08 22:09,INTC,Stock,BUY,13,110.24
2026-07-08 22:09,CSCO,Stock,BUY,18,113.82
2026-07-08 22:09,QCOM,Stock,SELL,16,186.56
2026-07-08 22:09,CRM,Stock,BUY,25,166.58
2026-07-08 22:09,AVGO,Stock,BUY,10,388.69
2026-07-08 22:09,ORCL,Stock,SELL,33,140.49
2026-07-08 22:09,IBM,Stock,HOLD,0,302.05
2026-07-08 22:09,TXN,Stock,BUY,18,301.32
2026-07-08 22:09,AMGN,Stock,BUY,34,367.99
2026-07-08 22:09,HON,Stock,SELL,16,220.36
2026-07-08 22:09,PEP,Stock,HOLD,0,142.51
2026-07-08 22:09,KO,Stock,BUY,30,83.4
2026-07-08 22:09,MCD,Stock,BUY,16,278.25
2026-07-08 22:09,WMT,Stock,SELL,13,113.1
2026-07-08 22:09,CAT,Stock,BUY,16,948.08
2026-07-08 22:09,JNJ,Stock,BUY,40,263.4
2026-07-08 22:09,V,Stock,BUY,33,347.53
2026-07-08 22:09,HD,Stock,SELL,16,336.21
2026-07-08 22:09,BAC,Stock,BUY,38,58.3
2026-07-08 22:09,JPM,Stock,BUY,15,330.62
2026-07-08 22:09,UNH,Stock,BUY,12,425.6
2026-07-08 22:09,CVX,Stock,BUY,16,175.97
2026-07-08 22:09,XOM,Stock,SELL,17,141.13
2026-07-08 22:09,NFLX,Stock,SELL,15,75.59
2026-07-08 22:09,LMT,Stock,BUY,18,527.96
2026-07-08 22:09,BLK,Stock,BUY,10,990.34
2026-07-08 22:09,SPGI,Stock,HOLD,0,430.79
2026-07-08 22:09,MS,Stock,SELL,15,218.07
2026-07-08 22:09,RTX,Stock,BUY,16,194.91
2026-07-08 22:09,SPY,ETF,BUY,36,745.4
2026-07-08 22:09,VOO,ETF,BUY,36,685.26
2026-07-08 22:09,IVV,ETF,BUY,36,749.06
2026-07-08 22:09,VTI,ETF,BUY,14,368.25
2026-07-08 22:09,QQQ,ETF,BUY,16,711.44
2026-07-08 22:09,VUG,ETF,BUY,37,85.99
2026-07-08 22:09,VEA,ETF,BUY,12,70.34
2026-07-08 22:09,VTV,ETF,BUY,18,217.64
2026-07-08 22:09,IEFA,ETF,BUY,25,96.31
2026-07-08 22:09,AGG,ETF,SELL,18,98.04
2026-07-08 22:09,IEMG,ETF,BUY,14,80.3
2026-07-08 22:09,IJH,ETF,SELL,12,74.73
2026-07-08 22:09,IJR,ETF,BUY,14,143.69
2026-07-08 22:09,VIG,ETF,BUY,21,237.41
2026-07-08 22:09,VYM,ETF,BUY,27,159.79
2026-07-08 22:09,SCHD,ETF,BUY,39,32.34
2026-07-08 22:09,XLK,ETF,BUY,16,181.4
2026-07-08 22:09,VT,ETF,SELL,13,155.81
2026-07-08 22:09,ACWI,ETF,BUY,13,155.9
2026-07-09 00:02,AAPL,Stock,BUY,27,313.39
2026-07-09 00:02,MSFT,Stock,SELL,13,383.34
2026-07-09 00:02,NVDA,Stock,SELL,12,204.12
2026-07-09 00:02,AMZN,Stock,BUY,18,243.62
2026-07-09 00:02,GOOGL,Stock,BUY,27,361.92
2026-07-09 00:02,GOOG,Stock,BUY,27,358.71
2026-07-09 00:02,TSLA,Stock,SELL,15,394.06
2026-07-09 00:02,META,Stock,SELL,12,603.12
2026-07-09 00:03,ADBE,Stock,BUY,25,220.94
2026-07-09 00:03,AMD,Stock,BUY,16,517.41
2026-07-09 00:03,INTC,Stock,BUY,13,110.24
2026-07-09 00:03,CSCO,Stock,BUY,18,113.82
2026-07-09 00:03,QCOM,Stock,SELL,16,186.56
2026-07-09 00:03,CRM,Stock,BUY,25,166.58
2026-07-09 00:03,AVGO,Stock,BUY,10,388.69
2026-07-09 00:03,ORCL,Stock,SELL,33,140.49
2026-07-09 00:03,IBM,Stock,HOLD,0,302.05
2026-07-09 00:03,TXN,Stock,BUY,18,301.32
2026-07-09 00:03,AMGN,Stock,BUY,34,367.99
2026-07-09 00:03,HON,Stock,SELL,16,220.36
2026-07-09 00:03,PEP,Stock,HOLD,0,142.51
2026-07-09 00:03,KO,Stock,BUY,30,83.4
2026-07-09 00:03,MCD,Stock,BUY,16,278.25
2026-07-09 00:03,WMT,Stock,SELL,13,113.1
2026-07-09 00:03,CAT,Stock,BUY,16,948.08
2026-07-09 00:03,JNJ,Stock,BUY,40,263.4
2026-07-09 00:03,V,Stock,BUY,33,347.53
2026-07-09 00:03,HD,Stock,SELL,16,336.21
2026-07-09 00:03,BAC,Stock,BUY,38,58.3
2026-07-09 00:03,JPM,Stock,BUY,15,330.62
2026-07-09 00:03,UNH,Stock,BUY,12,425.6
2026-07-09 00:03,CVX,Stock,BUY,16,175.97
2026-07-09 00:03,XOM,Stock,SELL,17,141.13
2026-07-09 00:03,NFLX,Stock,SELL,15,75.59
2026-07-09 00:03,LMT,Stock,BUY,18,527.96
2026-07-09 00:03,BLK,Stock,BUY,10,990.34
2026-07-09 00:03,SPGI,Stock,HOLD,0,430.79
2026-07-09 00:03,MS,Stock,SELL,15,218.07
2026-07-09 00:03,RTX,Stock,BUY,16,194.91
2026-07-09 00:03,SPY,ETF,BUY,36,745.4
2026-07-09 00:03,VOO,ETF,BUY,36,685.26
2026-07-09 00:03,IVV,ETF,BUY,36,749.06
2026-07-09 00:03,VTI,ETF,BUY,14,368.25
2026-07-09 00:03,QQQ,ETF,BUY,16,711.44
2026-07-09 00:03,VUG,ETF,BUY,37,85.99
2026-07-09 00:03,VEA,ETF,BUY,12,70.34
2026-07-09 00:03,VTV,ETF,BUY,18,217.64
2026-07-09 00:03,IEFA,ETF,BUY,25,96.31
2026-07-09 00:03,AGG,ETF,SELL,18,98.04
2026-07-09 00:03,IEMG,ETF,BUY,14,80.3
2026-07-09 00:03,IJH,ETF,SELL,12,74.73
2026-07-09 00:03,IJR,ETF,BUY,14,143.69
2026-07-09 00:03,VIG,ETF,BUY,21,237.41
2026-07-09 00:03,VYM,ETF,BUY,27,159.79
2026-07-09 00:03,SCHD,ETF,BUY,39,32.34
2026-07-09 00:03,XLK,ETF,BUY,16,181.4
2026-07-09 00:03,VT,ETF,SELL,13,155.81
2026-07-09 00:03,ACWI,ETF,BUY,13,155.9
2026-07-09 04:44,AAPL,Stock,BUY,27,313.39
2026-07-09 04:44,MSFT,Stock,SELL,13,383.34
2026-07-09 04:44,NVDA,Stock,SELL,12,204.12
2026-07-09 04:44,AMZN,Stock,BUY,18,243.62
2026-07-09 04:44,GOOGL,Stock,BUY,27,361.92
2026-07-09 04:44,GOOG,Stock,BUY,27,358.71
2026-07-09 04:44,TSLA,Stock,SELL,15,394.06
2026-07-09 04:44,META,Stock,SELL,12,603.12
2026-07-09 04:44,ADBE,Stock,BUY,25,220.94
2026-07-09 04:44,AMD,Stock,BUY,16,517.41
2026-07-09 04:44,INTC,Stock,BUY,13,110.24
2026-07-09 04:44,CSCO,Stock,BUY,18,113.82
2026-07-09 04:44,QCOM,Stock,SELL,16,186.56
2026-07-09 04:44,CRM,Stock,BUY,25,166.58
2026-07-09 04:44,AVGO,Stock,BUY,10,388.69
2026-07-09 04:44,ORCL,Stock,SELL,33,140.49
2026-07-09 04:44,IBM,Stock,HOLD,0,302.05
2026-07-09 04:44,TXN,Stock,BUY,18,301.32
2026-07-09 04:44,AMGN,Stock,BUY,34,367.99
2026-07-09 04:44,HON,Stock,SELL,16,220.36
2026-07-09 04:44,PEP,Stock,HOLD,0,142.51
2026-07-09 04:44,KO,Stock,BUY,30,83.4
2026-07-09 04:44,MCD,Stock,BUY,16,278.25
2026-07-09 04:44,WMT,Stock,SELL,13,113.1
2026-07-09 04:44,CAT,Stock,BUY,16,948.08
2026-07-09 04:44,JNJ,Stock,BUY,40,263.4
2026-07-09 04:44,V,Stock,BUY,33,347.53
2026-07-09 04:44,HD,Stock,SELL,16,336.21
2026-07-09 04:44,BAC,Stock,BUY,38,58.3
2026-07-09 04:44,JPM,Stock,BUY,15,330.62
2026-07-09 04:44,UNH,Stock,BUY,12,425.6
2026-07-09 04:44,CVX,Stock,BUY,16,175.97
2026-07-09 04:44,XOM,Stock,SELL,17,141.13
2026-07-09 04:44,NFLX,Stock,SELL,15,75.59
2026-07-09 04:44,LMT,Stock,BUY,18,527.96
2026-07-09 04:44,BLK,Stock,BUY,10,990.34
2026-07-09 04:44,SPGI,Stock,HOLD,0,430.79
2026-07-09 04:44,MS,Stock,SELL,15,218.07
2026-07-09 04:44,RTX,Stock,BUY,16,194.91
2026-07-09 04:44,SPY,ETF,BUY,36,745.4
2026-07-09 04:44,VOO,ETF,BUY,36,685.26
2026-07-09 04:44,IVV,ETF,BUY,36,749.06
2026-07-09 04:44,VTI,ETF,BUY,14,368.25
2026-07-09 04:44,QQQ,ETF,BUY,16,711.44
2026-07-09 04:44,VUG,ETF,BUY,37,85.99
2026-07-09 04:44,VEA,ETF,BUY,12,70.34
2026-07-09 04:44,VTV,ETF,BUY,18,217.64
2026-07-09 04:44,IEFA,ETF,BUY,25,96.31
2026-07-09 04:44,AGG,ETF,SELL,18,98.04
2026-07-09 04:44,IEMG,ETF,BUY,14,80.3
2026-07-09 04:44,IJH,ETF,SELL,12,74.73
2026-07-09 04:44,IJR,ETF,BUY,14,143.69
2026-07-09 04:44,VIG,ETF,BUY,21,237.41
2026-07-09 04:44,VYM,ETF,BUY,27,159.79
2026-07-09 04:44,SCHD,ETF,BUY,39,32.34
2026-07-09 04:44,XLK,ETF,BUY,16,181.4
2026-07-09 04:44,VT,ETF,SELL,13,155.81
2026-07-09 04:44,ACWI,ETF,BUY,13,155.9
2026-07-09 08:21,AAPL,Stock,BUY,27,313.39
2026-07-09 08:21,MSFT,Stock,SELL,13,383.34
2026-07-09 08:21,NVDA,Stock,SELL,12,204.12
2026-07-09 08:21,AMZN,Stock,BUY,18,243.62
2026-07-09 08:21,GOOGL,Stock,BUY,27,361.92
2026-07-09 08:21,GOOG,Stock,BUY,27,358.71
2026-07-09 08:21,TSLA,Stock,SELL,15,394.06
2026-07-09 08:21,META,Stock,SELL,12,603.12
2026-07-09 08:21,ADBE,Stock,BUY,25,220.94
2026-07-09 08:21,AMD,Stock,BUY,16,517.41
2026-07-09 08:21,INTC,Stock,BUY,13,110.24
2026-07-09 08:21,CSCO,Stock,BUY,18,113.82
2026-07-09 08:21,QCOM,Stock,SELL,16,186.56
2026-07-09 08:21,CRM,Stock,BUY,25,166.58
2026-07-09 08:21,AVGO,Stock,BUY,10,388.69
2026-07-09 08:21,ORCL,Stock,SELL,33,140.49
2026-07-09 08:21,IBM,Stock,HOLD,0,302.05
2026-07-09 08:21,TXN,Stock,BUY,18,301.32
2026-07-09 08:21,AMGN,Stock,BUY,34,367.99
2026-07-09 08:21,HON,Stock,SELL,16,220.36
2026-07-09 08:21,PEP,Stock,HOLD,0,142.51
2026-07-09 08:21,KO,Stock,BUY,30,83.4
2026-07-09 08:21,MCD,Stock,BUY,16,278.25
2026-07-09 08:21,WMT,Stock,SELL,13,113.1
2026-07-09 08:21,CAT,Stock,BUY,16,948.08
2026-07-09 08:21,JNJ,Stock,BUY,40,263.4
2026-07-09 08:21,V,Stock,BUY,33,347.53
2026-07-09 08:21,HD,Stock,SELL,16,336.21
2026-07-09 08:21,BAC,Stock,BUY,38,58.3
2026-07-09 08:21,JPM,Stock,BUY,15,330.62
2026-07-09 08:21,UNH,Stock,BUY,12,425.6
2026-07-09 08:21,CVX,Stock,BUY,16,175.97
2026-07-09 08:21,XOM,Stock,SELL,17,141.13
2026-07-09 08:21,NFLX,Stock,SELL,15,75.59
2026-07-09 08:21,LMT,Stock,BUY,18,527.96
2026-07-09 08:21,BLK,Stock,BUY,10,990.34
2026-07-09 08:21,SPGI,Stock,HOLD,0,430.79
2026-07-09 08:21,MS,Stock,SELL,15,218.07
2026-07-09 08:21,RTX,Stock,BUY,16,194.91
2026-07-09 08:21,SPY,ETF,BUY,36,745.4
2026-07-09 08:21,VOO,ETF,BUY,36,685.26
2026-07-09 08:21,IVV,ETF,BUY,36,749.06
2026-07-09 08:21,VTI,ETF,BUY,14,368.25
2026-07-09 08:21,QQQ,ETF,BUY,16,711.44
2026-07-09 08:21,VUG,ETF,BUY,37,85.99
2026-07-09 08:21,VEA,ETF,BUY,12,70.34
2026-07-09 08:21,VTV,ETF,BUY,18,217.64
2026-07-09 08:21,IEFA,ETF,BUY,25,96.31
2026-07-09 08:21,AGG,ETF,SELL,18,98.04
2026-07-09 08:21,IEMG,ETF,BUY,14,80.3
2026-07-09 08:21,IJH,ETF,SELL,12,74.73
2026-07-09 08:21,IJR,ETF,BUY,14,143.69
2026-07-09 08:21,VIG,ETF,BUY,21,237.41
2026-07-09 08:21,VYM,ETF,BUY,27,159.79
2026-07-09 08:21,SCHD,ETF,BUY,39,32.34
2026-07-09 08:21,XLK,ETF,BUY,16,181.4
2026-07-09 08:21,VT,ETF,SELL,13,155.81
2026-07-09 08:21,ACWI,ETF,BUY,13,155.9
2026-07-09 11:54,AAPL,Stock,BUY,27,313.39
2026-07-09 11:54,MSFT,Stock,SELL,13,383.34
2026-07-09 11:54,NVDA,Stock,SELL,12,204.12
2026-07-09 11:54,AMZN,Stock,BUY,18,243.62
2026-07-09 11:54,GOOGL,Stock,BUY,27,361.92
2026-07-09 11:54,GOOG,Stock,BUY,27,358.71
2026-07-09 11:54,TSLA,Stock,SELL,15,394.06
2026-07-09 11:54,META,Stock,SELL,12,603.12
2026-07-09 11:54,ADBE,Stock,BUY,25,220.94
2026-07-09 11:54,AMD,Stock,BUY,16,517.41
2026-07-09 11:54,INTC,Stock,BUY,13,110.24
2026-07-09 11:54,CSCO,Stock,BUY,18,113.82
2026-07-09 11:54,QCOM,Stock,SELL,16,186.56
2026-07-09 11:54,CRM,Stock,BUY,25,166.58
2026-07-09 11:54,AVGO,Stock,BUY,10,388.69
2026-07-09 11:54,ORCL,Stock,SELL,33,140.49
2026-07-09 11:54,IBM,Stock,HOLD,0,302.05
2026-07-09 11:54,TXN,Stock,BUY,18,301.32
2026-07-09 11:54,AMGN,Stock,BUY,34,367.99
2026-07-09 11:54,HON,Stock,SELL,16,220.36
2026-07-09 11:54,PEP,Stock,HOLD,0,142.51
2026-07-09 11:54,KO,Stock,BUY,30,83.4
2026-07-09 11:54,MCD,Stock,BUY,16,278.25
2026-07-09 11:54,WMT,Stock,SELL,13,113.1
2026-07-09 11:54,CAT,Stock,BUY,16,948.08
2026-07-09 11:54,JNJ,Stock,BUY,40,263.4
2026-07-09 11:54,V,Stock,BUY,33,347.53
2026-07-09 11:54,HD,Stock,SELL,16,336.21
2026-07-09 11:54,BAC,Stock,BUY,38,58.3
2026-07-09 11:54,JPM,Stock,BUY,15,330.62
2026-07-09 11:54,UNH,Stock,BUY,12,425.6
2026-07-09 11:54,CVX,Stock,BUY,16,175.97
2026-07-09 11:54,XOM,Stock,SELL,17,141.13
2026-07-09 11:54,NFLX,Stock,SELL,15,75.59
2026-07-09 11:54,LMT,Stock,BUY,18,527.96
2026-07-09 11:54,BLK,Stock,BUY,10,990.34
2026-07-09 11:54,SPGI,Stock,HOLD,0,430.79
2026-07-09 11:54,MS,Stock,SELL,15,218.07
2026-07-09 11:54,RTX,Stock,BUY,16,194.91
2026-07-09 11:54,SPY,ETF,BUY,36,745.4
2026-07-09 11:54,VOO,ETF,BUY,36,685.26
2026-07-09 11:54,IVV,ETF,BUY,36,749.06
2026-07-09 11:54,VTI,ETF,BUY,14,368.25
2026-07-09 11:54,QQQ,ETF,BUY,16,711.44
2026-07-09 11:54,VUG,ETF,BUY,37,85.99
2026-07-09 11:54,VEA,ETF,BUY,12,70.34
2026-07-09 11:54,VTV,ETF,BUY,18,217.64
2026-07-09 11:54,IEFA,ETF,BUY,25,96.31
2026-07-09 11:54,AGG,ETF,SELL,18,98.04
2026-07-09 11:54,IEMG,ETF,BUY,14,80.3
2026-07-09 11:54,IJH,ETF,SELL,12,74.73
2026-07-09 11:54,IJR,ETF,BUY,14,143.69
2026-07-09 11:54,VIG,ETF,BUY,21,237.41
2026-07-09 11:54,VYM,ETF,BUY,27,159.79
2026-07-09 11:54,SCHD,ETF,BUY,39,32.34
2026-07-09 11:54,XLK,ETF,BUY,16,181.4
2026-07-09 11:54,VT,ETF,SELL,13,155.81
2026-07-09 11:54,ACWI,ETF,BUY,13,155.9
2026-07-09 14:39,AAPL,Stock,BUY,27,312.23
2026-07-09 14:39,MSFT,Stock,SELL,13,376.99
2026-07-09 14:39,NVDA,Stock,SELL,11,200.12
2026-07-09 14:39,AMZN,Stock,BUY,18,241.29
2026-07-09 14:39,GOOGL,Stock,BUY,27,354.15
2026-07-09 14:39,GOOG,Stock,BUY,27,351.45
2026-07-09 14:39,TSLA,Stock,SELL,15,394.6
2026-07-09 14:39,META,Stock,SELL,12,594.9
2026-07-09 14:39,ADBE,Stock,BUY,25,219.19
2026-07-09 14:39,AMD,Stock,BUY,16,556.76
2026-07-09 14:39,INTC,Stock,BUY,13,112.61
2026-07-09 14:39,CSCO,Stock,BUY,18,117.79
2026-07-09 14:39,QCOM,Stock,SELL,16,191.38
2026-07-09 14:39,CRM,Stock,BUY,25,162.29
2026-07-09 14:39,AVGO,Stock,BUY,10,393.42
2026-07-09 14:39,ORCL,Stock,SELL,32,145.18
2026-07-09 14:39,IBM,Stock,BUY,4,296.21
2026-07-09 14:39,TXN,Stock,BUY,18,309.83
2026-07-09 14:39,AMGN,Stock,BUY,34,363.5
2026-07-09 14:39,HON,Stock,SELL,18,219.77
2026-07-09 14:39,PEP,Stock,SELL,14,136.88
2026-07-09 14:39,KO,Stock,BUY,30,82.24
2026-07-09 14:39,MCD,Stock,BUY,16,275.27
2026-07-09 14:39,WMT,Stock,SELL,12,112.18
2026-07-09 14:39,CAT,Stock,BUY,16,953.17
2026-07-09 14:39,JNJ,Stock,BUY,40,261.66
2026-07-09 14:39,V,Stock,BUY,32,347.66
2026-07-09 14:39,HD,Stock,SELL,16,339.61
2026-07-09 14:39,BAC,Stock,BUY,38,59.15
2026-07-09 14:39,JPM,Stock,BUY,16,335.66
2026-07-09 14:39,UNH,Stock,BUY,25,433.74
2026-07-09 14:39,CVX,Stock,BUY,16,174.49
2026-07-09 14:39,XOM,Stock,SELL,16,138.28
2026-07-09 14:39,NFLX,Stock,SELL,15,74.6
2026-07-09 14:39,LMT,Stock,BUY,18,518.42
2026-07-09 14:39,BLK,Stock,BUY,10,1016.43
2026-07-09 14:39,SPGI,Stock,HOLD,0,427.49
2026-07-09 14:39,MS,Stock,SELL,15,224.1
2026-07-09 14:39,RTX,Stock,BUY,17,195.33
2026-07-09 14:39,SPY,ETF,BUY,36,748.1
2026-07-09 14:39,VOO,ETF,BUY,36,687.64
2026-07-09 14:39,IVV,ETF,BUY,36,751.61
2026-07-09 14:39,VTI,ETF,BUY,28,370.04
2026-07-09 14:39,QQQ,ETF,BUY,16,718.9
2026-07-09 14:39,VUG,ETF,BUY,37,86.14
2026-07-09 14:39,VEA,ETF,BUY,12,70.62
2026-07-09 14:39,VTV,ETF,BUY,18,219.18
2026-07-09 14:39,IEFA,ETF,BUY,25,96.63
2026-07-09 14:39,AGG,ETF,SELL,18,98.14
2026-07-09 14:39,IEMG,ETF,BUY,14,80.82
2026-07-09 14:39,IJH,ETF,SELL,12,75.82
2026-07-09 14:39,IJR,ETF,BUY,14,145.45
2026-07-09 14:39,VIG,ETF,BUY,21,238.55
2026-07-09 14:39,VYM,ETF,BUY,27,160.7
2026-07-09 14:39,SCHD,ETF,BUY,39,32.28
2026-07-09 14:39,XLK,ETF,BUY,16,185.0
2026-07-09 14:39,VT,ETF,SELL,13,156.51
2026-07-09 14:39,ACWI,ETF,BUY,13,156.53
2026-07-09 17:14,AAPL,Stock,BUY,27,314.99
2026-07-09 17:14,MSFT,Stock,SELL,13,379.67
2026-07-09 17:14,NVDA,Stock,SELL,11,203.23
2026-07-09 17:14,AMZN,Stock,BUY,18,243.24
2026-07-09 17:14,GOOGL,Stock,BUY,27,355.08
2026-07-09 17:14,GOOG,Stock,BUY,27,352.05
2026-07-09 17:14,TSLA,Stock,SELL,15,403.57
2026-07-09 17:14,META,Stock,SELL,12,612.05
2026-07-09 17:14,ADBE,Stock,BUY,25,221.01
2026-07-09 17:14,AMD,Stock,BUY,16,552.19
2026-07-09 17:14,INTC,Stock,BUY,13,113.18
2026-07-09 17:14,CSCO,Stock,BUY,18,117.95
2026-07-09 17:14,QCOM,Stock,SELL,16,192.43
2026-07-09 17:14,CRM,Stock,BUY,25,162.91
2026-07-09 17:14,AVGO,Stock,BUY,10,403.68
2026-07-09 17:14,ORCL,Stock,SELL,32,145.7
2026-07-09 17:14,IBM,Stock,BUY,4,293.89
2026-07-09 17:14,TXN,Stock,BUY,18,313.04
2026-07-09 17:14,AMGN,Stock,BUY,34,362.59
2026-07-09 17:14,HON,Stock,SELL,18,220.61
2026-07-09 17:14,PEP,Stock,SELL,14,138.45
2026-07-09 17:14,KO,Stock,BUY,30,82.75
2026-07-09 17:14,MCD,Stock,BUY,16,276.98
2026-07-09 17:14,WMT,Stock,SELL,12,111.85
2026-07-09 17:14,CAT,Stock,BUY,16,951.57
2026-07-09 17:14,JNJ,Stock,BUY,40,259.88
2026-07-09 17:14,V,Stock,BUY,32,347.28
2026-07-09 17:14,HD,Stock,SELL,16,339.88
2026-07-09 17:14,BAC,Stock,BUY,38,59.33
2026-07-09 17:14,JPM,Stock,BUY,16,335.62
2026-07-09 17:14,UNH,Stock,BUY,25,430.14
2026-07-09 17:14,CVX,Stock,BUY,16,174.05
2026-07-09 17:14,XOM,Stock,SELL,16,137.71
2026-07-09 17:14,NFLX,Stock,SELL,15,74.43
2026-07-09 17:14,LMT,Stock,BUY,18,517.55
2026-07-09 17:14,BLK,Stock,BUY,10,1018.33
2026-07-09 17:14,SPGI,Stock,HOLD,0,430.46
2026-07-09 17:14,MS,Stock,SELL,15,223.36
2026-07-09 17:14,RTX,Stock,BUY,17,194.48
2026-07-09 17:14,SPY,ETF,BUY,36,751.26
2026-07-09 17:14,VOO,ETF,BUY,36,690.52
2026-07-09 17:14,IVV,ETF,BUY,36,754.81
2026-07-09 17:14,VTI,ETF,BUY,28,371.5
2026-07-09 17:14,QQQ,ETF,BUY,16,723.47
2026-07-09 17:14,VUG,ETF,BUY,37,86.76
2026-07-09 17:14,VEA,ETF,BUY,12,70.79
2026-07-09 17:14,VTV,ETF,BUY,18,219.2
2026-07-09 17:14,IEFA,ETF,BUY,25,96.83
2026-07-09 17:14,AGG,ETF,SELL,18,98.25
2026-07-09 17:14,IEMG,ETF,BUY,14,81.11
2026-07-09 17:14,IJH,ETF,SELL,12,76.07
2026-07-09 17:14,IJR,ETF,BUY,14,145.71
2026-07-09 17:14,VIG,ETF,BUY,21,238.83
2026-07-09 17:14,VYM,ETF,BUY,27,160.96
2026-07-09 17:14,SCHD,ETF,BUY,39,32.3
2026-07-09 17:14,XLK,ETF,BUY,16,186.18
2026-07-09 17:14,VT,ETF,SELL,13,157.09
2026-07-09 17:14,ACWI,ETF,BUY,13,157.12
2026-07-09 19:27,AAPL,Stock,BUY,27,315.57
2026-07-09 19:27,MSFT,Stock,SELL,13,381.95
2026-07-09 19:27,NVDA,Stock,SELL,11,203.9
2026-07-09 19:27,AMZN,Stock,BUY,18,245.29
2026-07-09 19:27,GOOGL,Stock,BUY,27,357.74
2026-07-09 19:27,GOOG,Stock,BUY,27,354.71
2026-07-09 19:27,TSLA,Stock,SELL,15,405.73
2026-07-09 19:27,META,Stock,SELL,12,623.07
2026-07-09 19:27,ADBE,Stock,BUY,25,221.63
2026-07-09 19:27,AMD,Stock,BUY,16,543.99
2026-07-09 19:27,INTC,Stock,BUY,13,112.4
2026-07-09 19:27,CSCO,Stock,BUY,18,118.84
2026-07-09 19:27,QCOM,Stock,SELL,16,190.79
2026-07-09 19:27,CRM,Stock,BUY,25,161.92
2026-07-09 19:27,AVGO,Stock,BUY,10,402.76
2026-07-09 19:27,ORCL,Stock,SELL,32,144.15
2026-07-09 19:27,IBM,Stock,BUY,4,294.36
2026-07-09 19:27,TXN,Stock,BUY,18,309.31
2026-07-09 19:27,AMGN,Stock,BUY,34,362.51
2026-07-09 19:27,HON,Stock,SELL,15,222.69
2026-07-09 19:27,PEP,Stock,SELL,14,137.76
2026-07-09 19:27,KO,Stock,BUY,30,82.5
2026-07-09 19:27,MCD,Stock,BUY,16,276.47
2026-07-09 19:27,WMT,Stock,SELL,12,112.21
2026-07-09 19:27,CAT,Stock,BUY,16,939.4
2026-07-09 19:27,JNJ,Stock,BUY,40,259.18
2026-07-09 19:27,V,Stock,BUY,32,346.64
2026-07-09 19:27,HD,Stock,SELL,16,338.76
2026-07-09 19:27,BAC,Stock,BUY,38,59.18
2026-07-09 19:27,JPM,Stock,BUY,16,334.75
2026-07-09 19:27,UNH,Stock,BUY,25,430.37
2026-07-09 19:27,CVX,Stock,BUY,16,174.14
2026-07-09 19:27,XOM,Stock,SELL,16,137.41
2026-07-09 19:27,NFLX,Stock,SELL,15,74.89
2026-07-09 19:27,LMT,Stock,BUY,18,516.38
2026-07-09 19:27,BLK,Stock,BUY,10,1015.49
2026-07-09 19:27,SPGI,Stock,HOLD,0,431.52
2026-07-09 19:27,MS,Stock,SELL,15,222.6
2026-07-09 19:27,RTX,Stock,BUY,17,194.81
2026-07-09 19:27,SPY,ETF,BUY,36,751.14
2026-07-09 19:27,VOO,ETF,BUY,36,690.4
2026-07-09 19:27,IVV,ETF,BUY,36,754.66
2026-07-09 19:27,VTI,ETF,BUY,28,371.38
2026-07-09 19:27,QQQ,ETF,BUY,16,722.92
2026-07-09 19:27,VUG,ETF,BUY,37,86.88
2026-07-09 19:27,VEA,ETF,BUY,12,70.76
2026-07-09 19:27,VTV,ETF,BUY,18,218.63
2026-07-09 19:27,IEFA,ETF,BUY,25,96.78
2026-07-09 19:27,AGG,ETF,SELL,18,98.21
2026-07-09 19:27,IEMG,ETF,BUY,14,81.04
2026-07-09 19:27,IJH,ETF,SELL,12,75.85
2026-07-09 19:27,IJR,ETF,BUY,14,145.62
2026-07-09 19:27,VIG,ETF,BUY,21,238.41
2026-07-09 19:27,VYM,ETF,BUY,27,160.66
2026-07-09 19:27,SCHD,ETF,BUY,39,32.24
2026-07-09 19:27,XLK,ETF,BUY,16,185.57
2026-07-09 19:27,VT,ETF,SELL,13,157.0
2026-07-09 19:27,ACWI,ETF,BUY,13,157.03
2026-07-09 21:15,AAPL,Stock,BUY,27,316.22
2026-07-09 21:15,MSFT,Stock,SELL,13,384.36
2026-07-09 21:15,NVDA,Stock,SELL,11,202.78
2026-07-09 21:15,AMZN,Stock,BUY,18,247.04
2026-07-09 21:15,GOOGL,Stock,BUY,27,358.89
2026-07-09 21:15,GOOG,Stock,BUY,27,356.24
2026-07-09 21:15,TSLA,Stock,SELL,15,406.55
2026-07-09 21:15,META,Stock,SELL,23,631.48
2026-07-09 21:15,ADBE,Stock,SELL,15,222.65
2026-07-09 21:15,AMD,Stock,BUY,16,546.72
2026-07-09 21:15,INTC,Stock,BUY,14,112.54
2026-07-09 21:15,CSCO,Stock,BUY,18,118.31
2026-07-09 21:15,QCOM,Stock,SELL,16,191.11
2026-07-09 21:15,CRM,Stock,BUY,25,162.5
2026-07-09 21:15,AVGO,Stock,BUY,11,401.11
2026-07-09 21:15,ORCL,Stock,SELL,34,144.22
2026-07-09 21:15,IBM,Stock,BUY,5,295.3
2026-07-09 21:15,TXN,Stock,BUY,18,308.53
2026-07-09 21:15,AMGN,Stock,BUY,34,363.62
2026-07-09 21:15,HON,Stock,SELL,14,223.42
2026-07-09 21:15,PEP,Stock,SELL,14,137.86
2026-07-09 21:15,KO,Stock,BUY,30,82.63
2026-07-09 21:15,MCD,Stock,BUY,17,276.49
2026-07-09 21:15,WMT,Stock,SELL,13,112.21
2026-07-09 21:15,CAT,Stock,BUY,16,938.39
2026-07-09 21:15,JNJ,Stock,BUY,41,259.1
2026-07-09 21:15,V,Stock,BUY,32,348.2
2026-07-09 21:15,HD,Stock,SELL,16,338.73
2026-07-09 21:15,BAC,Stock,BUY,38,59.25
2026-07-09 21:15,JPM,Stock,BUY,16,335.47
2026-07-09 21:15,UNH,Stock,BUY,24,431.68
2026-07-09 21:15,CVX,Stock,BUY,16,174.05
2026-07-09 21:15,XOM,Stock,SELL,17,137.46
2026-07-09 21:15,NFLX,Stock,SELL,15,75.47
2026-07-09 21:15,LMT,Stock,BUY,17,518.26
2026-07-09 21:15,BLK,Stock,BUY,9,1019.68
2026-07-09 21:15,SPGI,Stock,HOLD,0,432.96
2026-07-09 21:15,MS,Stock,SELL,15,222.13
2026-07-09 21:15,RTX,Stock,BUY,18,195.2
2026-07-09 21:15,SPY,ETF,BUY,40,751.71
2026-07-09 21:15,VOO,ETF,BUY,40,690.69
2026-07-09 21:15,IVV,ETF,BUY,40,755.05
2026-07-09 21:15,VTI,ETF,BUY,31,371.45
2026-07-09 21:15,QQQ,ETF,BUY,16,723.28
2026-07-09 21:15,VUG,ETF,BUY,40,86.98
2026-07-09 21:15,VEA,ETF,BUY,11,70.73
2026-07-09 21:15,VTV,ETF,BUY,18,218.56
2026-07-09 21:15,IEFA,ETF,BUY,22,96.73
2026-07-09 21:15,AGG,ETF,SELL,18,98.18
2026-07-09 21:15,IEMG,ETF,BUY,14,81.02
2026-07-09 21:15,IJH,ETF,SELL,12,75.7
2026-07-09 21:15,IJR,ETF,BUY,14,145.47
2026-07-09 21:15,VIG,ETF,BUY,23,238.62
2026-07-09 21:15,VYM,ETF,BUY,26,160.55
2026-07-09 21:15,SCHD,ETF,BUY,39,32.26
2026-07-09 21:15,XLK,ETF,BUY,18,185.35
2026-07-09 21:15,VT,ETF,BUY,12,157.0
2026-07-09 21:15,ACWI,ETF,BUY,13,157.02
2026-07-09 23:04,AAPL,Stock,BUY,27,316.22
2026-07-09 23:04,MSFT,Stock,SELL,13,384.36
2026-07-09 23:04,NVDA,Stock,SELL,11,202.78
2026-07-09 23:04,AMZN,Stock,BUY,18,247.04
2026-07-09 23:04,GOOGL,Stock,BUY,27,358.89
2026-07-09 23:04,GOOG,Stock,BUY,27,356.24
2026-07-09 23:04,TSLA,Stock,SELL,15,406.55
2026-07-09 23:04,META,Stock,SELL,23,631.48
2026-07-09 23:04,ADBE,Stock,SELL,15,222.65
2026-07-09 23:04,AMD,Stock,BUY,16,546.72
2026-07-09 23:04,INTC,Stock,BUY,14,112.54
2026-07-09 23:04,CSCO,Stock,BUY,18,118.31
2026-07-09 23:04,QCOM,Stock,SELL,16,191.11
2026-07-09 23:04,CRM,Stock,BUY,25,162.5
2026-07-09 23:04,AVGO,Stock,BUY,11,401.11
2026-07-09 23:04,ORCL,Stock,SELL,34,144.22
2026-07-09 23:04,IBM,Stock,BUY,5,295.3
2026-07-09 23:04,TXN,Stock,BUY,18,308.53
2026-07-09 23:04,AMGN,Stock,BUY,34,363.62
2026-07-09 23:04,HON,Stock,SELL,14,223.42
2026-07-09 23:04,PEP,Stock,SELL,14,137.86
2026-07-09 23:04,KO,Stock,BUY,30,82.63
2026-07-09 23:04,MCD,Stock,BUY,17,276.49
2026-07-09 23:04,WMT,Stock,SELL,13,112.21
2026-07-09 23:04,CAT,Stock,BUY,16,938.39
2026-07-09 23:04,JNJ,Stock,BUY,41,259.1
2026-07-09 23:04,V,Stock,BUY,32,348.2
2026-07-09 23:04,HD,Stock,SELL,16,338.73
2026-07-09 23:04,BAC,Stock,BUY,38,59.25
2026-07-09 23:04,JPM,Stock,BUY,16,335.47
2026-07-09 23:04,UNH,Stock,BUY,24,431.68
2026-07-09 23:04,CVX,Stock,BUY,16,174.05
2026-07-09 23:04,XOM,Stock,SELL,17,137.46
2026-07-09 23:04,NFLX,Stock,SELL,15,75.47
2026-07-09 23:04,LMT,Stock,BUY,17,518.26
2026-07-09 23:04,BLK,Stock,BUY,9,1019.68
2026-07-09 23:04,SPGI,Stock,HOLD,0,432.96
2026-07-09 23:04,MS,Stock,SELL,15,222.13
2026-07-09 23:04,RTX,Stock,BUY,18,195.2
2026-07-09 23:04,SPY,ETF,BUY,40,751.71
2026-07-09 23:04,VOO,ETF,BUY,40,690.69
2026-07-09 23:04,IVV,ETF,BUY,40,755.05
2026-07-09 23:04,VTI,ETF,BUY,31,371.45
2026-07-09 23:04,QQQ,ETF,BUY,16,723.28
2026-07-09 23:04,VUG,ETF,BUY,40,86.98
2026-07-09 23:04,VEA,ETF,BUY,11,70.73
2026-07-09 23:04,VTV,ETF,BUY,18,218.56
2026-07-09 23:04,IEFA,ETF,BUY,22,96.73
2026-07-09 23:04,AGG,ETF,SELL,18,98.18
2026-07-09 23:04,IEMG,ETF,BUY,14,81.02
2026-07-09 23:04,IJH,ETF,SELL,12,75.7
2026-07-09 23:04,IJR,ETF,BUY,14,145.47
2026-07-09 23:04,VIG,ETF,BUY,23,238.62
2026-07-09 23:04,VYM,ETF,BUY,26,160.55
2026-07-09 23:04,SCHD,ETF,BUY,39,32.26
2026-07-09 23:04,XLK,ETF,BUY,18,185.35
2026-07-09 23:04,VT,ETF,BUY,12,157.0
2026-07-09 23:04,ACWI,ETF,BUY,13,157.02
2026-07-10 02:13,AAPL,Stock,BUY,27,316.22
2026-07-10 02:13,MSFT,Stock,SELL,13,384.36
2026-07-10 02:13,NVDA,Stock,SELL,11,202.78
2026-07-10 02:13,AMZN,Stock,BUY,18,247.04
2026-07-10 02:13,GOOGL,Stock,BUY,27,358.89
2026-07-10 02:13,GOOG,Stock,BUY,27,356.24
2026-07-10 02:13,TSLA,Stock,SELL,15,406.55
2026-07-10 02:13,META,Stock,SELL,23,631.48
2026-07-10 02:13,ADBE,Stock,SELL,15,222.65
2026-07-10 02:13,AMD,Stock,BUY,16,546.72
2026-07-10 02:13,INTC,Stock,BUY,14,112.54
2026-07-10 02:13,CSCO,Stock,BUY,18,118.31
2026-07-10 02:13,QCOM,Stock,SELL,16,191.11
2026-07-10 02:13,CRM,Stock,BUY,25,162.5
2026-07-10 02:13,AVGO,Stock,BUY,11,401.11
2026-07-10 02:13,ORCL,Stock,SELL,34,144.22
2026-07-10 02:13,IBM,Stock,BUY,5,295.3
2026-07-10 02:13,TXN,Stock,BUY,18,308.53
2026-07-10 02:13,AMGN,Stock,BUY,34,363.62
2026-07-10 02:13,HON,Stock,SELL,14,223.42
2026-07-10 02:13,PEP,Stock,SELL,14,137.86
2026-07-10 02:13,KO,Stock,BUY,30,82.63
2026-07-10 02:13,MCD,Stock,BUY,17,276.49
2026-07-10 02:13,WMT,Stock,SELL,13,112.21
2026-07-10 02:13,CAT,Stock,BUY,16,938.39
2026-07-10 02:13,JNJ,Stock,BUY,41,259.1
2026-07-10 02:13,V,Stock,BUY,32,348.2
2026-07-10 02:13,HD,Stock,SELL,16,338.73
2026-07-10 02:13,BAC,Stock,BUY,38,59.25
2026-07-10 02:13,JPM,Stock,BUY,16,335.47
2026-07-10 02:13,UNH,Stock,BUY,24,431.68
2026-07-10 02:13,CVX,Stock,BUY,16,174.05
2026-07-10 02:13,XOM,Stock,SELL,17,137.46
2026-07-10 02:13,NFLX,Stock,SELL,15,75.47
2026-07-10 02:13,LMT,Stock,BUY,17,518.26
2026-07-10 02:13,BLK,Stock,BUY,9,1019.68
2026-07-10 02:13,SPGI,Stock,HOLD,0,432.96
2026-07-10 02:13,MS,Stock,SELL,15,222.13
2026-07-10 02:13,RTX,Stock,BUY,18,195.2
2026-07-10 02:13,SPY,ETF,BUY,40,751.71
2026-07-10 02:13,VOO,ETF,BUY,40,690.69
2026-07-10 02:13,IVV,ETF,BUY,40,755.05
2026-07-10 02:13,VTI,ETF,BUY,31,371.45
2026-07-10 02:13,QQQ,ETF,BUY,16,723.28
2026-07-10 02:13,VUG,ETF,BUY,40,86.98
2026-07-10 02:13,VEA,ETF,BUY,11,70.73
2026-07-10 02:13,VTV,ETF,BUY,18,218.56
2026-07-10 02:13,IEFA,ETF,BUY,22,96.73
2026-07-10 02:13,AGG,ETF,SELL,18,98.18
2026-07-10 02:13,IEMG,ETF,BUY,14,81.02
2026-07-10 02:13,IJH,ETF,SELL,12,75.7
2026-07-10 02:13,IJR,ETF,BUY,14,145.47
2026-07-10 02:13,VIG,ETF,BUY,23,238.62
2026-07-10 02:13,VYM,ETF,BUY,26,160.55
2026-07-10 02:13,SCHD,ETF,BUY,39,32.26
2026-07-10 02:13,XLK,ETF,BUY,18,185.35
2026-07-10 02:13,VT,ETF,BUY,12,157.0
2026-07-10 02:13,ACWI,ETF,BUY,13,157.02
2026-07-10 06:36,AAPL,Stock,BUY,27,316.22
2026-07-10 06:36,MSFT,Stock,SELL,13,384.36
2026-07-10 06:36,NVDA,Stock,SELL,11,202.78
2026-07-10 06:36,AMZN,Stock,BUY,18,247.04
2026-07-10 06:36,GOOGL,Stock,BUY,27,358.89
2026-07-10 06:36,GOOG,Stock,BUY,27,356.24
2026-07-10 06:36,TSLA,Stock,SELL,15,406.55
2026-07-10 06:36,META,Stock,SELL,23,631.48
2026-07-10 06:36,ADBE,Stock,SELL,15,222.65
2026-07-10 06:36,AMD,Stock,BUY,16,546.72
2026-07-10 06:36,INTC,Stock,BUY,14,112.54
2026-07-10 06:36,CSCO,Stock,BUY,18,118.31
2026-07-10 06:36,QCOM,Stock,SELL,16,191.11
2026-07-10 06:36,CRM,Stock,BUY,25,162.5
2026-07-10 06:36,AVGO,Stock,BUY,11,401.11
2026-07-10 06:36,ORCL,Stock,SELL,34,144.22
2026-07-10 06:36,IBM,Stock,BUY,5,295.3
2026-07-10 06:36,TXN,Stock,BUY,18,308.53
2026-07-10 06:36,AMGN,Stock,BUY,34,363.62
2026-07-10 06:36,HON,Stock,SELL,14,223.42
2026-07-10 06:36,PEP,Stock,SELL,14,137.86
2026-07-10 06:36,KO,Stock,BUY,30,82.63
2026-07-10 06:36,MCD,Stock,BUY,17,276.49
2026-07-10 06:36,WMT,Stock,SELL,13,112.21
2026-07-10 06:36,CAT,Stock,BUY,16,938.39
2026-07-10 06:36,JNJ,Stock,BUY,41,259.1
2026-07-10 06:36,V,Stock,BUY,32,348.2
2026-07-10 06:36,HD,Stock,SELL,16,338.73
2026-07-10 06:36,BAC,Stock,BUY,38,59.25
2026-07-10 06:36,JPM,Stock,BUY,16,335.47
2026-07-10 06:36,UNH,Stock,BUY,24,431.68
2026-07-10 06:36,CVX,Stock,BUY,16,174.05
2026-07-10 06:36,XOM,Stock,SELL,17,137.46
2026-07-10 06:36,NFLX,Stock,SELL,15,75.47
2026-07-10 06:36,LMT,Stock,BUY,17,518.26
2026-07-10 06:36,BLK,Stock,BUY,9,1019.68
2026-07-10 06:36,SPGI,Stock,HOLD,0,432.96
2026-07-10 06:36,MS,Stock,SELL,15,222.13
2026-07-10 06:36,RTX,Stock,BUY,18,195.2
2026-07-10 06:36,SPY,ETF,BUY,40,751.71
2026-07-10 06:36,VOO,ETF,BUY,40,690.69
2026-07-10 06:36,IVV,ETF,BUY,40,755.05
2026-07-10 06:36,VTI,ETF,BUY,31,371.45
2026-07-10 06:36,QQQ,ETF,BUY,16,723.28
2026-07-10 06:36,VUG,ETF,BUY,40,86.98
2026-07-10 06:36,VEA,ETF,BUY,11,70.73
2026-07-10 06:36,VTV,ETF,BUY,18,218.56
2026-07-10 06:36,IEFA,ETF,BUY,22,96.73
2026-07-10 06:36,AGG,ETF,SELL,18,98.18
2026-07-10 06:36,IEMG,ETF,BUY,14,81.02
2026-07-10 06:36,IJH,ETF,SELL,12,75.7
2026-07-10 06:36,IJR,ETF,BUY,14,145.47
2026-07-10 06:36,VIG,ETF,BUY,23,238.62
2026-07-10 06:36,VYM,ETF,BUY,26,160.55
2026-07-10 06:36,SCHD,ETF,BUY,39,32.26
2026-07-10 06:36,XLK,ETF,BUY,18,185.35
2026-07-10 06:36,VT,ETF,BUY,12,157.0
2026-07-10 06:37,ACWI,ETF,BUY,13,157.02
2026-07-10 10:17,AAPL,Stock,BUY,27,316.22
2026-07-10 10:17,MSFT,Stock,SELL,13,384.36
2026-07-10 10:17,NVDA,Stock,SELL,11,202.78
2026-07-10 10:17,AMZN,Stock,BUY,18,247.04
2026-07-10 10:17,GOOGL,Stock,BUY,27,358.89
2026-07-10 10:17,GOOG,Stock,BUY,27,356.24
2026-07-10 10:17,TSLA,Stock,SELL,15,406.55
2026-07-10 10:17,META,Stock,SELL,23,631.48
2026-07-10 10:17,ADBE,Stock,SELL,15,222.65
2026-07-10 10:17,AMD,Stock,BUY,16,546.72
2026-07-10 10:17,INTC,Stock,BUY,14,112.54
2026-07-10 10:17,CSCO,Stock,BUY,18,118.31
2026-07-10 10:17,QCOM,Stock,SELL,16,191.11
2026-07-10 10:17,CRM,Stock,BUY,25,162.5
2026-07-10 10:17,AVGO,Stock,BUY,11,401.11
2026-07-10 10:17,ORCL,Stock,SELL,34,144.22
2026-07-10 10:17,IBM,Stock,BUY,5,295.3
2026-07-10 10:17,TXN,Stock,BUY,18,308.53
2026-07-10 10:17,AMGN,Stock,BUY,34,363.62
2026-07-10 10:17,HON,Stock,SELL,14,223.42
2026-07-10 10:17,PEP,Stock,SELL,14,137.86
2026-07-10 10:17,KO,Stock,BUY,30,82.63
2026-07-10 10:17,MCD,Stock,BUY,17,276.49
2026-07-10 10:17,WMT,Stock,SELL,13,112.21
2026-07-10 10:17,CAT,Stock,BUY,16,938.39
2026-07-10 10:17,JNJ,Stock,BUY,41,259.1
2026-07-10 10:17,V,Stock,BUY,32,348.2
2026-07-10 10:17,HD,Stock,SELL,16,338.73
2026-07-10 10:17,BAC,Stock,BUY,38,59.25
2026-07-10 10:17,JPM,Stock,BUY,16,335.47
2026-07-10 10:17,UNH,Stock,BUY,24,431.68
2026-07-10 10:17,CVX,Stock,BUY,16,174.05
2026-07-10 10:17,XOM,Stock,SELL,17,137.46
2026-07-10 10:17,NFLX,Stock,SELL,15,75.47
2026-07-10 10:17,LMT,Stock,BUY,17,518.26
2026-07-10 10:17,BLK,Stock,BUY,9,1019.68
2026-07-10 10:17,SPGI,Stock,HOLD,0,432.96
2026-07-10 10:17,MS,Stock,SELL,15,222.13
2026-07-10 10:17,RTX,Stock,BUY,18,195.2
2026-07-10 10:17,SPY,ETF,BUY,40,751.71
2026-07-10 10:17,VOO,ETF,BUY,40,690.69
2026-07-10 10:17,IVV,ETF,BUY,40,755.05
2026-07-10 10:17,VTI,ETF,BUY,31,371.45
2026-07-10 10:17,QQQ,ETF,BUY,16,723.28
2026-07-10 10:17,VUG,ETF,BUY,40,86.98
2026-07-10 10:17,VEA,ETF,BUY,11,70.73
2026-07-10 10:17,VTV,ETF,BUY,18,218.56
2026-07-10 10:17,IEFA,ETF,BUY,22,96.73
2026-07-10 10:17,AGG,ETF,SELL,18,98.18
2026-07-10 10:17,IEMG,ETF,BUY,14,81.02
2026-07-10 10:17,IJH,ETF,SELL,12,75.7
2026-07-10 10:17,IJR,ETF,BUY,14,145.47
2026-07-10 10:17,VIG,ETF,BUY,23,238.62
2026-07-10 10:17,VYM,ETF,BUY,26,160.55
2026-07-10 10:17,SCHD,ETF,BUY,39,32.26
2026-07-10 10:17,XLK,ETF,BUY,18,185.35
2026-07-10 10:17,VT,ETF,BUY,12,157.0
2026-07-10 10:17,ACWI,ETF,BUY,13,157.02
2026-07-10 13:06,AAPL,Stock,BUY,27,316.22
2026-07-10 13:06,MSFT,Stock,SELL,13,384.36
2026-07-10 13:06,NVDA,Stock,SELL,11,202.78
2026-07-10 13:06,AMZN,Stock,BUY,18,247.04
2026-07-10 13:06,GOOGL,Stock,BUY,27,358.89
2026-07-10 13:06,GOOG,Stock,BUY,27,356.24
2026-07-10 13:06,TSLA,Stock,SELL,15,406.55
2026-07-10 13:06,META,Stock,SELL,23,631.48
2026-07-10 13:06,ADBE,Stock,SELL,15,222.65
2026-07-10 13:06,AMD,Stock,BUY,16,546.72
2026-07-10 13:06,INTC,Stock,BUY,14,112.54
2026-07-10 13:06,CSCO,Stock,BUY,18,118.31
2026-07-10 13:06,QCOM,Stock,SELL,16,191.11
2026-07-10 13:06,CRM,Stock,BUY,25,162.5
2026-07-10 13:06,AVGO,Stock,BUY,11,401.11
2026-07-10 13:06,ORCL,Stock,SELL,34,144.22
2026-07-10 13:06,IBM,Stock,BUY,5,295.3
2026-07-10 13:06,TXN,Stock,BUY,18,308.53
2026-07-10 13:06,AMGN,Stock,BUY,34,363.62
2026-07-10 13:06,HON,Stock,SELL,14,223.42
2026-07-10 13:06,PEP,Stock,SELL,14,137.86
2026-07-10 13:06,KO,Stock,BUY,30,82.63
2026-07-10 13:06,MCD,Stock,BUY,17,276.49
2026-07-10 13:06,WMT,Stock,SELL,13,112.21
2026-07-10 13:06,CAT,Stock,BUY,16,938.39
2026-07-10 13:06,JNJ,Stock,BUY,41,259.1
2026-07-10 13:06,V,Stock,BUY,32,348.2
2026-07-10 13:06,HD,Stock,SELL,16,338.73
2026-07-10 13:06,BAC,Stock,BUY,38,59.25
2026-07-10 13:06,JPM,Stock,BUY,16,335.47
2026-07-10 13:06,UNH,Stock,BUY,24,431.68
2026-07-10 13:06,CVX,Stock,BUY,16,174.05
2026-07-10 13:06,XOM,Stock,SELL,17,137.46
2026-07-10 13:06,NFLX,Stock,SELL,15,75.47
2026-07-10 13:06,LMT,Stock,BUY,17,518.26
2026-07-10 13:06,BLK,Stock,BUY,9,1019.68
2026-07-10 13:06,SPGI,Stock,HOLD,0,432.96
2026-07-10 13:06,MS,Stock,SELL,15,222.13
2026-07-10 13:06,RTX,Stock,BUY,18,195.2
2026-07-10 13:06,SPY,ETF,BUY,40,751.71
2026-07-10 13:06,VOO,ETF,BUY,40,690.69
2026-07-10 13:06,IVV,ETF,BUY,40,755.05
2026-07-10 13:06,VTI,ETF,BUY,31,371.45
2026-07-10 13:06,QQQ,ETF,BUY,16,723.28
2026-07-10 13:06,VUG,ETF,BUY,40,86.98
2026-07-10 13:06,VEA,ETF,BUY,11,70.73
2026-07-10 13:06,VTV,ETF,BUY,18,218.56
2026-07-10 13:06,IEFA,ETF,BUY,22,96.73
2026-07-10 13:06,AGG,ETF,SELL,18,98.18
2026-07-10 13:06,IEMG,ETF,BUY,14,81.02
2026-07-10 13:06,IJH,ETF,SELL,12,75.7
2026-07-10 13:06,IJR,ETF,BUY,14,145.47
2026-07-10 13:06,VIG,ETF,BUY,23,238.62
2026-07-10 13:06,VYM,ETF,BUY,26,160.55
2026-07-10 13:06,SCHD,ETF,BUY,39,32.26
2026-07-10 13:06,XLK,ETF,BUY,18,185.35
2026-07-10 13:06,VT,ETF,BUY,12,157.0
2026-07-10 13:06,ACWI,ETF,BUY,13,157.02
2026-07-10 16:18,AAPL,Stock,BUY,28,314.24
2026-07-10 16:18,MSFT,Stock,SELL,13,384.6
2026-07-10 16:18,NVDA,Stock,SELL,11,209.6
2026-07-10 16:18,AMZN,Stock,BUY,18,246.33
2026-07-10 16:18,GOOGL,Stock,BUY,26,354.93
2026-07-10 16:18,GOOG,Stock,BUY,27,353.06
2026-07-10 16:18,TSLA,Stock,BUY,15,411.2
2026-07-10 16:18,META,Stock,SELL,23,669.38
2026-07-10 16:18,ADBE,Stock,SELL,15,224.74
2026-07-10 16:18,AMD,Stock,BUY,16,553.5
2026-07-10 16:18,INTC,Stock,BUY,14,109.43
2026-07-10 16:18,CSCO,Stock,BUY,18,120.32
2026-07-10 16:18,QCOM,Stock,SELL,16,189.27
2026-07-10 16:18,CRM,Stock,BUY,25,163.04
2026-07-10 16:18,AVGO,Stock,BUY,11,401.09
2026-07-10 16:18,ORCL,Stock,SELL,33,141.85
2026-07-10 16:18,IBM,Stock,BUY,10,290.14
2026-07-10 16:18,TXN,Stock,BUY,37,312.28
2026-07-10 16:18,AMGN,Stock,BUY,33,363.87
2026-07-10 16:18,HON,Stock,SELL,15,227.54
2026-07-10 16:18,PEP,Stock,SELL,29,136.6
2026-07-10 16:18,KO,Stock,BUY,30,83.39
2026-07-10 16:18,MCD,Stock,BUY,17,276.14
2026-07-10 16:18,WMT,Stock,BUY,9,113.64
2026-07-10 16:18,CAT,Stock,BUY,16,954.85
2026-07-10 16:18,JNJ,Stock,BUY,40,256.39
2026-07-10 16:18,V,Stock,BUY,30,346.04
2026-07-10 16:18,HD,Stock,SELL,16,342.58
2026-07-10 16:18,BAC,Stock,BUY,39,59.73
2026-07-10 16:18,JPM,Stock,BUY,16,336.39
2026-07-10 16:18,UNH,Stock,BUY,11,425.25
2026-07-10 16:18,CVX,Stock,BUY,16,173.84
2026-07-10 16:18,XOM,Stock,SELL,16,137.53
2026-07-10 16:18,NFLX,Stock,SELL,15,73.13
2026-07-10 16:18,LMT,Stock,BUY,17,518.17
2026-07-10 16:18,BLK,Stock,BUY,9,1035.26
2026-07-10 16:18,SPGI,Stock,HOLD,0,428.32
2026-07-10 16:18,MS,Stock,SELL,15,222.51
2026-07-10 16:18,RTX,Stock,BUY,17,194.6
2026-07-10 16:18,SPY,ETF,BUY,40,753.48
2026-07-10 16:18,VOO,ETF,BUY,40,692.71
2026-07-10 16:18,IVV,ETF,BUY,40,757.03
2026-07-10 16:18,VTI,ETF,BUY,31,372.08
2026-07-10 16:18,QQQ,ETF,BUY,16,724.63
2026-07-10 16:18,VUG,ETF,BUY,40,87.22
2026-07-10 16:18,VEA,ETF,BUY,11,71.08
2026-07-10 16:18,VTV,ETF,BUY,18,218.8
2026-07-10 16:18,IEFA,ETF,BUY,22,97.39
2026-07-10 16:18,AGG,ETF,SELL,18,98.15
2026-07-10 16:18,IEMG,ETF,BUY,14,81.29
2026-07-10 16:18,IJH,ETF,SELL,12,75.68
2026-07-10 16:18,IJR,ETF,BUY,14,145.57
2026-07-10 16:18,VIG,ETF,BUY,22,238.57
2026-07-10 16:18,VYM,ETF,BUY,26,160.94
2026-07-10 16:18,SCHD,ETF,BUY,39,32.31
2026-07-10 16:18,XLK,ETF,BUY,18,185.53
2026-07-10 16:18,VT,ETF,BUY,25,157.53
2026-07-10 16:18,ACWI,ETF,BUY,27,157.57
2026-07-10 18:18,AAPL,Stock,BUY,28,314.39
2026-07-10 18:18,MSFT,Stock,SELL,13,383.79
2026-07-10 18:18,NVDA,Stock,SELL,11,210.38
2026-07-10 18:18,AMZN,Stock,BUY,18,245.34
2026-07-10 18:18,GOOGL,Stock,BUY,26,355.42
2026-07-10 18:18,GOOG,Stock,BUY,27,353.13
2026-07-10 18:18,TSLA,Stock,BUY,15,409.94
2026-07-10 18:18,META,Stock,SELL,23,670.23
2026-07-10 18:18,ADBE,Stock,SELL,15,223.21
2026-07-10 18:18,AMD,Stock,BUY,16,555.97
2026-07-10 18:18,INTC,Stock,BUY,14,110.1
2026-07-10 18:18,CSCO,Stock,BUY,18,120.34
2026-07-10 18:18,QCOM,Stock,SELL,16,188.74
2026-07-10 18:18,CRM,Stock,BUY,25,162.81
2026-07-10 18:18,AVGO,Stock,BUY,11,399.96
2026-07-10 18:18,ORCL,Stock,SELL,33,141.27
2026-07-10 18:18,IBM,Stock,BUY,5,288.88
2026-07-10 18:18,TXN,Stock,BUY,37,310.88
2026-07-10 18:18,AMGN,Stock,BUY,33,361.82
2026-07-10 18:18,HON,Stock,SELL,15,227.42
2026-07-10 18:18,PEP,Stock,SELL,14,136.98
2026-07-10 18:18,KO,Stock,BUY,30,83.42
2026-07-10 18:18,MCD,Stock,BUY,17,276.3
2026-07-10 18:18,WMT,Stock,BUY,9,113.83
2026-07-10 18:18,CAT,Stock,BUY,16,955.83
2026-07-10 18:18,JNJ,Stock,BUY,40,256.63
2026-07-10 18:18,V,Stock,BUY,30,346.71
2026-07-10 18:18,HD,Stock,SELL,16,343.17
2026-07-10 18:18,BAC,Stock,BUY,39,59.83
2026-07-10 18:18,JPM,Stock,BUY,16,336.67
2026-07-10 18:18,UNH,Stock,BUY,11,425.1
2026-07-10 18:18,CVX,Stock,BUY,16,174.76
2026-07-10 18:18,XOM,Stock,SELL,16,137.95
2026-07-10 18:18,NFLX,Stock,SELL,15,73.2
2026-07-10 18:18,LMT,Stock,BUY,17,519.61
2026-07-10 18:18,BLK,Stock,BUY,9,1036.19
2026-07-10 18:18,SPGI,Stock,HOLD,0,429.29
2026-07-10 18:18,MS,Stock,SELL,15,222.59
2026-07-10 18:18,RTX,Stock,BUY,17,195.64
2026-07-10 18:18,SPY,ETF,BUY,40,754.28
2026-07-10 18:18,VOO,ETF,BUY,40,693.3
2026-07-10 18:18,IVV,ETF,BUY,40,757.87
2026-07-10 18:18,VTI,ETF,BUY,31,372.48
2026-07-10 18:18,QQQ,ETF,BUY,16,725.51
2026-07-10 18:18,VUG,ETF,BUY,40,87.3
2026-07-10 18:18,VEA,ETF,BUY,11,71.03
2026-07-10 18:18,VTV,ETF,BUY,18,219.18
2026-07-10 18:18,IEFA,ETF,BUY,22,97.29
2026-07-10 18:18,AGG,ETF,SELL,18,98.05
2026-07-10 18:18,IEMG,ETF,BUY,14,81.29
2026-07-10 18:18,IJH,ETF,SELL,12,75.74
2026-07-10 18:18,IJR,ETF,BUY,14,145.66
2026-07-10 18:18,VIG,ETF,BUY,24,238.7
2026-07-10 18:18,VYM,ETF,BUY,26,161.1
2026-07-10 18:18,SCHD,ETF,BUY,39,32.35
2026-07-10 18:18,XLK,ETF,BUY,18,185.67
2026-07-10 18:18,VT,ETF,BUY,25,157.61
2026-07-10 18:18,ACWI,ETF,BUY,27,157.65
2026-07-10 20:16,AAPL,Stock,BUY,28,315.32
2026-07-10 20:16,MSFT,Stock,SELL,13,385.1
2026-07-10 20:16,NVDA,Stock,SELL,11,210.96
2026-07-10 20:16,AMZN,Stock,BUY,18,245.34
2026-07-10 20:16,GOOGL,Stock,BUY,26,357.18
2026-07-10 20:16,GOOG,Stock,BUY,27,355.03
2026-07-10 20:16,TSLA,Stock,SELL,15,407.76
2026-07-10 20:16,META,Stock,SELL,23,669.21
2026-07-10 20:16,ADBE,Stock,SELL,15,223.64
2026-07-10 20:16,AMD,Stock,BUY,16,557.89
2026-07-10 20:16,INTC,Stock,BUY,14,109.84
2026-07-10 20:16,CSCO,Stock,BUY,18,121.31
2026-07-10 20:16,QCOM,Stock,SELL,16,189.16
2026-07-10 20:16,CRM,Stock,BUY,25,163.32
2026-07-10 20:16,AVGO,Stock,BUY,11,399.97
2026-07-10 20:16,ORCL,Stock,SELL,33,140.68
2026-07-10 20:16,IBM,Stock,BUY,5,287.56
2026-07-10 20:16,TXN,Stock,BUY,37,311.46
2026-07-10 20:16,AMGN,Stock,BUY,33,363.39
2026-07-10 20:16,HON,Stock,SELL,15,226.42
2026-07-10 20:16,PEP,Stock,SELL,14,137.38
2026-07-10 20:16,KO,Stock,BUY,30,83.49
2026-07-10 20:16,MCD,Stock,BUY,17,274.6
2026-07-10 20:16,WMT,Stock,BUY,9,113.9
2026-07-10 20:16,CAT,Stock,BUY,16,952.41
2026-07-10 20:16,JNJ,Stock,BUY,40,256.98
2026-07-10 20:16,V,Stock,BUY,30,348.97
2026-07-10 20:16,HD,Stock,SELL,16,343.3
2026-07-10 20:16,BAC,Stock,BUY,39,59.67
2026-07-10 20:16,JPM,Stock,BUY,16,336.47
2026-07-10 20:16,UNH,Stock,BUY,11,424.62
2026-07-10 20:16,CVX,Stock,BUY,16,176.4
2026-07-10 20:16,XOM,Stock,SELL,16,138.83
2026-07-10 20:16,NFLX,Stock,SELL,15,73.37
2026-07-10 20:16,LMT,Stock,BUY,17,523.22
2026-07-10 20:16,BLK,Stock,BUY,9,1036.11
2026-07-10 20:16,SPGI,Stock,HOLD,0,430.5
2026-07-10 20:16,MS,Stock,SELL,15,222.3
2026-07-10 20:16,RTX,Stock,BUY,17,195.93
2026-07-10 20:16,SPY,ETF,BUY,40,754.94
2026-07-10 20:16,VOO,ETF,BUY,40,693.83
2026-07-10 20:16,IVV,ETF,BUY,40,758.11
2026-07-10 20:16,VTI,ETF,BUY,31,372.69
2026-07-10 20:16,QQQ,ETF,BUY,16,725.51
2026-07-10 20:16,VUG,ETF,BUY,40,87.4
2026-07-10 20:16,VEA,ETF,BUY,11,70.99
2026-07-10 20:16,VTV,ETF,BUY,18,219.2
2026-07-10 20:16,IEFA,ETF,BUY,22,97.22
2026-07-10 20:16,AGG,ETF,SELL,18,98.08
2026-07-10 20:16,IEMG,ETF,BUY,14,81.32
2026-07-10 20:16,IJH,ETF,SELL,12,75.67
2026-07-10 20:16,IJR,ETF,BUY,14,145.56
2026-07-10 20:16,VIG,ETF,BUY,24,238.84
2026-07-10 20:16,VYM,ETF,BUY,26,161.06
2026-07-10 20:16,SCHD,ETF,BUY,39,32.4
2026-07-10 20:16,XLK,ETF,BUY,18,185.79
2026-07-10 20:16,VT,ETF,BUY,25,157.63
2026-07-10 20:16,ACWI,ETF,BUY,27,157.68
2026-07-10 21:54,AAPL,Stock,BUY,28,315.32
2026-07-10 21:54,MSFT,Stock,SELL,13,385.1
2026-07-10 21:54,NVDA,Stock,SELL,11,210.96
2026-07-10 21:54,AMZN,Stock,BUY,18,245.34
2026-07-10 21:54,GOOGL,Stock,BUY,26,357.18
2026-07-10 21:54,GOOG,Stock,BUY,27,355.03
2026-07-10 21:54,TSLA,Stock,SELL,15,407.76
2026-07-10 21:54,META,Stock,SELL,23,669.21
2026-07-10 21:54,ADBE,Stock,SELL,15,223.64
2026-07-10 21:54,AMD,Stock,BUY,16,557.89
2026-07-10 21:54,INTC,Stock,BUY,14,109.84
2026-07-10 21:54,CSCO,Stock,BUY,18,121.31
2026-07-10 21:54,QCOM,Stock,SELL,16,189.16
2026-07-10 21:54,CRM,Stock,BUY,25,163.32
2026-07-10 21:54,AVGO,Stock,BUY,11,399.97
2026-07-10 21:54,ORCL,Stock,SELL,33,140.64
2026-07-10 21:54,IBM,Stock,BUY,5,287.56
2026-07-10 21:54,TXN,Stock,BUY,37,311.46
2026-07-10 21:54,AMGN,Stock,BUY,33,363.39
2026-07-10 21:54,HON,Stock,SELL,15,226.42
2026-07-10 21:54,PEP,Stock,SELL,14,137.38
2026-07-10 21:54,KO,Stock,BUY,30,83.49
2026-07-10 21:54,MCD,Stock,BUY,17,274.6
2026-07-10 21:54,WMT,Stock,BUY,9,113.9
2026-07-10 21:54,CAT,Stock,BUY,16,952.41
2026-07-10 21:54,JNJ,Stock,BUY,40,256.98
2026-07-10 21:54,V,Stock,BUY,30,348.97
2026-07-10 21:54,HD,Stock,SELL,16,343.3
2026-07-10 21:54,BAC,Stock,BUY,39,59.67
2026-07-10 21:54,JPM,Stock,BUY,16,336.47
2026-07-10 21:54,UNH,Stock,BUY,11,424.62
2026-07-10 21:54,CVX,Stock,BUY,16,176.4
2026-07-10 21:54,XOM,Stock,SELL,16,138.88
2026-07-10 21:54,NFLX,Stock,SELL,15,73.37
2026-07-10 21:54,LMT,Stock,BUY,17,523.22
2026-07-10 21:54,BLK,Stock,BUY,9,1036.11
2026-07-10 21:54,SPGI,Stock,HOLD,0,430.5
2026-07-10 21:54,MS,Stock,SELL,15,222.28
2026-07-10 21:54,RTX,Stock,BUY,17,195.93
2026-07-10 21:54,SPY,ETF,BUY,40,754.95
2026-07-10 21:54,VOO,ETF,BUY,40,693.86
2026-07-10 21:54,IVV,ETF,BUY,40,758.11
2026-07-10 21:54,VTI,ETF,BUY,31,372.69
2026-07-10 21:54,QQQ,ETF,BUY,16,725.51
2026-07-10 21:54,VUG,ETF,BUY,40,87.4
2026-07-10 21:54,VEA,ETF,BUY,11,70.99
2026-07-10 21:54,VTV,ETF,BUY,18,219.2
2026-07-10 21:54,IEFA,ETF,BUY,22,97.22
2026-07-10 21:54,AGG,ETF,SELL,18,98.08
2026-07-10 21:54,IEMG,ETF,BUY,14,81.32
2026-07-10 21:54,IJH,ETF,SELL,12,75.67
2026-07-10 21:54,IJR,ETF,BUY,14,145.56
2026-07-10 21:54,VIG,ETF,BUY,24,238.84
2026-07-10 21:55,VYM,ETF,BUY,26,161.06
2026-07-10 21:55,SCHD,ETF,BUY,39,32.4
2026-07-10 21:55,XLK,ETF,BUY,18,185.78
2026-07-10 21:55,VT,ETF,BUY,25,157.63
2026-07-10 21:55,ACWI,ETF,BUY,27,157.68
2026-07-10 22:54,AAPL,Stock,BUY,28,315.32
2026-07-10 22:54,MSFT,Stock,SELL,13,385.1
2026-07-10 22:54,NVDA,Stock,SELL,11,210.96
2026-07-10 22:54,AMZN,Stock,BUY,18,245.34
2026-07-10 22:54,GOOGL,Stock,BUY,26,357.18
2026-07-10 22:54,GOOG,Stock,BUY,27,355.03
2026-07-10 22:54,TSLA,Stock,SELL,15,407.76
2026-07-10 22:54,META,Stock,SELL,23,669.21
2026-07-10 22:54,ADBE,Stock,SELL,15,223.64
2026-07-10 22:54,AMD,Stock,BUY,16,557.89
2026-07-10 22:54,INTC,Stock,BUY,14,109.84
2026-07-10 22:54,CSCO,Stock,BUY,18,121.31
2026-07-10 22:54,QCOM,Stock,SELL,16,189.16
2026-07-10 22:54,CRM,Stock,BUY,25,163.32
2026-07-10 22:54,AVGO,Stock,BUY,11,399.97
2026-07-10 22:54,ORCL,Stock,SELL,33,140.64
2026-07-10 22:54,IBM,Stock,BUY,5,287.56
2026-07-10 22:54,TXN,Stock,BUY,37,311.46
2026-07-10 22:54,AMGN,Stock,BUY,33,363.39
2026-07-10 22:54,HON,Stock,SELL,15,226.42
2026-07-10 22:54,PEP,Stock,SELL,14,137.38
2026-07-10 22:54,KO,Stock,BUY,30,83.49
2026-07-10 22:54,MCD,Stock,BUY,17,274.6
2026-07-10 22:54,WMT,Stock,BUY,9,113.9
2026-07-10 22:54,CAT,Stock,BUY,16,952.41
2026-07-10 22:54,JNJ,Stock,BUY,40,256.98
2026-07-10 22:54,V,Stock,BUY,30,348.97
2026-07-10 22:54,HD,Stock,SELL,16,343.3
2026-07-10 22:54,BAC,Stock,BUY,39,59.67
2026-07-10 22:54,JPM,Stock,BUY,16,336.47
2026-07-10 22:54,UNH,Stock,BUY,11,424.62
2026-07-10 22:54,CVX,Stock,BUY,16,176.4
2026-07-10 22:54,XOM,Stock,SELL,16,138.88
2026-07-10 22:54,NFLX,Stock,SELL,15,73.37
2026-07-10 22:54,LMT,Stock,BUY,17,523.22
2026-07-10 22:54,BLK,Stock,BUY,9,1036.11
2026-07-10 22:54,SPGI,Stock,HOLD,0,430.5
2026-07-10 22:54,MS,Stock,SELL,15,222.28
2026-07-10 22:54,RTX,Stock,BUY,17,195.93
2026-07-10 22:54,SPY,ETF,BUY,40,754.95
2026-07-10 22:54,VOO,ETF,BUY,40,693.86
2026-07-10 22:54,IVV,ETF,BUY,40,758.11
2026-07-10 22:54,VTI,ETF,BUY,31,372.69
2026-07-10 22:54,QQQ,ETF,BUY,16,725.51
2026-07-10 22:54,VUG,ETF,BUY,40,87.4
2026-07-10 22:54,VEA,ETF,BUY,11,70.99
2026-07-10 22:54,VTV,ETF,BUY,18,219.2
2026-07-10 22:54,IEFA,ETF,BUY,22,97.22
2026-07-10 22:54,AGG,ETF,SELL,18,98.08
2026-07-10 22:54,IEMG,ETF,BUY,14,81.32
2026-07-10 22:54,IJH,ETF,SELL,12,75.67
2026-07-10 22:54,IJR,ETF,BUY,14,145.56
2026-07-10 22:54,VIG,ETF,BUY,24,238.84
2026-07-10 22:54,VYM,ETF,BUY,26,161.06
2026-07-10 22:54,SCHD,ETF,BUY,39,32.4
2026-07-10 22:54,XLK,ETF,BUY,18,185.78
2026-07-10 22:54,VT,ETF,BUY,25,157.63
2026-07-10 22:54,ACWI,ETF,BUY,27,157.68
2026-07-10 23:53,AAPL,Stock,BUY,28,315.32
2026-07-10 23:53,MSFT,Stock,SELL,13,385.1
2026-07-10 23:53,NVDA,Stock,SELL,11,210.96
2026-07-10 23:53,AMZN,Stock,BUY,18,245.34
2026-07-10 23:53,GOOGL,Stock,BUY,26,357.18
2026-07-10 23:53,GOOG,Stock,BUY,27,355.03
2026-07-10 23:53,TSLA,Stock,SELL,15,407.76
2026-07-10 23:53,META,Stock,SELL,23,669.21
2026-07-10 23:53,ADBE,Stock,SELL,15,223.64
2026-07-10 23:53,AMD,Stock,BUY,16,557.89
2026-07-10 23:53,INTC,Stock,BUY,14,109.84
2026-07-10 23:53,CSCO,Stock,BUY,18,121.31
2026-07-10 23:53,QCOM,Stock,SELL,16,189.16
2026-07-10 23:53,CRM,Stock,BUY,25,163.32
2026-07-10 23:53,AVGO,Stock,BUY,11,399.97
2026-07-10 23:53,ORCL,Stock,SELL,33,140.64
2026-07-10 23:53,IBM,Stock,BUY,5,287.56
2026-07-10 23:53,TXN,Stock,BUY,37,311.46
2026-07-10 23:53,AMGN,Stock,BUY,33,363.39
2026-07-10 23:53,HON,Stock,SELL,15,226.42
2026-07-10 23:53,PEP,Stock,SELL,14,137.38
2026-07-10 23:53,KO,Stock,BUY,30,83.49
2026-07-10 23:53,MCD,Stock,BUY,17,274.6
2026-07-10 23:53,WMT,Stock,BUY,9,113.9
2026-07-10 23:53,CAT,Stock,BUY,16,952.41
2026-07-10 23:53,JNJ,Stock,BUY,40,256.98
2026-07-10 23:53,V,Stock,BUY,30,348.97
2026-07-10 23:53,HD,Stock,SELL,16,343.3
2026-07-10 23:53,BAC,Stock,BUY,39,59.67
2026-07-10 23:53,JPM,Stock,BUY,16,336.47
2026-07-10 23:53,UNH,Stock,BUY,11,424.62
2026-07-10 23:53,CVX,Stock,BUY,16,176.4
2026-07-10 23:53,XOM,Stock,SELL,16,138.88
2026-07-10 23:53,NFLX,Stock,SELL,15,73.37
2026-07-10 23:53,LMT,Stock,BUY,17,523.22
2026-07-10 23:53,BLK,Stock,BUY,9,1036.11
2026-07-10 23:53,SPGI,Stock,HOLD,0,430.5
2026-07-10 23:53,MS,Stock,SELL,15,222.28
2026-07-10 23:53,RTX,Stock,BUY,17,195.93
2026-07-10 23:53,SPY,ETF,BUY,40,754.95
2026-07-10 23:53,VOO,ETF,BUY,40,693.86
2026-07-10 23:53,IVV,ETF,BUY,40,758.11
2026-07-10 23:53,VTI,ETF,BUY,31,372.69
2026-07-10 23:53,QQQ,ETF,BUY,16,725.51
2026-07-10 23:53,VUG,ETF,BUY,40,87.4
2026-07-10 23:53,VEA,ETF,BUY,11,70.99
2026-07-10 23:53,VTV,ETF,BUY,18,219.2
2026-07-10 23:53,IEFA,ETF,BUY,22,97.22
2026-07-10 23:53,AGG,ETF,SELL,18,98.08
2026-07-10 23:53,IEMG,ETF,BUY,14,81.32
2026-07-10 23:53,IJH,ETF,SELL,12,75.67
2026-07-10 23:53,IJR,ETF,BUY,14,145.56
2026-07-10 23:53,VIG,ETF,BUY,24,238.84
2026-07-10 23:53,VYM,ETF,BUY,26,161.06
2026-07-10 23:53,SCHD,ETF,BUY,39,32.4
2026-07-10 23:53,XLK,ETF,BUY,18,185.78
2026-07-10 23:53,VT,ETF,BUY,25,157.63
2026-07-10 23:53,ACWI,ETF,BUY,27,157.68
2026-07-11 01:58,AAPL,Stock,BUY,28,315.32
2026-07-11 01:58,MSFT,Stock,SELL,13,385.1
2026-07-11 01:58,NVDA,Stock,SELL,11,210.96
2026-07-11 01:58,AMZN,Stock,BUY,18,245.34
2026-07-11 01:58,GOOGL,Stock,BUY,26,357.18
2026-07-11 01:58,GOOG,Stock,BUY,27,355.03
2026-07-11 01:58,TSLA,Stock,SELL,15,407.76
2026-07-11 01:58,META,Stock,SELL,23,669.21
2026-07-11 01:58,ADBE,Stock,SELL,15,223.64
2026-07-11 01:59,AMD,Stock,BUY,16,557.89
2026-07-11 01:59,INTC,Stock,BUY,14,109.84
2026-07-11 01:59,CSCO,Stock,BUY,18,121.31
2026-07-11 01:59,QCOM,Stock,SELL,16,189.16
2026-07-11 01:59,CRM,Stock,BUY,25,163.32
2026-07-11 01:59,AVGO,Stock,BUY,11,399.97
2026-07-11 01:59,ORCL,Stock,SELL,33,140.64
2026-07-11 01:59,IBM,Stock,BUY,5,287.56
2026-07-11 01:59,TXN,Stock,BUY,37,311.46
2026-07-11 01:59,AMGN,Stock,BUY,33,363.39
2026-07-11 01:59,HON,Stock,SELL,15,226.42
2026-07-11 01:59,PEP,Stock,SELL,14,137.38
2026-07-11 01:59,KO,Stock,BUY,30,83.49
2026-07-11 01:59,MCD,Stock,BUY,17,274.6
2026-07-11 01:59,WMT,Stock,BUY,9,113.9
2026-07-11 01:59,CAT,Stock,BUY,16,952.41
2026-07-11 01:59,JNJ,Stock,BUY,40,256.98
2026-07-11 01:59,V,Stock,BUY,30,348.97
2026-07-11 01:59,HD,Stock,SELL,16,343.3
2026-07-11 01:59,BAC,Stock,BUY,39,59.67
2026-07-11 01:59,JPM,Stock,BUY,16,336.47
2026-07-11 01:59,UNH,Stock,BUY,11,424.62
2026-07-11 01:59,CVX,Stock,BUY,16,176.4
2026-07-11 01:59,XOM,Stock,SELL,16,138.88
2026-07-11 01:59,NFLX,Stock,SELL,15,73.37
2026-07-11 01:59,LMT,Stock,BUY,17,523.22
2026-07-11 01:59,BLK,Stock,BUY,9,1036.11
2026-07-11 01:59,SPGI,Stock,HOLD,0,430.5
2026-07-11 01:59,MS,Stock,SELL,15,222.28
2026-07-11 01:59,RTX,Stock,BUY,17,195.93
2026-07-11 01:59,SPY,ETF,BUY,40,754.95
2026-07-11 01:59,VOO,ETF,BUY,40,693.86
2026-07-11 01:59,IVV,ETF,BUY,40,758.11
2026-07-11 01:59,VTI,ETF,BUY,31,372.69
2026-07-11 01:59,QQQ,ETF,BUY,16,725.51
2026-07-11 01:59,VUG,ETF,BUY,40,87.4
2026-07-11 01:59,VEA,ETF,BUY,11,70.99
2026-07-11 01:59,VTV,ETF,BUY,18,219.2
2026-07-11 01:59,IEFA,ETF,BUY,22,97.22
2026-07-11 01:59,AGG,ETF,SELL,18,98.08
2026-07-11 01:59,IEMG,ETF,BUY,14,81.32
2026-07-11 01:59,IJH,ETF,SELL,12,75.67
2026-07-11 01:59,IJR,ETF,BUY,14,145.56
2026-07-11 01:59,VIG,ETF,BUY,24,238.84
2026-07-11 01:59,VYM,ETF,BUY,26,161.06
2026-07-11 01:59,SCHD,ETF,BUY,39,32.4
2026-07-11 01:59,XLK,ETF,BUY,18,185.78
2026-07-11 01:59,VT,ETF,BUY,25,157.63
2026-07-11 01:59,ACWI,ETF,BUY,27,157.68
2026-07-11 05:15,AAPL,Stock,BUY,28,315.32
2026-07-11 05:15,MSFT,Stock,SELL,13,385.1
2026-07-11 05:15,NVDA,Stock,SELL,11,210.96
2026-07-11 05:15,AMZN,Stock,BUY,18,245.34
2026-07-11 05:15,GOOGL,Stock,BUY,26,357.18
2026-07-11 05:15,GOOG,Stock,BUY,27,355.03
2026-07-11 05:15,TSLA,Stock,SELL,15,407.76
2026-07-11 05:15,META,Stock,SELL,23,669.21
2026-07-11 05:15,ADBE,Stock,SELL,15,223.64
2026-07-11 05:15,AMD,Stock,BUY,16,557.89
2026-07-11 05:15,INTC,Stock,BUY,14,109.84
2026-07-11 05:15,CSCO,Stock,BUY,18,121.31
2026-07-11 05:15,QCOM,Stock,SELL,16,189.16
2026-07-11 05:15,CRM,Stock,BUY,25,163.32
2026-07-11 05:15,AVGO,Stock,BUY,11,399.97
2026-07-11 05:15,ORCL,Stock,SELL,33,140.64
2026-07-11 05:15,IBM,Stock,BUY,5,287.56
2026-07-11 05:15,TXN,Stock,BUY,37,311.46
2026-07-11 05:15,AMGN,Stock,BUY,33,363.39
2026-07-11 05:15,HON,Stock,SELL,15,226.42
2026-07-11 05:15,PEP,Stock,SELL,14,137.38
2026-07-11 05:15,KO,Stock,BUY,30,83.49
2026-07-11 05:15,MCD,Stock,BUY,17,274.6
2026-07-11 05:15,WMT,Stock,BUY,9,113.9
2026-07-11 05:15,CAT,Stock,BUY,16,952.41
2026-07-11 05:15,JNJ,Stock,BUY,40,256.98
2026-07-11 05:15,V,Stock,BUY,30,348.97
2026-07-11 05:15,HD,Stock,SELL,16,343.3
2026-07-11 05:15,BAC,Stock,BUY,39,59.67
2026-07-11 05:15,JPM,Stock,BUY,16,336.47
2026-07-11 05:15,UNH,Stock,BUY,11,424.62
2026-07-11 05:15,CVX,Stock,BUY,16,176.4
2026-07-11 05:15,XOM,Stock,SELL,16,138.88
2026-07-11 05:15,NFLX,Stock,SELL,15,73.37
2026-07-11 05:15,LMT,Stock,BUY,17,523.22
2026-07-11 05:15,BLK,Stock,BUY,9,1036.11
2026-07-11 05:15,SPGI,Stock,HOLD,0,430.5
2026-07-11 05:15,MS,Stock,SELL,15,222.28
2026-07-11 05:15,RTX,Stock,BUY,17,195.93
2026-07-11 05:15,SPY,ETF,BUY,40,754.95
2026-07-11 05:15,VOO,ETF,BUY,40,693.86
2026-07-11 05:15,IVV,ETF,BUY,40,758.11
2026-07-11 05:15,VTI,ETF,BUY,31,372.69
2026-07-11 05:15,QQQ,ETF,BUY,16,725.51
2026-07-11 05:15,VUG,ETF,BUY,40,87.4
2026-07-11 05:15,VEA,ETF,BUY,11,70.99
2026-07-11 05:15,VTV,ETF,BUY,18,219.2
2026-07-11 05:15,IEFA,ETF,BUY,22,97.22
2026-07-11 05:15,AGG,ETF,SELL,18,98.08
2026-07-11 05:15,IEMG,ETF,BUY,14,81.32
2026-07-11 05:15,IJH,ETF,SELL,12,75.67
2026-07-11 05:15,IJR,ETF,BUY,14,145.56
2026-07-11 05:15,VIG,ETF,BUY,24,238.84
2026-07-11 05:15,VYM,ETF,BUY,26,161.06
2026-07-11 05:15,SCHD,ETF,BUY,39,32.4
2026-07-11 05:15,XLK,ETF,BUY,18,185.78
2026-07-11 05:15,VT,ETF,BUY,25,157.63
2026-07-11 05:15,ACWI,ETF,BUY,27,157.68
2026-07-11 07:43,AAPL,Stock,BUY,28,315.32
2026-07-11 07:43,MSFT,Stock,SELL,13,385.1
2026-07-11 07:43,NVDA,Stock,SELL,11,210.96
2026-07-11 07:43,AMZN,Stock,BUY,18,245.34
2026-07-11 07:43,GOOGL,Stock,BUY,26,357.18
2026-07-11 07:43,GOOG,Stock,BUY,27,355.03
2026-07-11 07:43,TSLA,Stock,SELL,15,407.76
2026-07-11 07:43,META,Stock,SELL,23,669.21
2026-07-11 07:43,ADBE,Stock,SELL,15,223.64
2026-07-11 07:43,AMD,Stock,BUY,16,557.89
2026-07-11 07:43,INTC,Stock,BUY,14,109.84
2026-07-11 07:43,CSCO,Stock,BUY,18,121.31
2026-07-11 07:43,QCOM,Stock,SELL,16,189.16
2026-07-11 07:43,CRM,Stock,BUY,25,163.32
2026-07-11 07:43,AVGO,Stock,BUY,11,399.97
2026-07-11 07:43,ORCL,Stock,SELL,33,140.64
2026-07-11 07:43,IBM,Stock,BUY,5,287.56
2026-07-11 07:43,TXN,Stock,BUY,37,311.46
2026-07-11 07:43,AMGN,Stock,BUY,33,363.39
2026-07-11 07:43,HON,Stock,SELL,15,226.42
2026-07-11 07:43,PEP,Stock,SELL,14,137.38
2026-07-11 07:43,KO,Stock,BUY,30,83.49
2026-07-11 07:43,MCD,Stock,BUY,17,274.6
2026-07-11 07:43,WMT,Stock,BUY,9,113.9
2026-07-11 07:43,CAT,Stock,BUY,16,952.41
2026-07-11 07:43,JNJ,Stock,BUY,40,256.98
2026-07-11 07:43,V,Stock,BUY,30,348.97
2026-07-11 07:43,HD,Stock,SELL,16,343.3
2026-07-11 07:43,BAC,Stock,BUY,39,59.67
2026-07-11 07:43,JPM,Stock,BUY,16,336.47
2026-07-11 07:43,UNH,Stock,BUY,11,424.62
2026-07-11 07:43,CVX,Stock,BUY,16,176.4
2026-07-11 07:43,XOM,Stock,SELL,16,138.88
2026-07-11 07:43,NFLX,Stock,SELL,15,73.37
2026-07-11 07:43,LMT,Stock,BUY,17,523.22
2026-07-11 07:43,BLK,Stock,BUY,9,1036.11
2026-07-11 07:43,SPGI,Stock,HOLD,0,430.5
2026-07-11 07:43,MS,Stock,SELL,15,222.28
2026-07-11 07:43,RTX,Stock,BUY,17,195.93
2026-07-11 07:43,SPY,ETF,BUY,40,754.95
2026-07-11 07:43,VOO,ETF,BUY,40,693.86
2026-07-11 07:43,IVV,ETF,BUY,40,758.11
2026-07-11 07:43,VTI,ETF,BUY,31,372.69
2026-07-11 07:43,QQQ,ETF,BUY,16,725.51
2026-07-11 07:43,VUG,ETF,BUY,40,87.4
2026-07-11 07:43,VEA,ETF,BUY,11,70.99
2026-07-11 07:43,VTV,ETF,BUY,18,219.2
2026-07-11 07:43,IEFA,ETF,BUY,22,97.22
2026-07-11 07:43,AGG,ETF,SELL,18,98.08
2026-07-11 07:43,IEMG,ETF,BUY,14,81.32
2026-07-11 07:43,IJH,ETF,SELL,12,75.67
2026-07-11 07:43,IJR,ETF,BUY,14,145.56
2026-07-11 07:43,VIG,ETF,BUY,24,238.84
2026-07-11 07:43,VYM,ETF,BUY,26,161.06
2026-07-11 07:43,SCHD,ETF,BUY,39,32.4
2026-07-11 07:43,XLK,ETF,BUY,18,185.78
2026-07-11 07:43,VT,ETF,BUY,25,157.63
2026-07-11 07:43,ACWI,ETF,BUY,27,157.68
2026-07-11 09:20,AAPL,Stock,BUY,28,315.32
2026-07-11 09:20,MSFT,Stock,SELL,13,385.1
2026-07-11 09:20,NVDA,Stock,SELL,11,210.96
2026-07-11 09:20,AMZN,Stock,BUY,18,245.34
2026-07-11 09:20,GOOGL,Stock,BUY,26,357.18
2026-07-11 09:20,GOOG,Stock,BUY,27,355.03
2026-07-11 09:20,TSLA,Stock,SELL,15,407.76
2026-07-11 09:20,META,Stock,SELL,23,669.21
2026-07-11 09:20,ADBE,Stock,SELL,15,223.64
2026-07-11 09:20,AMD,Stock,BUY,16,557.89
2026-07-11 09:20,INTC,Stock,BUY,14,109.84
2026-07-11 09:20,CSCO,Stock,BUY,18,121.31
2026-07-11 09:20,QCOM,Stock,SELL,16,189.16
2026-07-11 09:20,CRM,Stock,BUY,25,163.32
2026-07-11 09:20,AVGO,Stock,BUY,11,399.97
2026-07-11 09:20,ORCL,Stock,SELL,33,140.64
2026-07-11 09:20,IBM,Stock,BUY,5,287.56
2026-07-11 09:20,TXN,Stock,BUY,37,311.46
2026-07-11 09:20,AMGN,Stock,BUY,33,363.39
2026-07-11 09:20,HON,Stock,SELL,15,226.42
2026-07-11 09:20,PEP,Stock,SELL,14,137.38
2026-07-11 09:20,KO,Stock,BUY,30,83.49
2026-07-11 09:20,MCD,Stock,BUY,17,274.6
2026-07-11 09:20,WMT,Stock,BUY,9,113.9
2026-07-11 09:20,CAT,Stock,BUY,16,952.41
2026-07-11 09:20,JNJ,Stock,BUY,40,256.98
2026-07-11 09:20,V,Stock,BUY,30,348.97
2026-07-11 09:20,HD,Stock,SELL,16,343.3
2026-07-11 09:20,BAC,Stock,BUY,39,59.67
2026-07-11 09:20,JPM,Stock,BUY,16,336.47
2026-07-11 09:20,UNH,Stock,BUY,11,424.62
2026-07-11 09:20,CVX,Stock,BUY,16,176.4
2026-07-11 09:20,XOM,Stock,SELL,16,138.88
2026-07-11 09:20,NFLX,Stock,SELL,15,73.37
2026-07-11 09:20,LMT,Stock,BUY,17,523.22
2026-07-11 09:20,BLK,Stock,BUY,9,1036.11
2026-07-11 09:20,SPGI,Stock,HOLD,0,430.5
2026-07-11 09:20,MS,Stock,SELL,15,222.28
2026-07-11 09:20,RTX,Stock,BUY,17,195.93
2026-07-11 09:20,SPY,ETF,BUY,40,754.95
2026-07-11 09:20,VOO,ETF,BUY,40,693.86
2026-07-11 09:20,IVV,ETF,BUY,40,758.11
2026-07-11 09:20,VTI,ETF,BUY,31,372.69
2026-07-11 09:20,QQQ,ETF,BUY,16,725.51
2026-07-11 09:20,VUG,ETF,BUY,40,87.4
2026-07-11 09:20,VEA,ETF,BUY,11,70.99
2026-07-11 09:20,VTV,ETF,BUY,18,219.2
2026-07-11 09:20,IEFA,ETF,BUY,22,97.22
2026-07-11 09:20,AGG,ETF,SELL,18,98.08
2026-07-11 09:20,IEMG,ETF,BUY,14,81.32
2026-07-11 09:20,IJH,ETF,SELL,12,75.67
2026-07-11 09:20,IJR,ETF,BUY,14,145.56
2026-07-11 09:20,VIG,ETF,BUY,24,238.84
2026-07-11 09:20,VYM,ETF,BUY,26,161.06
2026-07-11 09:20,SCHD,ETF,BUY,39,32.4
2026-07-11 09:20,XLK,ETF,BUY,18,185.78
2026-07-11 09:20,VT,ETF,BUY,25,157.63
2026-07-11 09:20,ACWI,ETF,BUY,27,157.68
